{
  "type": "FeatureCollection",
  "metadata": {
    "source": "OpenStreetMap Contributors",
    "source_url": "https://api.openstreetmap.org/api/0.6/map?bbox=80.2525,13.0025,80.2635,13.0145",
    "region": "Chennai, Tamil Nadu (Adyar demo bbox)",
    "bbox": [
      80.2525,
      13.0025,
      80.2635,
      13.0145
    ],
    "crs": "EPSG:4326",
    "license": "ODbL 1.0",
    "feature_count": 1109
  },
  "features": [
    {
      "type": "Feature",
      "properties": {
        "osm_id": "22661174",
        "layer": "road",
        "highway": "primary",
        "name": "Durgabai Deshmukh Road",
        "name:etymology:wikidata": "Q3763917",
        "name:ta": "\u0ba4\u0bc1\u0bb0\u0bcd\u0b95\u0bbe\u0baa\u0bbe\u0baf\u0bcd \u0ba4\u0bc7\u0bb7\u0bcd\u0bae\u0bc1\u0b95\u0bcd \u0b9a\u0bbe\u0bb2\u0bc8",
        "oneway": "yes",
        "surface": "asphalt"
      },
      "geometry": {
        "type": "LineString",
        "coordinates": [
          [
            80.2589687,
            13.0082519
          ],
          [
            80.2590147,
            13.0085007
          ],
          [
            80.2590286,
            13.0086915
          ],
          [
            80.2590294,
            13.0087091
          ],
          [
            80.2590552,
            13.0092589
          ],
          [
            80.2590605,
            13.0098627
          ],
          [
            80.2590617,
            13.0099378
          ],
          [
            80.2590669,
            13.0101562
          ],
          [
            80.2590681,
            13.0106354
          ],
          [
            80.2590659,
            13.0106759
          ],
          [
            80.259047,
            13.0110141
          ],
          [
            80.2590471,
            13.0111041
          ],
          [
            80.2590537,
            13.0116503
          ]
        ]
      }
    },
    {
      "type": "Feature",
      "properties": {
        "osm_id": "23110060",
        "layer": "1",
        "alt_name": "Sardar Vallabhai Patel Flyover",
        "bridge": "yes",
        "highway": "secondary",
        "name": "Adyar Flyover",
        "name:etymology:wikidata": "Q380144",
        "name:ta": "\u0b85\u0b9f\u0bc8\u0baf\u0bbe\u0bb1\u0bc1 \u0bae\u0bc7\u0bae\u0bcd\u0baa\u0bbe\u0bb2\u0bae\u0bcd",
        "oneway": "yes",
        "surface": "asphalt"
      },
      "geometry": {
        "type": "LineString",
        "coordinates": [
          [
            80.2577905,
            13.0067676
          ],
          [
            80.2575881,
            13.0065368
          ],
          [
            80.2574863,
            13.0063171
          ],
          [
            80.257451,
            13.0061603
          ],
          [
            80.2574199,
            13.0059882
          ],
          [
            80.2572671,
            13.0052844
          ]
        ]
      }
    },
    {
      "type": "Feature",
      "properties": {
        "osm_id": "23110061",
        "layer": "road",
        "highway": "primary",
        "name": "Sardar Patel Road",
        "name:etymology:wikidata": "Q9455",
        "oneway": "yes"
      },
      "geometry": {
        "type": "LineString",
        "coordinates": [
          [
            80.2577917,
            13.0066539
          ],
          [
            80.2575961,
            13.0065905
          ],
          [
            80.2574878,
            13.0065529
          ],
          [
            80.2570954,
            13.0065069
          ],
          [
            80.2569832,
            13.0065041
          ],
          [
            80.2551868,
            13.006489
          ],
          [
            80.2551166,
            13.0065443
          ]
        ]
      }
    },
    {
      "type": "Feature",
      "properties": {
        "osm_id": "23110065",
        "layer": "1",
        "bridge": "yes",
        "highway": "primary",
        "lanes": "3",
        "name": "Thiru Vi Ka Bridge",
        "name:etymology:wikidata": "Q7785243",
        "name:ml": "\u0d24\u0d3f\u0d30\u0d41. \u0d35\u0d3f. \u0d15. \u0d2a\u0d3e\u0d32\u0d02",
        "name:ta": "\u0ba4\u0bbf\u0bb0\u0bc1.\u0bb5\u0bbf.\u0b95 \u0baa\u0bbe\u0bb2\u0bae\u0bcd",
        "oneway": "yes"
      },
      "geometry": {
        "type": "LineString",
        "coordinates": [
          [
            80.2592891,
            13.0147115
          ],
          [
            80.2591881,
            13.0116452
          ]
        ]
      }
    },
    {
      "type": "Feature",
      "properties": {
        "osm_id": "23110067",
        "layer": "road",
        "highway": "primary",
        "name": "Sardar Patel Road",
        "name:etymology:wikidata": "Q9455",
        "oneway": "yes"
      },
      "geometry": {
        "type": "LineString",
        "coordinates": [
          [
            80.2591859,
            13.0107556
          ],
          [
            80.2592319,
            13.0106722
          ],
          [
            80.2592496,
            13.0104118
          ],
          [
            80.2592507,
            13.0101893
          ],
          [
            80.2592466,
            13.0099254
          ],
          [
            80.2592391,
            13.0096341
          ],
          [
            80.2591946,
            13.0087027
          ]
        ]
      }
    },
    {
      "type": "Feature",
      "properties": {
        "osm_id": "23110068",
        "layer": "road",
        "highway": "secondary",
        "oneway": "yes"
      },
      "geometry": {
        "type": "LineString",
        "coordinates": [
          [
            80.2594277,
            13.007651
          ],
          [
            80.2596378,
            13.0074287
          ]
        ]
      }
    },
    {
      "type": "Feature",
      "properties": {
        "osm_id": "23110071",
        "layer": "1",
        "bridge": "yes",
        "highway": "primary",
        "lanes": "3",
        "name": "Thiru Vi Ka Bridge",
        "name:etymology:wikidata": "Q7785243",
        "name:ml": "\u0d24\u0d3f\u0d30\u0d41. \u0d35\u0d3f. \u0d15. \u0d2a\u0d3e\u0d32\u0d02",
        "name:ta": "\u0ba4\u0bbf\u0bb0\u0bc1.\u0bb5\u0bbf.\u0b95 \u0baa\u0bbe\u0bb2\u0bae\u0bcd",
        "oneway": "yes",
        "surface": "asphalt"
      },
      "geometry": {
        "type": "LineString",
        "coordinates": [
          [
            80.2590537,
            13.0116503
          ],
          [
            80.2591725,
            13.0147153
          ]
        ]
      }
    },
    {
      "type": "Feature",
      "properties": {
        "osm_id": "23110072",
        "layer": "road",
        "highway": "primary_link",
        "oneway": "yes",
        "surface": "asphalt"
      },
      "geometry": {
        "type": "LineString",
        "coordinates": [
          [
            80.2589687,
            13.0082519
          ],
          [
            80.2591001,
            13.0080565
          ],
          [
            80.2592592,
            13.0079965
          ]
        ]
      }
    },
    {
      "type": "Feature",
      "properties": {
        "osm_id": "23110077",
        "layer": "road",
        "highway": "residential",
        "name": "Gandhi Nagar 2nd Main Road"
      },
      "geometry": {
        "type": "LineString",
        "coordinates": [
          [
            80.2485467,
            13.0079023
          ],
          [
            80.2501189,
            13.0078344
          ],
          [
            80.2502004,
            13.0078359
          ],
          [
            80.2515048,
            13.0077818
          ],
          [
            80.2544436,
            13.0076457
          ],
          [
            80.256868,
            13.0075692
          ],
          [
            80.2570072,
            13.0075997
          ],
          [
            80.2571153,
            13.0076289
          ],
          [
            80.2572687,
            13.0077082
          ],
          [
            80.2574224,
            13.0078248
          ],
          [
            80.2576244,
            13.0080194
          ],
          [
            80.2577529,
            13.0081777
          ],
          [
            80.2577988,
            13.0082506
          ],
          [
            80.257843,
            13.008351
          ],
          [
            80.2578652,
            13.0084174
          ],
          [
            80.2578906,
            13.0084963
          ],
          [
            80.2579151,
            13.0085954
          ],
          [
            80.2579664,
            13.0088029
          ],
          [
            80.2580029,
            13.0093316
          ]
        ]
      }
    },
    {
      "type": "Feature",
      "properties": {
        "osm_id": "23110082",
        "layer": "road",
        "highway": "residential",
        "lane_markings": "no",
        "name": "2nd Cross Street",
        "surface": "asphalt",
        "width": "10"
      },
      "geometry": {
        "type": "LineString",
        "coordinates": [
          [
            80.2544176,
            13.0066002
          ],
          [
            80.2544138,
            13.0067192
          ],
          [
            80.2544166,
            13.0072129
          ],
          [
            80.2544436,
            13.0076457
          ],
          [
            80.2544743,
            13.0081382
          ],
          [
            80.2545017,
            13.0085671
          ],
          [
            80.2545417,
            13.0094942
          ]
        ]
      }
    },
    {
      "type": "Feature",
      "properties": {
        "osm_id": "23110083",
        "layer": "road",
        "highway": "residential",
        "lane_markings": "no",
        "name": "B. Ramachandra Adithanar Road",
        "name:ta": "\u0baa\u0bbe. \u0b87\u0bb0\u0bbe\u0bae\u0b9a\u0bcd\u0b9a\u0ba8\u0bcd\u0ba4\u0bbf\u0bb0 \u0b86\u0ba4\u0bbf\u0ba4\u0bcd\u0ba4\u0ba9\u0bbe\u0bb0\u0bcd \u0b9a\u0bbe\u0bb2\u0bc8",
        "surface": "asphalt"
      },
      "geometry": {
        "type": "LineString",
        "coordinates": [
          [
            80.2488098,
            13.0097576
          ],
          [
            80.2502829,
            13.009668
          ],
          [
            80.2515709,
            13.0096136
          ],
          [
            80.2526432,
            13.0095649
          ],
          [
            80.2536394,
            13.0095304
          ],
          [
            80.2545417,
            13.0094942
          ],
          [
            80.2576163,
            13.0093654
          ],
          [
            80.2580029,
            13.0093316
          ],
          [
            80.2584529,
            13.0093037
          ],
          [
            80.2587131,
            13.0092828
          ]
        ]
      }
    },
    {
      "type": "Feature",
      "properties": {
        "osm_id": "23110087",
        "layer": "road",
        "highway": "residential",
        "lane_markings": "no",
        "name": "2nd Main Road",
        "surface": "asphalt"
      },
      "geometry": {
        "type": "LineString",
        "coordinates": [
          [
            80.2536394,
            13.0095304
          ],
          [
            80.2535753,
            13.0099496
          ],
          [
            80.2534973,
            13.0102738
          ],
          [
            80.2534816,
            13.0103392
          ],
          [
            80.2533107,
            13.0106757
          ],
          [
            80.2530881,
            13.0109322
          ],
          [
            80.2528206,
            13.0111942
          ],
          [
            80.2519922,
            13.0117976
          ]
        ]
      }
    },
    {
      "type": "Feature",
      "properties": {
        "osm_id": "23110088",
        "layer": "road",
        "highway": "residential",
        "lane_markings": "no",
        "name": "3rd Main Road",
        "surface": "asphalt"
      },
      "geometry": {
        "type": "LineString",
        "coordinates": [
          [
            80.2522142,
            13.0103885
          ],
          [
            80.2524016,
            13.0102011
          ],
          [
            80.2525742,
            13.00992
          ],
          [
            80.2526432,
            13.0095649
          ]
        ]
      }
    },
    {
      "type": "Feature",
      "properties": {
        "osm_id": "23110089",
        "layer": "1",
        "abandoned": "yes",
        "access": "no",
        "bridge": "yes",
        "highway": "construction",
        "name": "Elphinstone Bridge",
        "name:etymology:wikidata": "Q6231706",
        "wikidata": "Q5367286",
        "wikipedia": "en:Elphinstone Bridge, Chennai"
      },
      "geometry": {
        "type": "LineString",
        "coordinates": [
          [
            80.2593333,
            13.0116391
          ],
          [
            80.2594438,
            13.0147871
          ]
        ]
      }
    },
    {
      "type": "Feature",
      "properties": {
        "osm_id": "23110092",
        "layer": "road",
        "highway": "primary",
        "oneway": "yes"
      },
      "geometry": {
        "type": "LineString",
        "coordinates": [
          [
            80.2591881,
            13.0116452
          ],
          [
            80.2591938,
            13.0109976
          ],
          [
            80.2591859,
            13.0107556
          ]
        ]
      }
    },
    {
      "type": "Feature",
      "properties": {
        "osm_id": "23110093",
        "layer": "road",
        "highway": "residential",
        "oneway": "yes"
      },
      "geometry": {
        "type": "LineString",
        "coordinates": [
          [
            80.2572722,
            13.0066762
          ],
          [
            80.257372,
            13.0067439
          ],
          [
            80.2574438,
            13.0068127
          ]
        ]
      }
    },
    {
      "type": "Feature",
      "properties": {
        "osm_id": "23110094",
        "layer": "road",
        "highway": "residential",
        "name": "1st Cross Street"
      },
      "geometry": {
        "type": "LineString",
        "coordinates": [
          [
            80.2574438,
            13.0068127
          ],
          [
            80.2574367,
            13.0068159
          ],
          [
            80.257433,
            13.0068223
          ],
          [
            80.2573316,
            13.0070573
          ],
          [
            80.2572559,
            13.0071437
          ],
          [
            80.257209,
            13.0072614
          ],
          [
            80.2572043,
            13.0073874
          ],
          [
            80.2571153,
            13.0076289
          ],
          [
            80.2569106,
            13.0084536
          ]
        ]
      }
    },
    {
      "type": "Feature",
      "properties": {
        "osm_id": "23110098",
        "layer": "road",
        "highway": "residential",
        "name": "Gandhi Nagar 3rd Main Road"
      },
      "geometry": {
        "type": "LineString",
        "coordinates": [
          [
            80.2578652,
            13.0084174
          ],
          [
            80.2569106,
            13.0084536
          ],
          [
            80.2559878,
            13.0084886
          ],
          [
            80.2545017,
            13.0085671
          ],
          [
            80.2522932,
            13.0086407
          ],
          [
            80.2520436,
            13.008655
          ],
          [
            80.2515361,
            13.0086779
          ],
          [
            80.2502472,
            13.0087548
          ]
        ]
      }
    },
    {
      "type": "Feature",
      "properties": {
        "osm_id": "23761523",
        "layer": "road",
        "highway": "residential",
        "name": "Kasturibai Nagar 1st Cross Street"
      },
      "geometry": {
        "type": "LineString",
        "coordinates": [
          [
            80.254619,
            13.0021591
          ],
          [
            80.2546197,
            13.0026092
          ],
          [
            80.2546272,
            13.00315
          ],
          [
            80.2546365,
            13.0037278
          ],
          [
            80.2546257,
            13.0041452
          ],
          [
            80.2546221,
            13.0042819
          ],
          [
            80.2546258,
            13.004716
          ],
          [
            80.2546508,
            13.0051274
          ],
          [
            80.2546542,
            13.0052106
          ],
          [
            80.2546607,
            13.0053724
          ],
          [
            80.2546673,
            13.0056572
          ],
          [
            80.254669,
            13.0059058
          ],
          [
            80.2546836,
            13.0061542
          ],
          [
            80.2546721,
            13.0065135
          ]
        ]
      }
    },
    {
      "type": "Feature",
      "properties": {
        "osm_id": "23761524",
        "layer": "road",
        "highway": "residential",
        "name": "Balaraman Street"
      },
      "geometry": {
        "type": "LineString",
        "coordinates": [
          [
            80.2566565,
            13.0024706
          ],
          [
            80.2556557,
            13.0025402
          ],
          [
            80.2553162,
            13.0025628
          ],
          [
            80.2546197,
            13.0026092
          ]
        ]
      }
    },
    {
      "type": "Feature",
      "properties": {
        "osm_id": "23761525",
        "layer": "road",
        "highway": "residential",
        "name": "Kasturibai Nagar 2nd Cross Street",
        "surface": "asphalt"
      },
      "geometry": {
        "type": "LineString",
        "coordinates": [
          [
            80.2528749,
            13.0065753
          ],
          [
            80.2528666,
            13.0064802
          ],
          [
            80.2529162,
            13.0060814
          ],
          [
            80.2529821,
            13.0056448
          ],
          [
            80.2530157,
            13.0053647
          ],
          [
            80.2530536,
            13.005166
          ],
          [
            80.2530765,
            13.0050737
          ],
          [
            80.2531271,
            13.0047272
          ],
          [
            80.2531896,
            13.0042884
          ],
          [
            80.2532835,
            13.0036814
          ],
          [
            80.2533593,
            13.0031289
          ],
          [
            80.2534243,
            13.0026135
          ],
          [
            80.2534797,
            13.0021938
          ],
          [
            80.2535185,
            13.0019169
          ],
          [
            80.2535263,
            13.0013081
          ],
          [
            80.2535333,
            13.0008319
          ],
          [
            80.2535361,
            13.0002953
          ]
        ]
      }
    },
    {
      "type": "Feature",
      "properties": {
        "osm_id": "27312333",
        "layer": "road",
        "highway": "residential"
      },
      "geometry": {
        "type": "LineString",
        "coordinates": [
          [
            80.2633581,
            13.0028311
          ],
          [
            80.2639522,
            13.0026971
          ]
        ]
      }
    },
    {
      "type": "Feature",
      "properties": {
        "osm_id": "27954836",
        "layer": "road",
        "highway": "residential",
        "name": "Gandhi Nagar 1st Main Road",
        "oneway": "yes"
      },
      "geometry": {
        "type": "LineString",
        "coordinates": [
          [
            80.2484212,
            13.0069825
          ],
          [
            80.2489155,
            13.0069769
          ],
          [
            80.249118,
            13.0069841
          ],
          [
            80.2514706,
            13.006868
          ],
          [
            80.2544138,
            13.0067192
          ],
          [
            80.2550186,
            13.0066941
          ],
          [
            80.2556957,
            13.0067017
          ],
          [
            80.2557202,
            13.0066974
          ],
          [
            80.2557454,
            13.0066859
          ],
          [
            80.25582,
            13.0066297
          ]
        ]
      }
    },
    {
      "type": "Feature",
      "properties": {
        "osm_id": "27954865",
        "layer": "road",
        "highway": "primary",
        "name": "Sardar Patel Road",
        "name:etymology:wikidata": "Q9455",
        "name:ta": "\u0b9a\u0bb0\u0bcd\u0ba4\u0bbe\u0bb0\u0bcd \u0baa\u0b9f\u0bc7\u0bb2\u0bcd \u0b9a\u0bbe\u0bb2\u0bc8",
        "oneway": "yes",
        "surface": "asphalt"
      },
      "geometry": {
        "type": "LineString",
        "coordinates": [
          [
            80.2551166,
            13.0065443
          ],
          [
            80.2546721,
            13.0065135
          ],
          [
            80.2543698,
            13.0064935
          ],
          [
            80.2528666,
            13.0064802
          ],
          [
            80.2526029,
            13.0064867
          ],
          [
            80.2524823,
            13.0064943
          ],
          [
            80.2522127,
            13.006541
          ],
          [
            80.2519459,
            13.0066119
          ],
          [
            80.2516521,
            13.0066774
          ],
          [
            80.2513622,
            13.0067275
          ],
          [
            80.2505079,
            13.0067707
          ],
          [
            80.2490482,
            13.0067124
          ],
          [
            80.2484282,
            13.0066773
          ],
          [
            80.2484049,
            13.0066761
          ],
          [
            80.2481252,
            13.006659
          ],
          [
            80.2480458,
            13.0066601
          ]
        ]
      }
    },
    {
      "type": "Feature",
      "properties": {
        "osm_id": "27954881",
        "layer": "road",
        "highway": "secondary",
        "oneway": "yes"
      },
      "geometry": {
        "type": "LineString",
        "coordinates": [
          [
            80.2595638,
            13.0073368
          ],
          [
            80.2594785,
            13.0073404
          ]
        ]
      }
    },
    {
      "type": "Feature",
      "properties": {
        "osm_id": "27954897",
        "layer": "1",
        "alt_name": "Sardar Vallabhai Patel Flyover",
        "bridge": "yes",
        "highway": "primary",
        "name": "Adyar Flyover",
        "name:etymology:wikidata": "Q380144",
        "name:ta": "\u0b85\u0b9f\u0bc8\u0baf\u0bbe\u0bb1\u0bc1 \u0bae\u0bc7\u0bae\u0bcd\u0baa\u0bbe\u0bb2\u0bae\u0bcd"
      },
      "geometry": {
        "type": "LineString",
        "coordinates": [
          [
            80.2591779,
            13.0105588
          ],
          [
            80.2591357,
            13.0091074
          ],
          [
            80.2591073,
            13.0085578
          ],
          [
            80.2590421,
            13.008227
          ],
          [
            80.2589218,
            13.0079162
          ],
          [
            80.2587865,
            13.0076406
          ],
          [
            80.2585998,
            13.0073725
          ],
          [
            80.258388,
            13.0071466
          ],
          [
            80.258146,
            13.006958
          ],
          [
            80.2579527,
            13.0068432
          ],
          [
            80.2577905,
            13.0067676
          ]
        ]
      }
    },
    {
      "type": "Feature",
      "properties": {
        "osm_id": "28278656",
        "layer": "road",
        "highway": "secondary",
        "name": "Dr Muthulakshmi Salai",
        "name:en": "Lattice Bridge Road",
        "name:etymology:wikidata": "Q4794148",
        "name:ta": "\u0bae\u0bb0\u0bc1\u0ba4\u0bcd\u0ba4\u0bc1\u0bb5\u0bb0\u0bcd \u0bae\u0bc1\u0ba4\u0bcd\u0ba4\u0bc1\u0bb2\u0b9f\u0bcd\u0b9a\u0bc1\u0bae\u0bbf \u0b9a\u0bbe\u0bb2\u0bc8",
        "oneway": "yes",
        "surface": "asphalt"
      },
      "geometry": {
        "type": "LineString",
        "coordinates": [
          [
            80.256511,
            13.0015818
          ],
          [
            80.2566346,
            13.0023367
          ],
          [
            80.2566565,
            13.0024706
          ],
          [
            80.2567184,
            13.0028165
          ],
          [
            80.2568685,
            13.0035945
          ],
          [
            80.2568846,
            13.0036818
          ],
          [
            80.2569559,
            13.0040697
          ],
          [
            80.256966,
            13.0041273
          ],
          [
            80.2569944,
            13.0042901
          ],
          [
            80.2570073,
            13.0043535
          ],
          [
            80.2570973,
            13.004797
          ],
          [
            80.2572371,
            13.0054211
          ],
          [
            80.2573594,
            13.0060239
          ],
          [
            80.2574434,
            13.0063809
          ],
          [
            80.2574518,
            13.0064135
          ],
          [
            80.2574878,
            13.0065529
          ],
          [
            80.2574993,
            13.0067416
          ]
        ]
      }
    },
    {
      "type": "Feature",
      "properties": {
        "osm_id": "28278657",
        "layer": "road",
        "highway": "secondary",
        "lanes": "2",
        "name": "Dr Muthulakshmi Salai",
        "name:etymology:wikidata": "Q4794148",
        "name:ta": "\u0bae\u0bb0\u0bc1\u0ba4\u0bcd\u0ba4\u0bc1\u0bb5\u0bb0\u0bcd \u0bae\u0bc1\u0ba4\u0bcd\u0ba4\u0bc1\u0bb2\u0b9f\u0bcd\u0b9a\u0bc1\u0bae\u0bbf \u0b9a\u0bbe\u0bb2\u0bc8",
        "oneway": "yes",
        "surface": "asphalt"
      },
      "geometry": {
        "type": "LineString",
        "coordinates": [
          [
            80.2570466,
            13.0042221
          ],
          [
            80.2570136,
            13.0040141
          ],
          [
            80.2569592,
            13.0036708
          ],
          [
            80.2567813,
            13.0027421
          ],
          [
            80.2565871,
            13.001551
          ]
        ]
      }
    },
    {
      "type": "Feature",
      "properties": {
        "osm_id": "28281726",
        "layer": "road",
        "highway": "residential",
        "name": "Karpagam Garden 1st Main Road"
      },
      "geometry": {
        "type": "LineString",
        "coordinates": [
          [
            80.2629871,
            13.0078034
          ],
          [
            80.2629282,
            13.0074152
          ],
          [
            80.2628317,
            13.0069552
          ],
          [
            80.2627336,
            13.0064957
          ],
          [
            80.2626149,
            13.006
          ],
          [
            80.2625267,
            13.0055844
          ],
          [
            80.2624261,
            13.005146
          ]
        ]
      }
    },
    {
      "type": "Feature",
      "properties": {
        "osm_id": "28405712",
        "layer": "road",
        "highway": "residential",
        "name": "Krishnamachari Avenue"
      },
      "geometry": {
        "type": "LineString",
        "coordinates": [
          [
            80.2573594,
            13.0060239
          ],
          [
            80.2552196,
            13.0060449
          ]
        ]
      }
    },
    {
      "type": "Feature",
      "properties": {
        "osm_id": "28405715",
        "layer": "road",
        "highway": "residential",
        "name": "Srinivasamurthy Avenue"
      },
      "geometry": {
        "type": "LineString",
        "coordinates": [
          [
            80.2572371,
            13.0054211
          ],
          [
            80.2551388,
            13.0054389
          ]
        ]
      }
    },
    {
      "type": "Feature",
      "properties": {
        "osm_id": "28405723",
        "layer": "road",
        "highway": "residential",
        "name": "Tiruvengadam Street"
      },
      "geometry": {
        "type": "LineString",
        "coordinates": [
          [
            80.2559307,
            13.0047566
          ],
          [
            80.2554185,
            13.0047283
          ],
          [
            80.2546258,
            13.004716
          ]
        ]
      }
    },
    {
      "type": "Feature",
      "properties": {
        "osm_id": "28405725",
        "layer": "road",
        "highway": "residential",
        "name": "Anna Avenue",
        "name:etymology:wikidata": "Q138765"
      },
      "geometry": {
        "type": "LineString",
        "coordinates": [
          [
            80.2546365,
            13.0037278
          ],
          [
            80.2551285,
            13.003696
          ],
          [
            80.2559255,
            13.0036337
          ]
        ]
      }
    },
    {
      "type": "Feature",
      "properties": {
        "osm_id": "28405726",
        "layer": "road",
        "highway": "residential",
        "name": "2nd Street"
      },
      "geometry": {
        "type": "LineString",
        "coordinates": [
          [
            80.2517451,
            13.0036601
          ],
          [
            80.2532835,
            13.0036814
          ],
          [
            80.2546365,
            13.0037278
          ]
        ]
      }
    },
    {
      "type": "Feature",
      "properties": {
        "osm_id": "28405727",
        "layer": "road",
        "highway": "residential",
        "lane_markings": "no",
        "name": "1st Street",
        "surface": "asphalt"
      },
      "geometry": {
        "type": "LineString",
        "coordinates": [
          [
            80.2516718,
            13.0042544
          ],
          [
            80.2531896,
            13.0042884
          ],
          [
            80.2546221,
            13.0042819
          ]
        ]
      }
    },
    {
      "type": "Feature",
      "properties": {
        "osm_id": "28405728",
        "layer": "road",
        "highway": "residential",
        "lane_markings": "no",
        "name": "3rd Main Road",
        "surface": "asphalt"
      },
      "geometry": {
        "type": "LineString",
        "coordinates": [
          [
            80.2502993,
            13.0050152
          ],
          [
            80.2504104,
            13.0050161
          ],
          [
            80.2512475,
            13.0050226
          ],
          [
            80.2516663,
            13.0050258
          ],
          [
            80.2519334,
            13.0050302
          ],
          [
            80.252088,
            13.005036
          ],
          [
            80.2530765,
            13.0050737
          ]
        ]
      }
    },
    {
      "type": "Feature",
      "properties": {
        "osm_id": "28405729",
        "layer": "road",
        "highway": "residential",
        "name": "3rd Main Road"
      },
      "geometry": {
        "type": "LineString",
        "coordinates": [
          [
            80.2530536,
            13.005166
          ],
          [
            80.2546542,
            13.0052106
          ]
        ]
      }
    },
    {
      "type": "Feature",
      "properties": {
        "osm_id": "28405730",
        "layer": "road",
        "highway": "residential",
        "name": "2nd Main Road"
      },
      "geometry": {
        "type": "LineString",
        "coordinates": [
          [
            80.2529821,
            13.0056448
          ],
          [
            80.2546673,
            13.0056572
          ]
        ]
      }
    },
    {
      "type": "Feature",
      "properties": {
        "osm_id": "28405731",
        "layer": "road",
        "highway": "residential"
      },
      "geometry": {
        "type": "LineString",
        "coordinates": [
          [
            80.2530157,
            13.0053647
          ],
          [
            80.2527375,
            13.0053436
          ],
          [
            80.252351,
            13.0053587
          ],
          [
            80.2523128,
            13.0053861
          ],
          [
            80.2522986,
            13.0054161
          ]
        ]
      }
    },
    {
      "type": "Feature",
      "properties": {
        "osm_id": "28405732",
        "layer": "road",
        "highway": "residential",
        "name": "Govindarajapuram 1st Street"
      },
      "geometry": {
        "type": "LineString",
        "coordinates": [
          [
            80.2526029,
            13.0064867
          ],
          [
            80.2527375,
            13.0053436
          ]
        ]
      }
    },
    {
      "type": "Feature",
      "properties": {
        "osm_id": "28405734",
        "layer": "road",
        "highway": "residential",
        "name": "3rd Street"
      },
      "geometry": {
        "type": "LineString",
        "coordinates": [
          [
            80.2546272,
            13.00315
          ],
          [
            80.2533593,
            13.0031289
          ],
          [
            80.251826,
            13.0031539
          ]
        ]
      }
    },
    {
      "type": "Feature",
      "properties": {
        "osm_id": "28405749",
        "layer": "building",
        "building": "yes"
      },
      "geometry": {
        "type": "Polygon",
        "coordinates": [
          [
            [
              80.2561419,
              13.0038301
            ],
            [
              80.2564827,
              13.0038328
            ],
            [
              80.2564807,
              13.0040801
            ],
            [
              80.2561399,
              13.0040774
            ],
            [
              80.2561419,
              13.0038301
            ]
          ]
        ]
      }
    },
    {
      "type": "Feature",
      "properties": {
        "osm_id": "28405750",
        "layer": "road",
        "highway": "residential",
        "name": "4th Street"
      },
      "geometry": {
        "type": "LineString",
        "coordinates": [
          [
            80.2546197,
            13.0026092
          ],
          [
            80.2534243,
            13.0026135
          ],
          [
            80.2519261,
            13.0026108
          ]
        ]
      }
    },
    {
      "type": "Feature",
      "properties": {
        "osm_id": "28563197",
        "layer": "road",
        "highway": "residential",
        "name": "Ponni amman koil street"
      },
      "geometry": {
        "type": "LineString",
        "coordinates": [
          [
            80.2641934,
            13.008109
          ],
          [
            80.2641915,
            13.0086542
          ],
          [
            80.2641888,
            13.008683
          ],
          [
            80.2641763,
            13.0087098
          ],
          [
            80.2635993,
            13.0089976
          ],
          [
            80.263461,
            13.009075
          ],
          [
            80.2630101,
            13.0093318
          ]
        ]
      }
    },
    {
      "type": "Feature",
      "properties": {
        "osm_id": "28563198",
        "layer": "road",
        "highway": "residential",
        "name": "Vasantha Press Road (North)"
      },
      "geometry": {
        "type": "LineString",
        "coordinates": [
          [
            80.2630101,
            13.0093318
          ],
          [
            80.2630234,
            13.0093572
          ],
          [
            80.2630274,
            13.0093834
          ],
          [
            80.2630092,
            13.0095514
          ],
          [
            80.2629322,
            13.0101733
          ],
          [
            80.2629261,
            13.0101881
          ],
          [
            80.2629168,
            13.0101973
          ],
          [
            80.2629013,
            13.0101994
          ],
          [
            80.2628805,
            13.0101987
          ],
          [
            80.2626308,
            13.0101966
          ],
          [
            80.2604678,
            13.0101809
          ]
        ]
      }
    },
    {
      "type": "Feature",
      "properties": {
        "osm_id": "28563199",
        "layer": "road",
        "highway": "residential",
        "name": "Arunachalapuram Main Road"
      },
      "geometry": {
        "type": "LineString",
        "coordinates": [
          [
            80.2591946,
            13.0087027
          ],
          [
            80.2594768,
            13.0086377
          ],
          [
            80.2599826,
            13.0085167
          ],
          [
            80.2604923,
            13.0084694
          ],
          [
            80.2608952,
            13.0084464
          ],
          [
            80.2614073,
            13.0085321
          ],
          [
            80.2614216,
            13.0085361
          ],
          [
            80.2614314,
            13.0085433
          ],
          [
            80.2614355,
            13.0085549
          ],
          [
            80.2614355,
            13.008568
          ],
          [
            80.2614169,
            13.0093509
          ]
        ]
      }
    },
    {
      "type": "Feature",
      "properties": {
        "osm_id": "28563200",
        "layer": "road",
        "highway": "residential"
      },
      "geometry": {
        "type": "LineString",
        "coordinates": [
          [
            80.2604923,
            13.0084694
          ],
          [
            80.2604673,
            13.0093967
          ],
          [
            80.2604678,
            13.0101809
          ]
        ]
      }
    },
    {
      "type": "Feature",
      "properties": {
        "osm_id": "28563215",
        "layer": "road",
        "highway": "secondary",
        "name": "Besant Avenue Road",
        "name:etymology:wikidata": "Q464318",
        "name:ta": "\u0baa\u0bc6\u0b9a\u0ba9\u0bcd\u0b9f\u0bcd \u0ba8\u0bbf\u0bb4\u0bb1\u0bcd\u0b9a\u0bbe\u0bb2\u0bc8",
        "surface": "asphalt"
      },
      "geometry": {
        "type": "LineString",
        "coordinates": [
          [
            80.2597313,
            13.0073297
          ],
          [
            80.2598595,
            13.0072687
          ]
        ]
      }
    },
    {
      "type": "Feature",
      "properties": {
        "osm_id": "28563217",
        "layer": "road",
        "highway": "residential",
        "name": "1st Street",
        "oneway": "yes"
      },
      "geometry": {
        "type": "LineString",
        "coordinates": [
          [
            80.2575913,
            13.0063909
          ],
          [
            80.2579822,
            13.0061356
          ],
          [
            80.2579897,
            13.0061277
          ],
          [
            80.2579956,
            13.0061075
          ],
          [
            80.2578688,
            13.0055321
          ],
          [
            80.2578045,
            13.0052212
          ]
        ]
      }
    },
    {
      "type": "Feature",
      "properties": {
        "osm_id": "28563218",
        "layer": "road",
        "highway": "residential",
        "name": "2nd Street"
      },
      "geometry": {
        "type": "LineString",
        "coordinates": [
          [
            80.2578045,
            13.0052212
          ],
          [
            80.2588931,
            13.0051878
          ],
          [
            80.2589567,
            13.0051882
          ]
        ]
      }
    },
    {
      "type": "Feature",
      "properties": {
        "osm_id": "28563220",
        "layer": "road",
        "highway": "residential",
        "name": "4th Street"
      },
      "geometry": {
        "type": "LineString",
        "coordinates": [
          [
            80.2588266,
            13.0042262
          ],
          [
            80.2590824,
            13.0042151
          ],
          [
            80.25917,
            13.0042113
          ],
          [
            80.2593326,
            13.0042042
          ],
          [
            80.2594767,
            13.004198
          ],
          [
            80.2596351,
            13.0041911
          ],
          [
            80.2599921,
            13.0041757
          ],
          [
            80.2606583,
            13.0041555
          ]
        ]
      }
    },
    {
      "type": "Feature",
      "properties": {
        "osm_id": "28563221",
        "layer": "road",
        "created_by": "Potlatch 0.10f",
        "highway": "residential"
      },
      "geometry": {
        "type": "LineString",
        "coordinates": [
          [
            80.2599921,
            13.0041757
          ],
          [
            80.2599942,
            13.0036652
          ]
        ]
      }
    },
    {
      "type": "Feature",
      "properties": {
        "osm_id": "28563223",
        "layer": "road",
        "highway": "service"
      },
      "geometry": {
        "type": "LineString",
        "coordinates": [
          [
            80.2598595,
            13.0072687
          ],
          [
            80.2598569,
            13.0071499
          ],
          [
            80.2598622,
            13.0058414
          ]
        ]
      }
    },
    {
      "type": "Feature",
      "properties": {
        "osm_id": "28563225",
        "layer": "road",
        "highway": "service"
      },
      "geometry": {
        "type": "LineString",
        "coordinates": [
          [
            80.2594814,
            13.0064577
          ],
          [
            80.2594836,
            13.0071599
          ],
          [
            80.259483,
            13.0072408
          ],
          [
            80.2594785,
            13.0073404
          ]
        ]
      }
    },
    {
      "type": "Feature",
      "properties": {
        "osm_id": "28563227",
        "layer": "road",
        "highway": "residential",
        "name": "1st Street"
      },
      "geometry": {
        "type": "LineString",
        "coordinates": [
          [
            80.2574074,
            13.0026623
          ],
          [
            80.2574457,
            13.0031792
          ],
          [
            80.2574518,
            13.0032105
          ],
          [
            80.2574662,
            13.0032256
          ]
        ]
      }
    },
    {
      "type": "Feature",
      "properties": {
        "osm_id": "28563228",
        "layer": "road",
        "highway": "residential"
      },
      "geometry": {
        "type": "LineString",
        "coordinates": [
          [
            80.2594356,
            13.0031936
          ],
          [
            80.2594291,
            13.0028792
          ],
          [
            80.2594289,
            13.0025916
          ]
        ]
      }
    },
    {
      "type": "Feature",
      "properties": {
        "osm_id": "28563230",
        "layer": "road",
        "highway": "living_street",
        "name": "Ext 1"
      },
      "geometry": {
        "type": "LineString",
        "coordinates": [
          [
            80.2594291,
            13.0028792
          ],
          [
            80.2598953,
            13.0028767
          ]
        ]
      }
    },
    {
      "type": "Feature",
      "properties": {
        "osm_id": "28563231",
        "layer": "road",
        "highway": "residential"
      },
      "geometry": {
        "type": "LineString",
        "coordinates": [
          [
            80.2589066,
            13.0018568
          ],
          [
            80.2589152,
            13.0018728
          ],
          [
            80.2589176,
            13.0018901
          ],
          [
            80.2589125,
            13.002603
          ]
        ]
      }
    },
    {
      "type": "Feature",
      "properties": {
        "osm_id": "28563233",
        "layer": "road",
        "highway": "residential"
      },
      "geometry": {
        "type": "LineString",
        "coordinates": [
          [
            80.2572576,
            13.0026772
          ],
          [
            80.2571465,
            13.0016794
          ]
        ]
      }
    },
    {
      "type": "Feature",
      "properties": {
        "osm_id": "28563234",
        "layer": "road",
        "highway": "residential",
        "name": "4th Street"
      },
      "geometry": {
        "type": "LineString",
        "coordinates": [
          [
            80.2576992,
            13.0026337
          ],
          [
            80.2575758,
            13.0017231
          ]
        ]
      }
    },
    {
      "type": "Feature",
      "properties": {
        "osm_id": "28563235",
        "layer": "road",
        "highway": "living_street",
        "name": "Ext 3"
      },
      "geometry": {
        "type": "LineString",
        "coordinates": [
          [
            80.259478,
            13.0031935
          ],
          [
            80.2594775,
            13.0034679
          ],
          [
            80.2594785,
            13.0034859
          ],
          [
            80.2594878,
            13.0035012
          ],
          [
            80.259507,
            13.0035078
          ],
          [
            80.2595231,
            13.0035072
          ],
          [
            80.2598279,
            13.0035027
          ]
        ]
      }
    },
    {
      "type": "Feature",
      "properties": {
        "osm_id": "28563238",
        "layer": "road",
        "highway": "residential",
        "name": "Parameswari Nagar 2nd Street"
      },
      "geometry": {
        "type": "LineString",
        "coordinates": [
          [
            80.2567813,
            13.0027421
          ],
          [
            80.2572576,
            13.0026772
          ],
          [
            80.2574074,
            13.0026623
          ],
          [
            80.2576992,
            13.0026337
          ],
          [
            80.2589125,
            13.002603
          ],
          [
            80.2594289,
            13.0025916
          ],
          [
            80.2598637,
            13.0025833
          ],
          [
            80.2598892,
            13.0025781
          ],
          [
            80.2599108,
            13.0025667
          ],
          [
            80.259916,
            13.0025461
          ],
          [
            80.259918,
            13.0025154
          ],
          [
            80.2599189,
            13.0023878
          ]
        ]
      }
    },
    {
      "type": "Feature",
      "properties": {
        "osm_id": "28563240",
        "layer": "road",
        "highway": "residential",
        "name": "2nd Link Street"
      },
      "geometry": {
        "type": "LineString",
        "coordinates": [
          [
            80.2638178,
            13.0076341
          ],
          [
            80.2629282,
            13.0074152
          ]
        ]
      }
    },
    {
      "type": "Feature",
      "properties": {
        "osm_id": "28563241",
        "layer": "road",
        "highway": "residential",
        "name": "2nd Main Road"
      },
      "geometry": {
        "type": "LineString",
        "coordinates": [
          [
            80.2613306,
            13.0072761
          ],
          [
            80.2613345,
            13.0069397
          ],
          [
            80.2613448,
            13.0064853
          ],
          [
            80.2613389,
            13.0060422
          ],
          [
            80.261346,
            13.0060222
          ],
          [
            80.2613611,
            13.0060078
          ]
        ]
      }
    },
    {
      "type": "Feature",
      "properties": {
        "osm_id": "28563242",
        "layer": "road",
        "highway": "residential",
        "name": "2nd Cross Street"
      },
      "geometry": {
        "type": "LineString",
        "coordinates": [
          [
            80.2613448,
            13.0064853
          ],
          [
            80.2627336,
            13.0064957
          ]
        ]
      }
    },
    {
      "type": "Feature",
      "properties": {
        "osm_id": "28563243",
        "layer": "road",
        "highway": "residential",
        "name": "1st Cross Street"
      },
      "geometry": {
        "type": "LineString",
        "coordinates": [
          [
            80.2613345,
            13.0069397
          ],
          [
            80.2628317,
            13.0069552
          ]
        ]
      }
    },
    {
      "type": "Feature",
      "properties": {
        "osm_id": "28563244",
        "layer": "road",
        "highway": "residential",
        "name": "4th Cross Street"
      },
      "geometry": {
        "type": "LineString",
        "coordinates": [
          [
            80.2625267,
            13.0055844
          ],
          [
            80.2613188,
            13.0055744
          ],
          [
            80.2612984,
            13.0055749
          ],
          [
            80.2612808,
            13.0055678
          ]
        ]
      }
    },
    {
      "type": "Feature",
      "properties": {
        "osm_id": "28563245",
        "layer": "road",
        "highway": "residential",
        "name": "5th Cross Street"
      },
      "geometry": {
        "type": "LineString",
        "coordinates": [
          [
            80.2624261,
            13.005146
          ],
          [
            80.2613041,
            13.0051294
          ],
          [
            80.2612907,
            13.0051281
          ],
          [
            80.2612788,
            13.0051318
          ]
        ]
      }
    },
    {
      "type": "Feature",
      "properties": {
        "osm_id": "28563246",
        "layer": "road",
        "highway": "residential"
      },
      "geometry": {
        "type": "LineString",
        "coordinates": [
          [
            80.2603852,
            13.004446
          ],
          [
            80.2606758,
            13.0044551
          ],
          [
            80.2610211,
            13.0044563
          ]
        ]
      }
    },
    {
      "type": "Feature",
      "properties": {
        "osm_id": "28563247",
        "layer": "road",
        "highway": "residential"
      },
      "geometry": {
        "type": "LineString",
        "coordinates": [
          [
            80.2606602,
            13.0051234
          ],
          [
            80.2606935,
            13.0051243
          ],
          [
            80.2609576,
            13.0051316
          ]
        ]
      }
    },
    {
      "type": "Feature",
      "properties": {
        "osm_id": "28563249",
        "layer": "road",
        "highway": "residential",
        "name": "6th Cross Street"
      },
      "geometry": {
        "type": "LineString",
        "coordinates": [
          [
            80.2623224,
            13.0047336
          ],
          [
            80.2612907,
            13.0047132
          ],
          [
            80.2612726,
            13.0047106
          ],
          [
            80.2612621,
            13.0046993
          ]
        ]
      }
    },
    {
      "type": "Feature",
      "properties": {
        "osm_id": "28563250",
        "layer": "road",
        "highway": "residential",
        "name": "2nd Street",
        "surface": "asphalt"
      },
      "geometry": {
        "type": "LineString",
        "coordinates": [
          [
            80.2616928,
            13.0039618
          ],
          [
            80.2615763,
            13.0031047
          ],
          [
            80.2615767,
            13.003082
          ],
          [
            80.2615803,
            13.0030655
          ],
          [
            80.2616005,
            13.0030563
          ],
          [
            80.2621829,
            13.0030587
          ]
        ]
      }
    },
    {
      "type": "Feature",
      "properties": {
        "osm_id": "28563251",
        "layer": "road",
        "highway": "residential",
        "name": "4th Street venkateshwara nagar",
        "surface": "asphalt"
      },
      "geometry": {
        "type": "LineString",
        "coordinates": [
          [
            80.2621728,
            13.0036373
          ],
          [
            80.2629164,
            13.0036206
          ]
        ]
      }
    },
    {
      "type": "Feature",
      "properties": {
        "osm_id": "28563252",
        "layer": "road",
        "highway": "residential",
        "name": "3rd Street"
      },
      "geometry": {
        "type": "LineString",
        "coordinates": [
          [
            80.2589567,
            13.0051882
          ],
          [
            80.2588798,
            13.0047403
          ],
          [
            80.2588266,
            13.0042262
          ],
          [
            80.2588002,
            13.0041697
          ],
          [
            80.2587785,
            13.0038384
          ]
        ]
      }
    },
    {
      "type": "Feature",
      "properties": {
        "osm_id": "28563253",
        "layer": "road",
        "highway": "residential",
        "name": "3rd Cross Street"
      },
      "geometry": {
        "type": "LineString",
        "coordinates": [
          [
            80.2613611,
            13.0060078
          ],
          [
            80.2613815,
            13.0059997
          ],
          [
            80.261406,
            13.005999
          ],
          [
            80.2626149,
            13.006
          ]
        ]
      }
    },
    {
      "type": "Feature",
      "properties": {
        "osm_id": "28563254",
        "layer": "road",
        "highway": "residential",
        "name": "1st Main Road",
        "surface": "asphalt"
      },
      "geometry": {
        "type": "LineString",
        "coordinates": [
          [
            80.2624261,
            13.005146
          ],
          [
            80.2623224,
            13.0047336
          ],
          [
            80.2622132,
            13.0043383
          ]
        ]
      }
    },
    {
      "type": "Feature",
      "properties": {
        "osm_id": "30347100",
        "layer": "road",
        "highway": "residential",
        "lane_markings": "no",
        "name": "Crescent Avenue",
        "surface": "asphalt"
      },
      "geometry": {
        "type": "LineString",
        "coordinates": [
          [
            80.2515709,
            13.0096136
          ],
          [
            80.2515824,
            13.0096512
          ],
          [
            80.2516012,
            13.0096774
          ],
          [
            80.2522142,
            13.0103885
          ],
          [
            80.2528206,
            13.0111942
          ],
          [
            80.2534076,
            13.0119081
          ]
        ]
      }
    },
    {
      "type": "Feature",
      "properties": {
        "osm_id": "30347102",
        "layer": "road",
        "highway": "residential",
        "lane_markings": "no",
        "name": "Crescent Park 1st Main Road",
        "surface": "asphalt",
        "width": "8"
      },
      "geometry": {
        "type": "LineString",
        "coordinates": [
          [
            80.2545417,
            13.0094942
          ],
          [
            80.2545476,
            13.0101944
          ],
          [
            80.2543814,
            13.0106869
          ],
          [
            80.2541776,
            13.0110767
          ],
          [
            80.2541274,
            13.0111484
          ],
          [
            80.253913,
            13.0114546
          ],
          [
            80.2534076,
            13.0119081
          ],
          [
            80.2527709,
            13.0124115
          ],
          [
            80.252595,
            13.0125505
          ]
        ]
      }
    },
    {
      "type": "Feature",
      "properties": {
        "osm_id": "30348392",
        "layer": "road",
        "highway": "residential",
        "name": "PS Road"
      },
      "geometry": {
        "type": "LineString",
        "coordinates": [
          [
            80.2580029,
            13.0093316
          ],
          [
            80.2580172,
            13.0098828
          ],
          [
            80.2580385,
            13.0099152
          ],
          [
            80.2580868,
            13.0099439
          ],
          [
            80.2581753,
            13.0099505
          ],
          [
            80.258245,
            13.0099557
          ]
        ]
      }
    },
    {
      "type": "Feature",
      "properties": {
        "osm_id": "30348394",
        "layer": "road",
        "highway": "living_street"
      },
      "geometry": {
        "type": "LineString",
        "coordinates": [
          [
            80.2571924,
            13.010502
          ],
          [
            80.2575628,
            13.0104712
          ],
          [
            80.2576308,
            13.0105411
          ],
          [
            80.2576341,
            13.0105973
          ],
          [
            80.25764,
            13.0106085
          ],
          [
            80.2576529,
            13.0106143
          ],
          [
            80.2579512,
            13.0106588
          ],
          [
            80.2585322,
            13.0107856
          ],
          [
            80.2587219,
            13.01086
          ],
          [
            80.2589416,
            13.0109202
          ]
        ]
      }
    },
    {
      "type": "Feature",
      "properties": {
        "osm_id": "30393162",
        "layer": "road",
        "highway": "residential",
        "name": "Kanniammal Lane"
      },
      "geometry": {
        "type": "LineString",
        "coordinates": [
          [
            80.2559307,
            13.0047566
          ],
          [
            80.2559241,
            13.004237
          ]
        ]
      }
    },
    {
      "type": "Feature",
      "properties": {
        "osm_id": "30394429",
        "layer": "road",
        "highway": "residential",
        "name": "Lane Chetty Garden"
      },
      "geometry": {
        "type": "LineString",
        "coordinates": [
          [
            80.2567184,
            13.0028165
          ],
          [
            80.255767,
            13.0029463
          ]
        ]
      }
    },
    {
      "type": "Feature",
      "properties": {
        "osm_id": "30402608",
        "layer": "road",
        "highway": "residential"
      },
      "geometry": {
        "type": "LineString",
        "coordinates": [
          [
            80.2603644,
            13.0054443
          ],
          [
            80.2606621,
            13.0054456
          ],
          [
            80.2609346,
            13.0054414
          ]
        ]
      }
    },
    {
      "type": "Feature",
      "properties": {
        "osm_id": "30402611",
        "layer": "road",
        "highway": "residential"
      },
      "geometry": {
        "type": "LineString",
        "coordinates": [
          [
            80.2604081,
            13.005821
          ],
          [
            80.2606511,
            13.0058249
          ],
          [
            80.2609265,
            13.0058249
          ]
        ]
      }
    },
    {
      "type": "Feature",
      "properties": {
        "osm_id": "30402614",
        "layer": "road",
        "highway": "residential"
      },
      "geometry": {
        "type": "LineString",
        "coordinates": [
          [
            80.2603811,
            13.0047596
          ],
          [
            80.2606632,
            13.0047552
          ],
          [
            80.2609408,
            13.0047552
          ]
        ]
      }
    },
    {
      "type": "Feature",
      "properties": {
        "osm_id": "30402616",
        "layer": "road",
        "highway": "residential"
      },
      "geometry": {
        "type": "LineString",
        "coordinates": [
          [
            80.25917,
            13.0042113
          ],
          [
            80.2591786,
            13.0046355
          ]
        ]
      }
    },
    {
      "type": "Feature",
      "properties": {
        "osm_id": "30402619",
        "layer": "road",
        "highway": "residential"
      },
      "geometry": {
        "type": "LineString",
        "coordinates": [
          [
            80.2594863,
            13.0045789
          ],
          [
            80.2594767,
            13.004198
          ]
        ]
      }
    },
    {
      "type": "Feature",
      "properties": {
        "osm_id": "30402622",
        "layer": "road",
        "highway": "residential"
      },
      "geometry": {
        "type": "LineString",
        "coordinates": [
          [
            80.2590824,
            13.0042151
          ],
          [
            80.2590786,
            13.003814
          ]
        ]
      }
    },
    {
      "type": "Feature",
      "properties": {
        "osm_id": "30402625",
        "layer": "road",
        "highway": "residential"
      },
      "geometry": {
        "type": "LineString",
        "coordinates": [
          [
            80.2593326,
            13.0042042
          ],
          [
            80.2593271,
            13.0037948
          ]
        ]
      }
    },
    {
      "type": "Feature",
      "properties": {
        "osm_id": "30402628",
        "layer": "road",
        "highway": "residential"
      },
      "geometry": {
        "type": "LineString",
        "coordinates": [
          [
            80.2578688,
            13.0055321
          ],
          [
            80.2582537,
            13.0055116
          ]
        ]
      }
    },
    {
      "type": "Feature",
      "properties": {
        "osm_id": "30402630",
        "layer": "road",
        "access": "private",
        "highway": "service"
      },
      "geometry": {
        "type": "LineString",
        "coordinates": [
          [
            80.2603371,
            13.0061071
          ],
          [
            80.260593,
            13.00611
          ],
          [
            80.2606439,
            13.0061106
          ]
        ]
      }
    },
    {
      "type": "Feature",
      "properties": {
        "osm_id": "30402633",
        "layer": "road",
        "highway": "residential"
      },
      "geometry": {
        "type": "LineString",
        "coordinates": [
          [
            80.2603901,
            13.0064455
          ],
          [
            80.2606427,
            13.0064485
          ],
          [
            80.2609469,
            13.0064526
          ]
        ]
      }
    },
    {
      "type": "Feature",
      "properties": {
        "osm_id": "30402635",
        "layer": "road",
        "highway": "residential"
      },
      "geometry": {
        "type": "LineString",
        "coordinates": [
          [
            80.2609404,
            13.006789
          ],
          [
            80.2606358,
            13.006789
          ],
          [
            80.2604084,
            13.006789
          ]
        ]
      }
    },
    {
      "type": "Feature",
      "properties": {
        "osm_id": "30402638",
        "layer": "road",
        "highway": "residential"
      },
      "geometry": {
        "type": "LineString",
        "coordinates": [
          [
            80.2596351,
            13.0041911
          ],
          [
            80.2596231,
            13.0038107
          ]
        ]
      }
    },
    {
      "type": "Feature",
      "properties": {
        "osm_id": "30402641",
        "layer": "road",
        "highway": "living_street",
        "name": "Ext 2"
      },
      "geometry": {
        "type": "LineString",
        "coordinates": [
          [
            80.2594356,
            13.0031936
          ],
          [
            80.259478,
            13.0031935
          ],
          [
            80.2599366,
            13.0031834
          ]
        ]
      }
    },
    {
      "type": "Feature",
      "properties": {
        "osm_id": "30402645",
        "layer": "road",
        "highway": "residential",
        "name": "Parameswari Nagar 1st Street"
      },
      "geometry": {
        "type": "LineString",
        "coordinates": [
          [
            80.2574662,
            13.0032256
          ],
          [
            80.2574886,
            13.0032386
          ],
          [
            80.2575349,
            13.0032399
          ],
          [
            80.2580436,
            13.0032224
          ],
          [
            80.2586929,
            13.0032001
          ],
          [
            80.2588993,
            13.0031936
          ],
          [
            80.2594356,
            13.0031936
          ]
        ]
      }
    },
    {
      "type": "Feature",
      "properties": {
        "osm_id": "30402656",
        "layer": "road",
        "highway": "residential",
        "lit": "yes",
        "name": "Damodarapuram Main Road",
        "surface": "asphalt"
      },
      "geometry": {
        "type": "LineString",
        "coordinates": [
          [
            80.264224,
            13.0038713
          ],
          [
            80.2639132,
            13.0035516
          ],
          [
            80.2634799,
            13.0035132
          ],
          [
            80.2634596,
            13.0033801
          ],
          [
            80.2633734,
            13.0029427
          ],
          [
            80.2633581,
            13.0028311
          ],
          [
            80.2633221,
            13.0025068
          ],
          [
            80.2633018,
            13.0023352
          ],
          [
            80.2632608,
            13.0020776
          ],
          [
            80.2632585,
            13.0020408
          ],
          [
            80.2632473,
            13.0020044
          ],
          [
            80.2632138,
            13.0018816
          ],
          [
            80.263099,
            13.0014857
          ],
          [
            80.2630524,
            13.0013225
          ],
          [
            80.2629939,
            13.0011211
          ],
          [
            80.2629123,
            13.0007847
          ]
        ]
      }
    },
    {
      "type": "Feature",
      "properties": {
        "osm_id": "30402660",
        "layer": "road",
        "highway": "residential",
        "name": "5th Street"
      },
      "geometry": {
        "type": "LineString",
        "coordinates": [
          [
            80.2621829,
            13.0030587
          ],
          [
            80.2625044,
            13.0031347
          ],
          [
            80.2625366,
            13.003138
          ],
          [
            80.2625659,
            13.003133
          ],
          [
            80.2625942,
            13.0031177
          ],
          [
            80.2628061,
            13.0030171
          ],
          [
            80.2628422,
            13.003007
          ],
          [
            80.2628718,
            13.0030001
          ],
          [
            80.2633734,
            13.0029427
          ]
        ]
      }
    },
    {
      "type": "Feature",
      "properties": {
        "osm_id": "30402662",
        "layer": "road",
        "highway": "residential",
        "name": "Venkateswara Nagar 3rd Street"
      },
      "geometry": {
        "type": "LineString",
        "coordinates": [
          [
            80.2622132,
            13.0043383
          ],
          [
            80.2621728,
            13.0036373
          ],
          [
            80.2621829,
            13.0030587
          ],
          [
            80.2621953,
            13.0023556
          ]
        ]
      }
    },
    {
      "type": "Feature",
      "properties": {
        "osm_id": "37136565",
        "layer": "road",
        "highway": "residential",
        "name": "8th cross street"
      },
      "geometry": {
        "type": "LineString",
        "coordinates": [
          [
            80.2612621,
            13.0046993
          ],
          [
            80.2612568,
            13.0046835
          ],
          [
            80.2612585,
            13.0046662
          ],
          [
            80.2612692,
            13.004367
          ],
          [
            80.2612833,
            13.0043519
          ],
          [
            80.2612994,
            13.0043369
          ],
          [
            80.2613222,
            13.0043291
          ]
        ]
      }
    },
    {
      "type": "Feature",
      "properties": {
        "osm_id": "37136567",
        "layer": "road",
        "created_by": "Potlatch 0.10f",
        "highway": "residential",
        "name": "7th Cross Street",
        "surface": "asphalt"
      },
      "geometry": {
        "type": "LineString",
        "coordinates": [
          [
            80.2613222,
            13.0043291
          ],
          [
            80.2622132,
            13.0043383
          ]
        ]
      }
    },
    {
      "type": "Feature",
      "properties": {
        "osm_id": "102469929",
        "layer": "road",
        "highway": "primary",
        "lanes": "2",
        "maxspeed:type": "IN:urban",
        "name": "Sardar Patel Road",
        "name:etymology:wikidata": "Q9455",
        "name:ta": "\u0b9a\u0bb0\u0bcd\u0ba4\u0bbe\u0bb0\u0bcd \u0baa\u0b9f\u0bc7\u0bb2\u0bcd \u0b9a\u0bbe\u0bb2\u0bc8",
        "oneway": "yes",
        "surface": "asphalt"
      },
      "geometry": {
        "type": "LineString",
        "coordinates": [
          [
            80.2480767,
            13.0067649
          ],
          [
            80.2483802,
            13.0067672
          ],
          [
            80.2489177,
            13.0067886
          ],
          [
            80.2490148,
            13.0067933
          ],
          [
            80.2496828,
            13.0068255
          ],
          [
            80.2500356,
            13.0068365
          ],
          [
            80.2504419,
            13.0068491
          ],
          [
            80.2513157,
            13.006825
          ],
          [
            80.2516348,
            13.0067735
          ],
          [
            80.2524608,
            13.0066017
          ],
          [
            80.2526015,
            13.0065875
          ],
          [
            80.2528749,
            13.0065753
          ],
          [
            80.254046,
            13.0065819
          ],
          [
            80.2542666,
            13.0065868
          ],
          [
            80.2544176,
            13.0066002
          ],
          [
            80.2547028,
            13.0066215
          ],
          [
            80.2548313,
            13.0066287
          ],
          [
            80.25582,
            13.0066297
          ],
          [
            80.2564584,
            13.0066304
          ],
          [
            80.2570122,
            13.0066511
          ],
          [
            80.2572722,
            13.0066762
          ],
          [
            80.2574993,
            13.0067416
          ],
          [
            80.2575987,
            13.0067779
          ],
          [
            80.2577211,
            13.0068228
          ],
          [
            80.2579513,
            13.0069255
          ],
          [
            80.2579796,
            13.0069422
          ],
          [
            80.2581677,
            13.0070527
          ],
          [
            80.2584271,
            13.0072651
          ],
          [
            80.258616,
            13.0075262
          ]
        ]
      }
    },
    {
      "type": "Feature",
      "properties": {
        "osm_id": "138294771",
        "layer": "road",
        "alt_name": "Lattice Bridge Road",
        "highway": "secondary_link",
        "oneway": "yes",
        "surface": "asphalt"
      },
      "geometry": {
        "type": "LineString",
        "coordinates": [
          [
            80.2575913,
            13.0063909
          ],
          [
            80.2575447,
            13.0062516
          ],
          [
            80.2572522,
            13.0050826
          ],
          [
            80.2571327,
            13.0045002
          ],
          [
            80.2570846,
            13.0044401
          ]
        ]
      }
    },
    {
      "type": "Feature",
      "properties": {
        "osm_id": "161048349",
        "layer": "road",
        "highway": "residential",
        "name": "9th Cross Street"
      },
      "geometry": {
        "type": "LineString",
        "coordinates": [
          [
            80.2612808,
            13.0055678
          ],
          [
            80.2612722,
            13.0055548
          ],
          [
            80.2612704,
            13.0055407
          ],
          [
            80.2612719,
            13.0051556
          ],
          [
            80.2612719,
            13.0051415
          ],
          [
            80.2612788,
            13.0051318
          ]
        ]
      }
    },
    {
      "type": "Feature",
      "properties": {
        "osm_id": "164608366",
        "layer": "road",
        "access": "private",
        "highway": "service"
      },
      "geometry": {
        "type": "LineString",
        "coordinates": [
          [
            80.2592496,
            13.0104118
          ],
          [
            80.2593596,
            13.0103736
          ],
          [
            80.2596791,
            13.0103867
          ],
          [
            80.2600815,
            13.0103867
          ],
          [
            80.2603122,
            13.0103919
          ],
          [
            80.2605804,
            13.0104651
          ],
          [
            80.2607681,
            13.0105226
          ],
          [
            80.2609773,
            13.0106323
          ],
          [
            80.2611919,
            13.0107107
          ],
          [
            80.2615084,
            13.0107891
          ],
          [
            80.2618303,
            13.0108519
          ],
          [
            80.2620556,
            13.0108362
          ],
          [
            80.2621897,
            13.010925
          ],
          [
            80.2623721,
            13.0110296
          ],
          [
            80.2626349,
            13.0112229
          ],
          [
            80.2629675,
            13.0113484
          ],
          [
            80.2637463,
            13.0113824
          ]
        ]
      }
    },
    {
      "type": "Feature",
      "properties": {
        "osm_id": "178105900",
        "layer": "water",
        "boat": "no",
        "name": "Adyar River",
        "name:ml": "\u0d05\u0d1f\u0d2f\u0d3e\u0d7c \u0d28\u0d26\u0d3f",
        "name:ta": "\u0b85\u0b9f\u0bc8\u0baf\u0bbe\u0bb1\u0bc1 \u0ba8\u0ba4\u0bbf",
        "waterway": "river",
        "wikidata": "Q2825422",
        "wikipedia": "en:Adyar River"
      },
      "geometry": {
        "type": "LineString",
        "coordinates": [
          [
            80.1641855,
            13.0044866
          ],
          [
            80.1644814,
            13.0047291
          ],
          [
            80.1651201,
            13.0053757
          ],
          [
            80.1660752,
            13.0059905
          ],
          [
            80.1662816,
            13.0060076
          ],
          [
            80.1671892,
            13.0058997
          ],
          [
            80.1679914,
            13.0059873
          ],
          [
            80.168538,
            13.0057356
          ],
          [
            80.1689677,
            13.0049415
          ],
          [
            80.1694346,
            13.0038119
          ],
          [
            80.1693455,
            13.0033057
          ],
          [
            80.1694644,
            13.0030557
          ],
          [
            80.1697879,
            13.002516
          ],
          [
            80.1704495,
            13.0022106
          ],
          [
            80.1749511,
            13.0014454
          ],
          [
            80.1774734,
            13.0017547
          ],
          [
            80.17833,
            13.0025637
          ],
          [
            80.1803288,
            13.0058474
          ],
          [
            80.1810157,
            13.0083875
          ],
          [
            80.181359,
            13.0096419
          ],
          [
            80.1819598,
            13.0112308
          ],
          [
            80.1821315,
            13.0128614
          ],
          [
            80.1820885,
            13.0149104
          ],
          [
            80.1820753,
            13.0151944
          ],
          [
            80.1820456,
            13.0158303
          ],
          [
            80.1822602,
            13.0168338
          ],
          [
            80.182861,
            13.01767
          ],
          [
            80.1841914,
            13.0182972
          ],
          [
            80.1853501,
            13.0189244
          ],
          [
            80.1866555,
            13.0194576
          ],
          [
            80.1880439,
            13.0209627
          ],
          [
            80.1890975,
            13.0226992
          ],
          [
            80.1904277,
            13.0244163
          ],
          [
            80.1911666,
            13.0253382
          ],
          [
            80.1942586,
            13.0280517
          ],
          [
            80.1968411,
            13.0288711
          ],
          [
            80.1972181,
            13.0288927
          ],
          [
            80.2000676,
            13.0288293
          ],
          [
            80.2085925,
            13.0266559
          ],
          [
            80.2109773,
            13.0247498
          ],
          [
            80.2110514,
            13.0246121
          ],
          [
            80.2115128,
            13.023561
          ],
          [
            80.2115618,
            13.0218509
          ],
          [
            80.2120176,
            13.0202155
          ],
          [
            80.2123994,
            13.0194407
          ],
          [
            80.2127164,
            13.0191372
          ],
          [
            80.2146189,
            13.01794
          ],
          [
            80.2193974,
            13.0164637
          ],
          [
            80.2225262,
            13.0159116
          ],
          [
            80.223314,
            13.0159454
          ],
          [
            80.2239156,
            13.0162175
          ],
          [
            80.2268443,
            13.0186241
          ],
          [
            80.227405,
            13.0188594
          ],
          [
            80.2284879,
            13.0188259
          ],
          [
            80.2288427,
            13.0185997
          ],
          [
            80.2297857,
            13.0172684
          ],
          [
            80.2304541,
            13.0165829
          ],
          [
            80.231527,
            13.0155376
          ],
          [
            80.2338874,
            13.0155376
          ],
          [
            80.2350461,
            13.016123
          ],
          [
            80.2361619,
            13.0190498
          ],
          [
            80.2371178,
            13.0210774
          ],
          [
            80.2384364,
            13.0234401
          ],
          [
            80.2396054,
            13.0254921
          ],
          [
            80.2403778,
            13.0260984
          ],
          [
            80.2418048,
            13.0264851
          ],
          [
            80.2433287,
            13.0262414
          ],
          [
            80.2445304,
            13.0254052
          ],
          [
            80.2449117,
            13.025047
          ],
          [
            80.2469336,
            13.0231474
          ],
          [
            80.2482137,
            13.0214538
          ],
          [
            80.2486,
            13.0207012
          ],
          [
            80.249115,
            13.0196141
          ],
          [
            80.2494138,
            13.018594
          ],
          [
            80.2505243,
            13.0164956
          ],
          [
            80.2510071,
            13.015722
          ],
          [
            80.2529061,
            13.014938
          ],
          [
            80.2560389,
            13.0142899
          ],
          [
            80.2585071,
            13.0139994
          ],
          [
            80.2606393,
            13.0139688
          ],
          [
            80.2643758,
            13.0152057
          ],
          [
            80.2667341,
            13.0156529
          ],
          [
            80.2669903,
            13.0156736
          ],
          [
            80.2671698,
            13.015668
          ],
          [
            80.2675647,
            13.0156299
          ],
          [
            80.2680125,
            13.0155323
          ],
          [
            80.2683212,
            13.0154153
          ],
          [
            80.269145,
            13.0149175
          ],
          [
            80.2695108,
            13.0147157
          ],
          [
            80.2703208,
            13.0143412
          ],
          [
            80.2708078,
            13.0141536
          ],
          [
            80.2713181,
            13.013956
          ],
          [
            80.2718457,
            13.0137646
          ],
          [
            80.2724541,
            13.0135954
          ],
          [
            80.2730533,
            13.013453
          ],
          [
            80.2735119,
            13.0133562
          ],
          [
            80.275027,
            13.0130658
          ],
          [
            80.2760632,
            13.0128788
          ],
          [
            80.2774629,
            13.0126145
          ]
        ]
      }
    },
    {
      "type": "Feature",
      "properties": {
        "osm_id": "217763960",
        "layer": "road",
        "highway": "residential"
      },
      "geometry": {
        "type": "LineString",
        "coordinates": [
          [
            80.2606122,
            13.003741
          ],
          [
            80.2602898,
            13.0037845
          ]
        ]
      }
    },
    {
      "type": "Feature",
      "properties": {
        "osm_id": "217763962",
        "layer": "road",
        "highway": "residential"
      },
      "geometry": {
        "type": "LineString",
        "coordinates": [
          [
            80.2601401,
            13.0031103
          ],
          [
            80.2605092,
            13.0030555
          ]
        ]
      }
    },
    {
      "type": "Feature",
      "properties": {
        "osm_id": "217763963",
        "layer": "road",
        "highway": "residential"
      },
      "geometry": {
        "type": "LineString",
        "coordinates": [
          [
            80.2602452,
            13.0034266
          ],
          [
            80.26056,
            13.0033804
          ]
        ]
      }
    },
    {
      "type": "Feature",
      "properties": {
        "osm_id": "217763965",
        "layer": "road",
        "highway": "residential"
      },
      "geometry": {
        "type": "LineString",
        "coordinates": [
          [
            80.2601457,
            13.002743
          ],
          [
            80.2604081,
            13.0027039
          ],
          [
            80.2604583,
            13.0026964
          ]
        ]
      }
    },
    {
      "type": "Feature",
      "properties": {
        "osm_id": "217763967",
        "layer": "road",
        "highway": "residential"
      },
      "geometry": {
        "type": "LineString",
        "coordinates": [
          [
            80.2588993,
            13.0031936
          ],
          [
            80.2589121,
            13.0036034
          ]
        ]
      }
    },
    {
      "type": "Feature",
      "properties": {
        "osm_id": "218162630",
        "layer": "building",
        "building": "yes"
      },
      "geometry": {
        "type": "Polygon",
        "coordinates": [
          [
            [
              80.2567848,
              13.0048708
            ],
            [
              80.2569884,
              13.0048755
            ],
            [
              80.2569824,
              13.0051221
            ],
            [
              80.2567788,
              13.0051173
            ],
            [
              80.2567848,
              13.0048708
            ]
          ]
        ]
      }
    },
    {
      "type": "Feature",
      "properties": {
        "osm_id": "218163939",
        "layer": "building",
        "amenity": "place_of_worship",
        "building": "yes",
        "religion": "hindu"
      },
      "geometry": {
        "type": "Polygon",
        "coordinates": [
          [
            [
              80.2572493,
              13.0072036
            ],
            [
              80.2573288,
              13.0072088
            ],
            [
              80.2573288,
              13.007285
            ],
            [
              80.2572884,
              13.0072863
            ],
            [
              80.2572803,
              13.0073506
            ],
            [
              80.2572278,
              13.0073493
            ],
            [
              80.2572224,
              13.0072613
            ],
            [
              80.2572493,
              13.0072036
            ]
          ]
        ]
      }
    },
    {
      "type": "Feature",
      "properties": {
        "osm_id": "354752535",
        "layer": "building",
        "building": "yes"
      },
      "geometry": {
        "type": "Polygon",
        "coordinates": [
          [
            [
              80.2558212,
              13.006948
            ],
            [
              80.2559845,
              13.0069453
            ],
            [
              80.2559812,
              13.0067603
            ],
            [
              80.2558987,
              13.0067617
            ],
            [
              80.2558984,
              13.0067448
            ],
            [
              80.2558176,
              13.0067462
            ],
            [
              80.2558202,
              13.0068907
            ],
            [
              80.2558445,
              13.0068902
            ],
            [
              80.2558449,
              13.0069111
            ],
            [
              80.2558205,
              13.0069115
            ],
            [
              80.2558212,
              13.006948
            ]
          ]
        ]
      }
    },
    {
      "type": "Feature",
      "properties": {
        "osm_id": "354752541",
        "layer": "building",
        "building": "yes"
      },
      "geometry": {
        "type": "Polygon",
        "coordinates": [
          [
            [
              80.2547933,
              13.0072089
            ],
            [
              80.2548008,
              13.0072941
            ],
            [
              80.2548359,
              13.0072912
            ],
            [
              80.2548483,
              13.0074314
            ],
            [
              80.2548132,
              13.0074343
            ],
            [
              80.2548217,
              13.0075304
            ],
            [
              80.2550128,
              13.0075144
            ],
            [
              80.2550048,
              13.0074238
            ],
            [
              80.2549498,
              13.0074283
            ],
            [
              80.2549449,
              13.0073722
            ],
            [
              80.254913,
              13.0073749
            ],
            [
              80.2549106,
              13.0073473
            ],
            [
              80.2549424,
              13.0073447
            ],
            [
              80.2549347,
              13.0072572
            ],
            [
              80.2549897,
              13.0072525
            ],
            [
              80.2549844,
              13.0071928
            ],
            [
              80.2547933,
              13.0072089
            ]
          ]
        ]
      }
    },
    {
      "type": "Feature",
      "properties": {
        "osm_id": "354752542",
        "layer": "building",
        "building": "yes"
      },
      "geometry": {
        "type": "Polygon",
        "coordinates": [
          [
            [
              80.2548791,
              13.0086
            ],
            [
              80.2548885,
              13.0087702
            ],
            [
              80.254934,
              13.0087678
            ],
            [
              80.2549357,
              13.0087977
            ],
            [
              80.2548902,
              13.0088002
            ],
            [
              80.2548991,
              13.00896
            ],
            [
              80.2550232,
              13.0089534
            ],
            [
              80.2550153,
              13.0088118
            ],
            [
              80.2549908,
              13.0088131
            ],
            [
              80.2549865,
              13.0087353
            ],
            [
              80.2550093,
              13.0087341
            ],
            [
              80.2550015,
              13.0085935
            ],
            [
              80.2548791,
              13.0086
            ]
          ]
        ]
      }
    },
    {
      "type": "Feature",
      "properties": {
        "osm_id": "354752543",
        "layer": "building",
        "building": "yes"
      },
      "geometry": {
        "type": "Polygon",
        "coordinates": [
          [
            [
              80.2545487,
              13.0073229
            ],
            [
              80.2547317,
              13.0073168
            ],
            [
              80.2547302,
              13.0072743
            ],
            [
              80.2547043,
              13.0072752
            ],
            [
              80.254703,
              13.007238
            ],
            [
              80.2547289,
              13.0072371
            ],
            [
              80.2547276,
              13.0072016
            ],
            [
              80.2546289,
              13.0072049
            ],
            [
              80.2546298,
              13.0072325
            ],
            [
              80.2545987,
              13.0072335
            ],
            [
              80.2545977,
              13.0072059
            ],
            [
              80.2545447,
              13.0072077
            ],
            [
              80.2545487,
              13.0073229
            ]
          ]
        ]
      }
    },
    {
      "type": "Feature",
      "properties": {
        "osm_id": "354752544",
        "layer": "building",
        "building": "yes"
      },
      "geometry": {
        "type": "Polygon",
        "coordinates": [
          [
            [
              80.2551062,
              13.0074987
            ],
            [
              80.2552781,
              13.0074876
            ],
            [
              80.2552707,
              13.007379
            ],
            [
              80.2552107,
              13.0073829
            ],
            [
              80.2552048,
              13.0072958
            ],
            [
              80.2552647,
              13.0072919
            ],
            [
              80.2552568,
              13.0071765
            ],
            [
              80.2550849,
              13.0071877
            ],
            [
              80.2550925,
              13.0072994
            ],
            [
              80.2551519,
              13.0072955
            ],
            [
              80.2551582,
              13.0073882
            ],
            [
              80.2550989,
              13.0073921
            ],
            [
              80.2551062,
              13.0074987
            ]
          ]
        ]
      }
    },
    {
      "type": "Feature",
      "properties": {
        "osm_id": "354752545",
        "layer": "building",
        "building": "yes"
      },
      "geometry": {
        "type": "Polygon",
        "coordinates": [
          [
            [
              80.2565776,
              13.0067302
            ],
            [
              80.2565592,
              13.0070509
            ],
            [
              80.2566342,
              13.007055
            ],
            [
              80.256635,
              13.0070422
            ],
            [
              80.2566705,
              13.0070441
            ],
            [
              80.2566698,
              13.0070569
            ],
            [
              80.2567225,
              13.0070598
            ],
            [
              80.2567409,
              13.0067391
            ],
            [
              80.2567135,
              13.0067376
            ],
            [
              80.2567124,
              13.006757
            ],
            [
              80.2566186,
              13.0067519
            ],
            [
              80.2566197,
              13.0067325
            ],
            [
              80.2565776,
              13.0067302
            ]
          ]
        ]
      }
    },
    {
      "type": "Feature",
      "properties": {
        "osm_id": "354752546",
        "layer": "building",
        "building": "yes"
      },
      "geometry": {
        "type": "Polygon",
        "coordinates": [
          [
            [
              80.258292,
              13.0080055
            ],
            [
              80.2583171,
              13.0080603
            ],
            [
              80.2583458,
              13.0080479
            ],
            [
              80.258376,
              13.0081139
            ],
            [
              80.2583474,
              13.0081264
            ],
            [
              80.2583676,
              13.0081704
            ],
            [
              80.2586324,
              13.0080553
            ],
            [
              80.2586049,
              13.0079953
            ],
            [
              80.2585625,
              13.0080138
            ],
            [
              80.2585483,
              13.0079829
            ],
            [
              80.2585438,
              13.0079729
            ],
            [
              80.2585862,
              13.0079545
            ],
            [
              80.2585568,
              13.0078904
            ],
            [
              80.258292,
              13.0080055
            ]
          ]
        ]
      }
    },
    {
      "type": "Feature",
      "properties": {
        "osm_id": "354752547",
        "layer": "building",
        "building": "yes"
      },
      "geometry": {
        "type": "Polygon",
        "coordinates": [
          [
            [
              80.2572425,
              13.0088649
            ],
            [
              80.2573774,
              13.0088567
            ],
            [
              80.2573714,
              13.008764
            ],
            [
              80.2573704,
              13.0087479
            ],
            [
              80.2573938,
              13.0087465
            ],
            [
              80.2573842,
              13.0085952
            ],
            [
              80.2573688,
              13.0085961
            ],
            [
              80.2573628,
              13.0085018
            ],
            [
              80.2572198,
              13.0085105
            ],
            [
              80.2572273,
              13.008628
            ],
            [
              80.257262,
              13.0086258
            ],
            [
              80.2572693,
              13.0087389
            ],
            [
              80.2572346,
              13.008741
            ],
            [
              80.2572425,
              13.0088649
            ]
          ]
        ]
      }
    },
    {
      "type": "Feature",
      "properties": {
        "osm_id": "354752548",
        "layer": "building",
        "building": "yes"
      },
      "geometry": {
        "type": "Polygon",
        "coordinates": [
          [
            [
              80.2550928,
              13.0089344
            ],
            [
              80.2552379,
              13.00893
            ],
            [
              80.2552371,
              13.0089033
            ],
            [
              80.2552447,
              13.008903
            ],
            [
              80.2552433,
              13.0088582
            ],
            [
              80.2552572,
              13.0088578
            ],
            [
              80.2552527,
              13.0087165
            ],
            [
              80.25523,
              13.0087172
            ],
            [
              80.2552289,
              13.0086812
            ],
            [
              80.2551542,
              13.0086834
            ],
            [
              80.2551554,
              13.0087226
            ],
            [
              80.255103,
              13.0087242
            ],
            [
              80.2551086,
              13.0088949
            ],
            [
              80.2550916,
              13.0088954
            ],
            [
              80.2550928,
              13.0089344
            ]
          ]
        ]
      }
    },
    {
      "type": "Feature",
      "properties": {
        "osm_id": "354752550",
        "layer": "building",
        "building": "yes"
      },
      "geometry": {
        "type": "Polygon",
        "coordinates": [
          [
            [
              80.2543064,
              13.0088595
            ],
            [
              80.2543802,
              13.0088574
            ],
            [
              80.2543797,
              13.0088406
            ],
            [
              80.2543963,
              13.0088401
            ],
            [
              80.254393,
              13.0087343
            ],
            [
              80.25436,
              13.0087353
            ],
            [
              80.2543591,
              13.0087068
            ],
            [
              80.2543061,
              13.0087083
            ],
            [
              80.2543064,
              13.0087192
            ],
            [
              80.2542884,
              13.0087197
            ],
            [
              80.2542893,
              13.008748
            ],
            [
              80.2542786,
              13.0087483
            ],
            [
              80.2542814,
              13.0088371
            ],
            [
              80.2543057,
              13.0088363
            ],
            [
              80.2543064,
              13.0088595
            ]
          ]
        ]
      }
    },
    {
      "type": "Feature",
      "properties": {
        "osm_id": "354752551",
        "layer": "building",
        "building": "yes"
      },
      "geometry": {
        "type": "Polygon",
        "coordinates": [
          [
            [
              80.2554834,
              13.0080418
            ],
            [
              80.2556395,
              13.0080322
            ],
            [
              80.2556337,
              13.0079447
            ],
            [
              80.2556102,
              13.0079462
            ],
            [
              80.2556064,
              13.0078873
            ],
            [
              80.2556337,
              13.0078856
            ],
            [
              80.2556277,
              13.0077943
            ],
            [
              80.2556064,
              13.0077956
            ],
            [
              80.2556037,
              13.0077544
            ],
            [
              80.255625,
              13.0077531
            ],
            [
              80.2556186,
              13.0076546
            ],
            [
              80.2554587,
              13.0076645
            ],
            [
              80.2554732,
              13.0078857
            ],
            [
              80.255507,
              13.0078836
            ],
            [
              80.2555113,
              13.0079496
            ],
            [
              80.2554775,
              13.0079517
            ],
            [
              80.2554834,
              13.0080418
            ]
          ]
        ]
      }
    },
    {
      "type": "Feature",
      "properties": {
        "osm_id": "354752552",
        "layer": "building",
        "building": "yes"
      },
      "geometry": {
        "type": "Polygon",
        "coordinates": [
          [
            [
              80.2545989,
              13.0086631
            ],
            [
              80.2546015,
              13.0088019
            ],
            [
              80.2546189,
              13.0088016
            ],
            [
              80.2546199,
              13.0088532
            ],
            [
              80.2546648,
              13.0088524
            ],
            [
              80.2546644,
              13.0088351
            ],
            [
              80.2546942,
              13.0088346
            ],
            [
              80.2546945,
              13.0088519
            ],
            [
              80.2547184,
              13.008853
            ],
            [
              80.254745,
              13.0088327
            ],
            [
              80.2547488,
              13.0088047
            ],
            [
              80.2547274,
              13.0087873
            ],
            [
              80.2547159,
              13.0087608
            ],
            [
              80.2547145,
              13.0086661
            ],
            [
              80.2546577,
              13.0086671
            ],
            [
              80.2546576,
              13.008662
            ],
            [
              80.2545989,
              13.0086631
            ]
          ]
        ]
      }
    },
    {
      "type": "Feature",
      "properties": {
        "osm_id": "354752553",
        "layer": "building",
        "building": "yes"
      },
      "geometry": {
        "type": "Polygon",
        "coordinates": [
          [
            [
              80.2528539,
              13.0069319
            ],
            [
              80.2528667,
              13.0071682
            ],
            [
              80.2529109,
              13.007166
            ],
            [
              80.2529124,
              13.007192
            ],
            [
              80.2530017,
              13.0071874
            ],
            [
              80.2530008,
              13.007169
            ],
            [
              80.2530378,
              13.0071671
            ],
            [
              80.2530332,
              13.007082
            ],
            [
              80.2529582,
              13.0070859
            ],
            [
              80.2529533,
              13.006995
            ],
            [
              80.2530263,
              13.0069913
            ],
            [
              80.2530224,
              13.0069192
            ],
            [
              80.252993,
              13.0069207
            ],
            [
              80.252991,
              13.0068826
            ],
            [
              80.2528978,
              13.0068874
            ],
            [
              80.2529001,
              13.0069295
            ],
            [
              80.2528539,
              13.0069319
            ]
          ]
        ]
      }
    },
    {
      "type": "Feature",
      "properties": {
        "osm_id": "354752554",
        "layer": "building",
        "building": "yes"
      },
      "geometry": {
        "type": "Polygon",
        "coordinates": [
          [
            [
              80.2582261,
              13.0079598
            ],
            [
              80.2583306,
              13.0078872
            ],
            [
              80.2583118,
              13.0078616
            ],
            [
              80.2583408,
              13.0078415
            ],
            [
              80.2583596,
              13.0078671
            ],
            [
              80.25847,
              13.0077904
            ],
            [
              80.2584334,
              13.0077403
            ],
            [
              80.2583986,
              13.0077644
            ],
            [
              80.2583654,
              13.0077191
            ],
            [
              80.2584002,
              13.0076949
            ],
            [
              80.2583655,
              13.0076475
            ],
            [
              80.2582644,
              13.0077177
            ],
            [
              80.2582966,
              13.0077618
            ],
            [
              80.2582654,
              13.0077835
            ],
            [
              80.2582354,
              13.0077426
            ],
            [
              80.2581238,
              13.00782
            ],
            [
              80.2582261,
              13.0079598
            ]
          ]
        ]
      }
    },
    {
      "type": "Feature",
      "properties": {
        "osm_id": "354752556",
        "layer": "building",
        "building": "yes"
      },
      "geometry": {
        "type": "Polygon",
        "coordinates": [
          [
            [
              80.2568506,
              13.0092205
            ],
            [
              80.2568889,
              13.0092196
            ],
            [
              80.2568901,
              13.0092636
            ],
            [
              80.2569564,
              13.0092619
            ],
            [
              80.2569551,
              13.0092145
            ],
            [
              80.2569864,
              13.0092137
            ],
            [
              80.256984,
              13.0091235
            ],
            [
              80.2570023,
              13.009123
            ],
            [
              80.2569968,
              13.008916
            ],
            [
              80.2568778,
              13.008919
            ],
            [
              80.2568791,
              13.0089645
            ],
            [
              80.2568438,
              13.0089654
            ],
            [
              80.2568456,
              13.0090316
            ],
            [
              80.2569068,
              13.00903
            ],
            [
              80.2569098,
              13.009141
            ],
            [
              80.2568486,
              13.0091426
            ],
            [
              80.2568506,
              13.0092205
            ]
          ]
        ]
      }
    },
    {
      "type": "Feature",
      "properties": {
        "osm_id": "354752557",
        "layer": "building",
        "building": "yes"
      },
      "geometry": {
        "type": "Polygon",
        "coordinates": [
          [
            [
              80.2548029,
              13.0080985
            ],
            [
              80.2549275,
              13.0080922
            ],
            [
              80.254926,
              13.0080648
            ],
            [
              80.2549595,
              13.0080631
            ],
            [
              80.254954,
              13.0079592
            ],
            [
              80.2549401,
              13.0079599
            ],
            [
              80.2549371,
              13.0079044
            ],
            [
              80.2549706,
              13.0079027
            ],
            [
              80.2549657,
              13.0078106
            ],
            [
              80.2549161,
              13.0078131
            ],
            [
              80.2549145,
              13.0077839
            ],
            [
              80.2548683,
              13.0077862
            ],
            [
              80.2548698,
              13.0078155
            ],
            [
              80.2548367,
              13.0078172
            ],
            [
              80.2548397,
              13.0078734
            ],
            [
              80.2548084,
              13.0078749
            ],
            [
              80.2548177,
              13.0080488
            ],
            [
              80.2548003,
              13.0080496
            ],
            [
              80.2548029,
              13.0080985
            ]
          ]
        ]
      }
    },
    {
      "type": "Feature",
      "properties": {
        "osm_id": "354752559",
        "layer": "building",
        "building": "yes"
      },
      "geometry": {
        "type": "Polygon",
        "coordinates": [
          [
            [
              80.2558006,
              13.0088063
            ],
            [
              80.2559687,
              13.0087974
            ],
            [
              80.2559559,
              13.0085677
            ],
            [
              80.2557878,
              13.0085766
            ],
            [
              80.2558006,
              13.0088063
            ]
          ]
        ]
      }
    },
    {
      "type": "Feature",
      "properties": {
        "osm_id": "354752560",
        "layer": "building",
        "building": "yes"
      },
      "geometry": {
        "type": "Polygon",
        "coordinates": [
          [
            [
              80.2530513,
              13.0079249
            ],
            [
              80.2531918,
              13.0079152
            ],
            [
              80.2531803,
              13.0077574
            ],
            [
              80.2530398,
              13.0077671
            ],
            [
              80.2530513,
              13.0079249
            ]
          ]
        ]
      }
    },
    {
      "type": "Feature",
      "properties": {
        "osm_id": "354752561",
        "layer": "building",
        "building": "yes"
      },
      "geometry": {
        "type": "Polygon",
        "coordinates": [
          [
            [
              80.2531064,
              13.0082523
            ],
            [
              80.2531174,
              13.0085319
            ],
            [
              80.2532226,
              13.0085279
            ],
            [
              80.2532116,
              13.0082484
            ],
            [
              80.2531064,
              13.0082523
            ]
          ]
        ]
      }
    },
    {
      "type": "Feature",
      "properties": {
        "osm_id": "354752562",
        "layer": "building",
        "building": "yes"
      },
      "geometry": {
        "type": "Polygon",
        "coordinates": [
          [
            [
              80.2560536,
              13.0068203
            ],
            [
              80.2560987,
              13.0068217
            ],
            [
              80.2561019,
              13.0067303
            ],
            [
              80.2560567,
              13.0067288
            ],
            [
              80.2560536,
              13.0068203
            ]
          ]
        ]
      }
    },
    {
      "type": "Feature",
      "properties": {
        "osm_id": "354752564",
        "layer": "building",
        "building": "yes"
      },
      "geometry": {
        "type": "Polygon",
        "coordinates": [
          [
            [
              80.2579349,
              13.0075491
            ],
            [
              80.2581293,
              13.0073548
            ],
            [
              80.2579982,
              13.0072303
            ],
            [
              80.2578038,
              13.0074246
            ],
            [
              80.2579349,
              13.0075491
            ]
          ]
        ]
      }
    },
    {
      "type": "Feature",
      "properties": {
        "osm_id": "354752565",
        "layer": "building",
        "building": "yes"
      },
      "geometry": {
        "type": "Polygon",
        "coordinates": [
          [
            [
              80.2583692,
              13.0082404
            ],
            [
              80.2584357,
              13.0084442
            ],
            [
              80.2587507,
              13.0083465
            ],
            [
              80.2586842,
              13.0081428
            ],
            [
              80.2583692,
              13.0082404
            ]
          ]
        ]
      }
    },
    {
      "type": "Feature",
      "properties": {
        "osm_id": "354752566",
        "layer": "building",
        "building": "yes"
      },
      "geometry": {
        "type": "Polygon",
        "coordinates": [
          [
            [
              80.2539315,
              13.0090846
            ],
            [
              80.2539527,
              13.0093855
            ],
            [
              80.2540592,
              13.0093783
            ],
            [
              80.254038,
              13.0090774
            ],
            [
              80.2539315,
              13.0090846
            ]
          ]
        ]
      }
    },
    {
      "type": "Feature",
      "properties": {
        "osm_id": "354752567",
        "layer": "building",
        "building": "yes"
      },
      "geometry": {
        "type": "Polygon",
        "coordinates": [
          [
            [
              80.2552905,
              13.0071066
            ],
            [
              80.2554921,
              13.0070939
            ],
            [
              80.2554698,
              13.0067582
            ],
            [
              80.2552682,
              13.0067709
            ],
            [
              80.2552905,
              13.0071066
            ]
          ]
        ]
      }
    },
    {
      "type": "Feature",
      "properties": {
        "osm_id": "354752568",
        "layer": "building",
        "building": "yes"
      },
      "geometry": {
        "type": "Polygon",
        "coordinates": [
          [
            [
              80.2567177,
              13.0086012
            ],
            [
              80.256741,
              13.0088982
            ],
            [
              80.256885,
              13.0088874
            ],
            [
              80.2568617,
              13.0085905
            ],
            [
              80.2567177,
              13.0086012
            ]
          ]
        ]
      }
    },
    {
      "type": "Feature",
      "properties": {
        "osm_id": "354752569",
        "layer": "building",
        "building": "yes"
      },
      "geometry": {
        "type": "Polygon",
        "coordinates": [
          [
            [
              80.2580828,
              13.0077811
            ],
            [
              80.2583191,
              13.0075928
            ],
            [
              80.2581903,
              13.0074395
            ],
            [
              80.2579541,
              13.0076278
            ],
            [
              80.2580828,
              13.0077811
            ]
          ]
        ]
      }
    },
    {
      "type": "Feature",
      "properties": {
        "osm_id": "354752570",
        "layer": "building",
        "building": "yes"
      },
      "geometry": {
        "type": "Polygon",
        "coordinates": [
          [
            [
              80.2566816,
              13.0090636
            ],
            [
              80.2566859,
              13.0092805
            ],
            [
              80.2567798,
              13.0092788
            ],
            [
              80.2567755,
              13.0090618
            ],
            [
              80.2566816,
              13.0090636
            ]
          ]
        ]
      }
    },
    {
      "type": "Feature",
      "properties": {
        "osm_id": "354752571",
        "layer": "building",
        "building": "yes"
      },
      "geometry": {
        "type": "Polygon",
        "coordinates": [
          [
            [
              80.2542579,
              13.0083794
            ],
            [
              80.2543459,
              13.0083759
            ],
            [
              80.2543434,
              13.0083156
            ],
            [
              80.2542555,
              13.008319
            ],
            [
              80.2542579,
              13.0083794
            ]
          ]
        ]
      }
    },
    {
      "type": "Feature",
      "properties": {
        "osm_id": "354752572",
        "layer": "building",
        "building": "yes"
      },
      "geometry": {
        "type": "Polygon",
        "coordinates": [
          [
            [
              80.252656,
              13.0074957
            ],
            [
              80.2527931,
              13.0074869
            ],
            [
              80.252784,
              13.0073527
            ],
            [
              80.2526469,
              13.0073616
            ],
            [
              80.252656,
              13.0074957
            ]
          ]
        ]
      }
    },
    {
      "type": "Feature",
      "properties": {
        "osm_id": "354752574",
        "layer": "building",
        "building": "yes"
      },
      "geometry": {
        "type": "Polygon",
        "coordinates": [
          [
            [
              80.2553604,
              13.0074948
            ],
            [
              80.255542,
              13.0074851
            ],
            [
              80.2555373,
              13.0074013
            ],
            [
              80.2553557,
              13.007411
            ],
            [
              80.2553604,
              13.0074948
            ]
          ]
        ]
      }
    },
    {
      "type": "Feature",
      "properties": {
        "osm_id": "354752575",
        "layer": "building",
        "building": "yes"
      },
      "geometry": {
        "type": "Polygon",
        "coordinates": [
          [
            [
              80.2550456,
              13.0092492
            ],
            [
              80.2551237,
              13.0092472
            ],
            [
              80.2551196,
              13.0090924
            ],
            [
              80.2550416,
              13.0090943
            ],
            [
              80.2550456,
              13.0092492
            ]
          ]
        ]
      }
    },
    {
      "type": "Feature",
      "properties": {
        "osm_id": "354752576",
        "layer": "building",
        "building": "yes"
      },
      "geometry": {
        "type": "Polygon",
        "coordinates": [
          [
            [
              80.2536974,
              13.0082773
            ],
            [
              80.2537024,
              13.0084825
            ],
            [
              80.2537875,
              13.0084806
            ],
            [
              80.2537825,
              13.0082753
            ],
            [
              80.2536974,
              13.0082773
            ]
          ]
        ]
      }
    },
    {
      "type": "Feature",
      "properties": {
        "osm_id": "354752577",
        "layer": "building",
        "building": "yes"
      },
      "geometry": {
        "type": "Polygon",
        "coordinates": [
          [
            [
              80.2555809,
              13.0084165
            ],
            [
              80.2556907,
              13.0084103
            ],
            [
              80.2556736,
              13.008123
            ],
            [
              80.2555638,
              13.0081292
            ],
            [
              80.2555809,
              13.0084165
            ]
          ]
        ]
      }
    },
    {
      "type": "Feature",
      "properties": {
        "osm_id": "354752578",
        "layer": "building",
        "building": "yes"
      },
      "geometry": {
        "type": "Polygon",
        "coordinates": [
          [
            [
              80.256503,
              13.0089829
            ],
            [
              80.2565182,
              13.0092789
            ],
            [
              80.256624,
              13.0092737
            ],
            [
              80.2566088,
              13.0089778
            ],
            [
              80.256503,
              13.0089829
            ]
          ]
        ]
      }
    },
    {
      "type": "Feature",
      "properties": {
        "osm_id": "354752580",
        "layer": "building",
        "building": "yes"
      },
      "geometry": {
        "type": "Polygon",
        "coordinates": [
          [
            [
              80.2541303,
              13.009365
            ],
            [
              80.2542182,
              13.009359
            ],
            [
              80.254206,
              13.0091895
            ],
            [
              80.2541181,
              13.0091955
            ],
            [
              80.2541303,
              13.009365
            ]
          ]
        ]
      }
    },
    {
      "type": "Feature",
      "properties": {
        "osm_id": "354752581",
        "layer": "building",
        "building": "yes"
      },
      "geometry": {
        "type": "Polygon",
        "coordinates": [
          [
            [
              80.2525873,
              13.0076355
            ],
            [
              80.2527776,
              13.0076197
            ],
            [
              80.2527671,
              13.0074996
            ],
            [
              80.2525768,
              13.0075153
            ],
            [
              80.2525873,
              13.0076355
            ]
          ]
        ]
      }
    },
    {
      "type": "Feature",
      "properties": {
        "osm_id": "354752585",
        "layer": "building",
        "building": "yes"
      },
      "geometry": {
        "type": "Polygon",
        "coordinates": [
          [
            [
              80.257759,
              13.0090093
            ],
            [
              80.2578606,
              13.0090072
            ],
            [
              80.2578584,
              13.0089042
            ],
            [
              80.2577567,
              13.0089063
            ],
            [
              80.257759,
              13.0090093
            ]
          ]
        ]
      }
    },
    {
      "type": "Feature",
      "properties": {
        "osm_id": "354752586",
        "layer": "building",
        "addr:housenumber": "42",
        "addr:street": "2nd Cross Street",
        "building": "retail"
      },
      "geometry": {
        "type": "Polygon",
        "coordinates": [
          [
            [
              80.2546173,
              13.0091104
            ],
            [
              80.2547773,
              13.0091134
            ],
            [
              80.254779,
              13.0090241
            ],
            [
              80.254619,
              13.0090211
            ],
            [
              80.2546173,
              13.0091104
            ]
          ]
        ]
      }
    },
    {
      "type": "Feature",
      "properties": {
        "osm_id": "354752588",
        "layer": "building",
        "building": "yes"
      },
      "geometry": {
        "type": "Polygon",
        "coordinates": [
          [
            [
              80.2548048,
              13.008432
            ],
            [
              80.2549154,
              13.0084284
            ],
            [
              80.2549066,
              13.0081771
            ],
            [
              80.2547961,
              13.0081807
            ],
            [
              80.2548048,
              13.008432
            ]
          ]
        ]
      }
    },
    {
      "type": "Feature",
      "properties": {
        "osm_id": "354752599",
        "layer": "building",
        "building": "yes"
      },
      "geometry": {
        "type": "Polygon",
        "coordinates": [
          [
            [
              80.2527833,
              13.0077768
            ],
            [
              80.2527984,
              13.0081395
            ],
            [
              80.252962,
              13.008133
            ],
            [
              80.252947,
              13.0077704
            ],
            [
              80.2527833,
              13.0077768
            ]
          ]
        ]
      }
    },
    {
      "type": "Feature",
      "properties": {
        "osm_id": "354752601",
        "layer": "building",
        "building": "yes"
      },
      "geometry": {
        "type": "Polygon",
        "coordinates": [
          [
            [
              80.2551848,
              13.0090204
            ],
            [
              80.2551899,
              13.0093232
            ],
            [
              80.2553235,
              13.0093211
            ],
            [
              80.2553184,
              13.0090183
            ],
            [
              80.2551848,
              13.0090204
            ]
          ]
        ]
      }
    },
    {
      "type": "Feature",
      "properties": {
        "osm_id": "354752602",
        "layer": "building",
        "building": "yes"
      },
      "geometry": {
        "type": "Polygon",
        "coordinates": [
          [
            [
              80.2537381,
              13.0077457
            ],
            [
              80.2537566,
              13.0081023
            ],
            [
              80.253902,
              13.0080952
            ],
            [
              80.2538836,
              13.0077385
            ],
            [
              80.2537381,
              13.0077457
            ]
          ]
        ]
      }
    },
    {
      "type": "Feature",
      "properties": {
        "osm_id": "354752603",
        "layer": "building",
        "building": "yes"
      },
      "geometry": {
        "type": "Polygon",
        "coordinates": [
          [
            [
              80.255758,
              13.0091014
            ],
            [
              80.2557681,
              13.0092355
            ],
            [
              80.2558544,
              13.0092294
            ],
            [
              80.2558443,
              13.0090952
            ],
            [
              80.255758,
              13.0091014
            ]
          ]
        ]
      }
    },
    {
      "type": "Feature",
      "properties": {
        "osm_id": "354752605",
        "layer": "building",
        "building": "yes"
      },
      "geometry": {
        "type": "Polygon",
        "coordinates": [
          [
            [
              80.2580444,
              13.0084871
            ],
            [
              80.2583258,
              13.0083895
            ],
            [
              80.2582776,
              13.0082574
            ],
            [
              80.2579961,
              13.008355
            ],
            [
              80.2580444,
              13.0084871
            ]
          ]
        ]
      }
    },
    {
      "type": "Feature",
      "properties": {
        "osm_id": "354752606",
        "layer": "building",
        "building": "yes"
      },
      "geometry": {
        "type": "Polygon",
        "coordinates": [
          [
            [
              80.2525771,
              13.0081467
            ],
            [
              80.2527184,
              13.0081413
            ],
            [
              80.2527044,
              13.0077952
            ],
            [
              80.2525631,
              13.0078007
            ],
            [
              80.2525771,
              13.0081467
            ]
          ]
        ]
      }
    },
    {
      "type": "Feature",
      "properties": {
        "osm_id": "354752607",
        "layer": "building",
        "building": "yes"
      },
      "geometry": {
        "type": "Polygon",
        "coordinates": [
          [
            [
              80.2561326,
              13.0090002
            ],
            [
              80.2561441,
              13.009282
            ],
            [
              80.2562489,
              13.009278
            ],
            [
              80.2562374,
              13.0089962
            ],
            [
              80.2561326,
              13.0090002
            ]
          ]
        ]
      }
    },
    {
      "type": "Feature",
      "properties": {
        "osm_id": "354752608",
        "layer": "building",
        "building": "yes"
      },
      "geometry": {
        "type": "Polygon",
        "coordinates": [
          [
            [
              80.2531111,
              13.0068414
            ],
            [
              80.2531232,
              13.0071855
            ],
            [
              80.2533021,
              13.0071795
            ],
            [
              80.2532901,
              13.0068355
            ],
            [
              80.2531111,
              13.0068414
            ]
          ]
        ]
      }
    },
    {
      "type": "Feature",
      "properties": {
        "osm_id": "354752609",
        "layer": "building",
        "building": "yes"
      },
      "geometry": {
        "type": "Polygon",
        "coordinates": [
          [
            [
              80.2572231,
              13.007597
            ],
            [
              80.2573541,
              13.0076787
            ],
            [
              80.2574011,
              13.007607
            ],
            [
              80.2572701,
              13.0075253
            ],
            [
              80.2572231,
              13.007597
            ]
          ]
        ]
      }
    },
    {
      "type": "Feature",
      "properties": {
        "osm_id": "354752610",
        "layer": "building",
        "building": "yes"
      },
      "geometry": {
        "type": "Polygon",
        "coordinates": [
          [
            [
              80.2532537,
              13.0077589
            ],
            [
              80.2532764,
              13.0081224
            ],
            [
              80.2534389,
              13.0081128
            ],
            [
              80.2534162,
              13.0077492
            ],
            [
              80.2532537,
              13.0077589
            ]
          ]
        ]
      }
    },
    {
      "type": "Feature",
      "properties": {
        "osm_id": "354752612",
        "layer": "building",
        "addr:city": "Chennai",
        "addr:housenumber": "53/26",
        "addr:postcode": "600020",
        "addr:street": "Gandhi Nagar 1st Main Road",
        "building": "yes",
        "building:levels": "4"
      },
      "geometry": {
        "type": "Polygon",
        "coordinates": [
          [
            [
              80.2540682,
              13.0068179
            ],
            [
              80.2540862,
              13.007164
            ],
            [
              80.2542761,
              13.0071546
            ],
            [
              80.254258,
              13.0068085
            ],
            [
              80.2540682,
              13.0068179
            ]
          ]
        ]
      }
    },
    {
      "type": "Feature",
      "properties": {
        "osm_id": "354752613",
        "layer": "building",
        "building": "yes"
      },
      "geometry": {
        "type": "Polygon",
        "coordinates": [
          [
            [
              80.2543107,
              13.009062
            ],
            [
              80.2543279,
              13.0093569
            ],
            [
              80.2544582,
              13.0093497
            ],
            [
              80.254441,
              13.0090548
            ],
            [
              80.2543107,
              13.009062
            ]
          ]
        ]
      }
    },
    {
      "type": "Feature",
      "properties": {
        "osm_id": "354752614",
        "layer": "building",
        "building": "yes"
      },
      "geometry": {
        "type": "Polygon",
        "coordinates": [
          [
            [
              80.2553386,
              13.0073513
            ],
            [
              80.2555244,
              13.0073437
            ],
            [
              80.2555163,
              13.0071558
            ],
            [
              80.2553305,
              13.0071634
            ],
            [
              80.2553386,
              13.0073513
            ]
          ]
        ]
      }
    },
    {
      "type": "Feature",
      "properties": {
        "osm_id": "354752615",
        "layer": "building",
        "building": "yes"
      },
      "geometry": {
        "type": "Polygon",
        "coordinates": [
          [
            [
              80.2540186,
              13.0089907
            ],
            [
              80.2541613,
              13.0089885
            ],
            [
              80.254152,
              13.0086882
            ],
            [
              80.2540071,
              13.0086869
            ],
            [
              80.2540186,
              13.0089907
            ]
          ]
        ]
      }
    },
    {
      "type": "Feature",
      "properties": {
        "osm_id": "354752617",
        "layer": "building",
        "building": "yes"
      },
      "geometry": {
        "type": "Polygon",
        "coordinates": [
          [
            [
              80.2532019,
              13.0092494
            ],
            [
              80.2531997,
              13.0094217
            ],
            [
              80.2532816,
              13.0094227
            ],
            [
              80.2532838,
              13.0092504
            ],
            [
              80.2532019,
              13.0092494
            ]
          ]
        ]
      }
    },
    {
      "type": "Feature",
      "properties": {
        "osm_id": "354752619",
        "layer": "building",
        "building": "yes"
      },
      "geometry": {
        "type": "Polygon",
        "coordinates": [
          [
            [
              80.2555722,
              13.0069935
            ],
            [
              80.2556785,
              13.0069945
            ],
            [
              80.2556796,
              13.0068842
            ],
            [
              80.2555732,
              13.0068832
            ],
            [
              80.2555722,
              13.0069935
            ]
          ]
        ]
      }
    },
    {
      "type": "Feature",
      "properties": {
        "osm_id": "354752620",
        "layer": "building",
        "building": "yes"
      },
      "geometry": {
        "type": "Polygon",
        "coordinates": [
          [
            [
              80.2577868,
              13.0092154
            ],
            [
              80.2578985,
              13.0092126
            ],
            [
              80.2578941,
              13.0090478
            ],
            [
              80.2577824,
              13.0090506
            ],
            [
              80.2577868,
              13.0092154
            ]
          ]
        ]
      }
    },
    {
      "type": "Feature",
      "properties": {
        "osm_id": "354752622",
        "layer": "building",
        "building": "yes"
      },
      "geometry": {
        "type": "Polygon",
        "coordinates": [
          [
            [
              80.2553006,
              13.0076677
            ],
            [
              80.2553247,
              13.0080588
            ],
            [
              80.2554145,
              13.0080536
            ],
            [
              80.2553904,
              13.0076624
            ],
            [
              80.2553006,
              13.0076677
            ]
          ]
        ]
      }
    },
    {
      "type": "Feature",
      "properties": {
        "osm_id": "354752624",
        "layer": "building",
        "building": "yes"
      },
      "geometry": {
        "type": "Polygon",
        "coordinates": [
          [
            [
              80.255933,
              13.0076627
            ],
            [
              80.2559491,
              13.0080185
            ],
            [
              80.2560716,
              13.0080132
            ],
            [
              80.2560556,
              13.0076574
            ],
            [
              80.255933,
              13.0076627
            ]
          ]
        ]
      }
    },
    {
      "type": "Feature",
      "properties": {
        "osm_id": "354752626",
        "layer": "building",
        "building": "yes"
      },
      "geometry": {
        "type": "Polygon",
        "coordinates": [
          [
            [
              80.2540623,
              13.0073609
            ],
            [
              80.254269,
              13.0073511
            ],
            [
              80.254264,
              13.00725
            ],
            [
              80.2540573,
              13.0072597
            ],
            [
              80.2540623,
              13.0073609
            ]
          ]
        ]
      }
    },
    {
      "type": "Feature",
      "properties": {
        "osm_id": "354752627",
        "layer": "building",
        "building": "yes"
      },
      "geometry": {
        "type": "Polygon",
        "coordinates": [
          [
            [
              80.2528051,
              13.0091313
            ],
            [
              80.2528122,
              13.0094164
            ],
            [
              80.2529238,
              13.0094137
            ],
            [
              80.2529168,
              13.0091286
            ],
            [
              80.2528051,
              13.0091313
            ]
          ]
        ]
      }
    },
    {
      "type": "Feature",
      "properties": {
        "osm_id": "354752628",
        "layer": "building",
        "building": "yes"
      },
      "geometry": {
        "type": "Polygon",
        "coordinates": [
          [
            [
              80.2556974,
              13.0080403
            ],
            [
              80.2558659,
              13.0080325
            ],
            [
              80.2558476,
              13.0076583
            ],
            [
              80.2556791,
              13.0076661
            ],
            [
              80.2556974,
              13.0080403
            ]
          ]
        ]
      }
    },
    {
      "type": "Feature",
      "properties": {
        "osm_id": "354752629",
        "layer": "building",
        "building": "yes"
      },
      "geometry": {
        "type": "Polygon",
        "coordinates": [
          [
            [
              80.2563243,
              13.0080744
            ],
            [
              80.2563353,
              13.0083012
            ],
            [
              80.2564589,
              13.0082955
            ],
            [
              80.2564479,
              13.0080687
            ],
            [
              80.2563243,
              13.0080744
            ]
          ]
        ]
      }
    },
    {
      "type": "Feature",
      "properties": {
        "osm_id": "354752631",
        "layer": "building",
        "building": "yes"
      },
      "geometry": {
        "type": "Polygon",
        "coordinates": [
          [
            [
              80.2534863,
              13.0077473
            ],
            [
              80.2535044,
              13.0081314
            ],
            [
              80.2536723,
              13.0081239
            ],
            [
              80.2536543,
              13.0077398
            ],
            [
              80.2534863,
              13.0077473
            ]
          ]
        ]
      }
    },
    {
      "type": "Feature",
      "properties": {
        "osm_id": "354752632",
        "layer": "building",
        "building": "yes"
      },
      "geometry": {
        "type": "Polygon",
        "coordinates": [
          [
            [
              80.2548502,
              13.0091149
            ],
            [
              80.2549534,
              13.0091129
            ],
            [
              80.2549515,
              13.0090186
            ],
            [
              80.2548483,
              13.0090206
            ],
            [
              80.2548502,
              13.0091149
            ]
          ]
        ]
      }
    },
    {
      "type": "Feature",
      "properties": {
        "osm_id": "354752633",
        "layer": "building",
        "building": "yes"
      },
      "geometry": {
        "type": "Polygon",
        "coordinates": [
          [
            [
              80.2550177,
              13.0076995
            ],
            [
              80.2550412,
              13.0080684
            ],
            [
              80.2552532,
              13.0080556
            ],
            [
              80.2552298,
              13.0076867
            ],
            [
              80.2550177,
              13.0076995
            ]
          ]
        ]
      }
    },
    {
      "type": "Feature",
      "properties": {
        "osm_id": "354752635",
        "layer": "building",
        "building": "yes"
      },
      "geometry": {
        "type": "Polygon",
        "coordinates": [
          [
            [
              80.2569581,
              13.0071457
            ],
            [
              80.2571652,
              13.0071982
            ],
            [
              80.2571922,
              13.0070971
            ],
            [
              80.2569851,
              13.0070445
            ],
            [
              80.2569581,
              13.0071457
            ]
          ]
        ]
      }
    },
    {
      "type": "Feature",
      "properties": {
        "osm_id": "354752637",
        "layer": "building",
        "building": "yes"
      },
      "geometry": {
        "type": "Polygon",
        "coordinates": [
          [
            [
              80.2535612,
              13.0090998
            ],
            [
              80.2535863,
              13.0094005
            ],
            [
              80.2537024,
              13.0093913
            ],
            [
              80.2536774,
              13.0090906
            ],
            [
              80.2535612,
              13.0090998
            ]
          ]
        ]
      }
    },
    {
      "type": "Feature",
      "properties": {
        "osm_id": "354752638",
        "layer": "building",
        "building": "yes"
      },
      "geometry": {
        "type": "Polygon",
        "coordinates": [
          [
            [
              80.2579139,
              13.0083366
            ],
            [
              80.258239,
              13.0081902
            ],
            [
              80.2581641,
              13.0080324
            ],
            [
              80.257839,
              13.0081789
            ],
            [
              80.2579139,
              13.0083366
            ]
          ]
        ]
      }
    },
    {
      "type": "Feature",
      "properties": {
        "osm_id": "354752639",
        "layer": "building",
        "building": "yes"
      },
      "geometry": {
        "type": "Polygon",
        "coordinates": [
          [
            [
              80.2561179,
              13.0080729
            ],
            [
              80.256129,
              13.0083759
            ],
            [
              80.256263,
              13.0083712
            ],
            [
              80.256252,
              13.0080682
            ],
            [
              80.2561179,
              13.0080729
            ]
          ]
        ]
      }
    },
    {
      "type": "Feature",
      "properties": {
        "osm_id": "354752640",
        "layer": "building",
        "building": "yes"
      },
      "geometry": {
        "type": "Polygon",
        "coordinates": [
          [
            [
              80.2533354,
              13.008925
            ],
            [
              80.2535069,
              13.0089145
            ],
            [
              80.2534986,
              13.0087846
            ],
            [
              80.2533271,
              13.0087951
            ],
            [
              80.2533354,
              13.008925
            ]
          ]
        ]
      }
    },
    {
      "type": "Feature",
      "properties": {
        "osm_id": "354752641",
        "layer": "building",
        "building": "yes"
      },
      "geometry": {
        "type": "Polygon",
        "coordinates": [
          [
            [
              80.2523503,
              13.0071679
            ],
            [
              80.2525198,
              13.0071592
            ],
            [
              80.2525057,
              13.0069018
            ],
            [
              80.2523362,
              13.0069106
            ],
            [
              80.2523503,
              13.0071679
            ]
          ]
        ]
      }
    },
    {
      "type": "Feature",
      "properties": {
        "osm_id": "354752642",
        "layer": "building",
        "building": "yes"
      },
      "geometry": {
        "type": "Polygon",
        "coordinates": [
          [
            [
              80.2538655,
              13.0068199
            ],
            [
              80.2538796,
              13.0071425
            ],
            [
              80.2540442,
              13.0071357
            ],
            [
              80.2540301,
              13.0068131
            ],
            [
              80.2538655,
              13.0068199
            ]
          ]
        ]
      }
    },
    {
      "type": "Feature",
      "properties": {
        "osm_id": "354752644",
        "layer": "building",
        "building": "yes"
      },
      "geometry": {
        "type": "Polygon",
        "coordinates": [
          [
            [
              80.2576564,
              13.0088858
            ],
            [
              80.2578973,
              13.0088858
            ],
            [
              80.2578973,
              13.0088187
            ],
            [
              80.2576564,
              13.0088187
            ],
            [
              80.2576564,
              13.0088858
            ]
          ]
        ]
      }
    },
    {
      "type": "Feature",
      "properties": {
        "osm_id": "354752646",
        "layer": "building",
        "building": "yes"
      },
      "geometry": {
        "type": "Polygon",
        "coordinates": [
          [
            [
              80.2555511,
              13.0090729
            ],
            [
              80.2556868,
              13.0090669
            ],
            [
              80.2556832,
              13.0089893
            ],
            [
              80.2555476,
              13.0089952
            ],
            [
              80.2555511,
              13.0090729
            ]
          ]
        ]
      }
    },
    {
      "type": "Feature",
      "properties": {
        "osm_id": "354752647",
        "layer": "building",
        "building": "yes"
      },
      "geometry": {
        "type": "Polygon",
        "coordinates": [
          [
            [
              80.2538563,
              13.0082368
            ],
            [
              80.2538634,
              13.0084792
            ],
            [
              80.2539782,
              13.0084761
            ],
            [
              80.2539712,
              13.0082337
            ],
            [
              80.2538563,
              13.0082368
            ]
          ]
        ]
      }
    },
    {
      "type": "Feature",
      "properties": {
        "osm_id": "354752648",
        "layer": "building",
        "building": "yes"
      },
      "geometry": {
        "type": "Polygon",
        "coordinates": [
          [
            [
              80.2536181,
              13.0070866
            ],
            [
              80.2537827,
              13.0070852
            ],
            [
              80.2537815,
              13.0069508
            ],
            [
              80.2536169,
              13.0069522
            ],
            [
              80.2536181,
              13.0070866
            ]
          ]
        ]
      }
    },
    {
      "type": "Feature",
      "properties": {
        "osm_id": "354752649",
        "layer": "building",
        "building": "yes"
      },
      "geometry": {
        "type": "Polygon",
        "coordinates": [
          [
            [
              80.2580709,
              13.0087341
            ],
            [
              80.2584117,
              13.0086909
            ],
            [
              80.2583896,
              13.0085251
            ],
            [
              80.2580488,
              13.0085684
            ],
            [
              80.2580709,
              13.0087341
            ]
          ]
        ]
      }
    },
    {
      "type": "Feature",
      "properties": {
        "osm_id": "354752650",
        "layer": "building",
        "building": "yes"
      },
      "geometry": {
        "type": "Polygon",
        "coordinates": [
          [
            [
              80.2545999,
              13.0081628
            ],
            [
              80.2546056,
              13.0084226
            ],
            [
              80.2547216,
              13.0084202
            ],
            [
              80.2547159,
              13.0081604
            ],
            [
              80.2545999,
              13.0081628
            ]
          ]
        ]
      }
    },
    {
      "type": "Feature",
      "properties": {
        "osm_id": "354752651",
        "layer": "building",
        "building": "yes"
      },
      "geometry": {
        "type": "Polygon",
        "coordinates": [
          [
            [
              80.2530956,
              13.0086644
            ],
            [
              80.2531015,
              13.0087739
            ],
            [
              80.2531702,
              13.0087704
            ],
            [
              80.2531643,
              13.0086609
            ],
            [
              80.2530956,
              13.0086644
            ]
          ]
        ]
      }
    },
    {
      "type": "Feature",
      "properties": {
        "osm_id": "354752652",
        "layer": "building",
        "building": "yes"
      },
      "geometry": {
        "type": "Polygon",
        "coordinates": [
          [
            [
              80.2533713,
              13.0068627
            ],
            [
              80.253384,
              13.0071709
            ],
            [
              80.2535292,
              13.0071652
            ],
            [
              80.2535165,
              13.006857
            ],
            [
              80.2533713,
              13.0068627
            ]
          ]
        ]
      }
    },
    {
      "type": "Feature",
      "properties": {
        "osm_id": "354752653",
        "layer": "building",
        "building": "yes"
      },
      "geometry": {
        "type": "Polygon",
        "coordinates": [
          [
            [
              80.2576758,
              13.008589
            ],
            [
              80.2578127,
              13.0085855
            ],
            [
              80.2578104,
              13.0084976
            ],
            [
              80.2576735,
              13.008501
            ],
            [
              80.2576758,
              13.008589
            ]
          ]
        ]
      }
    },
    {
      "type": "Feature",
      "properties": {
        "osm_id": "354752654",
        "layer": "building",
        "building": "yes"
      },
      "geometry": {
        "type": "Polygon",
        "coordinates": [
          [
            [
              80.2575728,
              13.007749
            ],
            [
              80.2577532,
              13.0074853
            ],
            [
              80.2576484,
              13.0074173
            ],
            [
              80.257468,
              13.0076809
            ],
            [
              80.2575728,
              13.007749
            ]
          ]
        ]
      }
    },
    {
      "type": "Feature",
      "properties": {
        "osm_id": "354752655",
        "layer": "building",
        "building": "yes"
      },
      "geometry": {
        "type": "Polygon",
        "coordinates": [
          [
            [
              80.2530429,
              13.0080022
            ],
            [
              80.2530454,
              13.0081185
            ],
            [
              80.2531899,
              13.0081156
            ],
            [
              80.2531874,
              13.0079993
            ],
            [
              80.2530429,
              13.0080022
            ]
          ]
        ]
      }
    },
    {
      "type": "Feature",
      "properties": {
        "osm_id": "354752658",
        "layer": "building",
        "building": "yes"
      },
      "geometry": {
        "type": "Polygon",
        "coordinates": [
          [
            [
              80.254575,
              13.0079591
            ],
            [
              80.2547226,
              13.0079452
            ],
            [
              80.2547105,
              13.0078232
            ],
            [
              80.254563,
              13.007837
            ],
            [
              80.254575,
              13.0079591
            ]
          ]
        ]
      }
    },
    {
      "type": "Feature",
      "properties": {
        "osm_id": "354752660",
        "layer": "building",
        "building": "yes"
      },
      "geometry": {
        "type": "Polygon",
        "coordinates": [
          [
            [
              80.2570082,
              13.0088889
            ],
            [
              80.2571585,
              13.0088805
            ],
            [
              80.2571524,
              13.0087762
            ],
            [
              80.257002,
              13.0087846
            ],
            [
              80.2570082,
              13.0088889
            ]
          ]
        ]
      }
    },
    {
      "type": "Feature",
      "properties": {
        "osm_id": "354752661",
        "layer": "building",
        "building": "yes"
      },
      "geometry": {
        "type": "Polygon",
        "coordinates": [
          [
            [
              80.2568961,
              13.0074583
            ],
            [
              80.2570756,
              13.007506
            ],
            [
              80.2571047,
              13.007402
            ],
            [
              80.2569252,
              13.0073543
            ],
            [
              80.2568961,
              13.0074583
            ]
          ]
        ]
      }
    },
    {
      "type": "Feature",
      "properties": {
        "osm_id": "354752662",
        "layer": "building",
        "building": "yes"
      },
      "geometry": {
        "type": "Polygon",
        "coordinates": [
          [
            [
              80.256055,
              13.008564
            ],
            [
              80.2560736,
              13.0088556
            ],
            [
              80.2562092,
              13.0088474
            ],
            [
              80.2561906,
              13.0085558
            ],
            [
              80.256055,
              13.008564
            ]
          ]
        ]
      }
    },
    {
      "type": "Feature",
      "properties": {
        "osm_id": "354752664",
        "layer": "building",
        "building": "yes"
      },
      "geometry": {
        "type": "Polygon",
        "coordinates": [
          [
            [
              80.2545547,
              13.0075166
            ],
            [
              80.2547494,
              13.0075049
            ],
            [
              80.2547397,
              13.0073535
            ],
            [
              80.2545451,
              13.0073652
            ],
            [
              80.2545547,
              13.0075166
            ]
          ]
        ]
      }
    },
    {
      "type": "Feature",
      "properties": {
        "osm_id": "354752665",
        "layer": "building",
        "building": "yes"
      },
      "geometry": {
        "type": "Polygon",
        "coordinates": [
          [
            [
              80.2558149,
              13.0089251
            ],
            [
              80.2559708,
              13.0089152
            ],
            [
              80.2559651,
              13.0088293
            ],
            [
              80.2558091,
              13.0088391
            ],
            [
              80.2558149,
              13.0089251
            ]
          ]
        ]
      }
    },
    {
      "type": "Feature",
      "properties": {
        "osm_id": "354752667",
        "layer": "building",
        "building": "yes"
      },
      "geometry": {
        "type": "Polygon",
        "coordinates": [
          [
            [
              80.2530026,
              13.0091234
            ],
            [
              80.2530168,
              13.0093779
            ],
            [
              80.2531423,
              13.0093713
            ],
            [
              80.2531281,
              13.0091167
            ],
            [
              80.2530026,
              13.0091234
            ]
          ]
        ]
      }
    },
    {
      "type": "Feature",
      "properties": {
        "osm_id": "354752675",
        "layer": "building",
        "building": "yes"
      },
      "geometry": {
        "type": "Polygon",
        "coordinates": [
          [
            [
              80.2561424,
              13.0068154
            ],
            [
              80.2562061,
              13.0068134
            ],
            [
              80.2562031,
              13.0067227
            ],
            [
              80.2561394,
              13.0067247
            ],
            [
              80.2561424,
              13.0068154
            ]
          ]
        ]
      }
    },
    {
      "type": "Feature",
      "properties": {
        "osm_id": "354752679",
        "layer": "building",
        "building": "yes"
      },
      "geometry": {
        "type": "Polygon",
        "coordinates": [
          [
            [
              80.2534886,
              13.0082447
            ],
            [
              80.2535057,
              13.0085213
            ],
            [
              80.2536141,
              13.0085149
            ],
            [
              80.2535971,
              13.0082383
            ],
            [
              80.2534886,
              13.0082447
            ]
          ]
        ]
      }
    },
    {
      "type": "Feature",
      "properties": {
        "osm_id": "354752683",
        "layer": "building",
        "building": "yes"
      },
      "geometry": {
        "type": "Polygon",
        "coordinates": [
          [
            [
              80.2557313,
              13.0081078
            ],
            [
              80.2557483,
              13.0083825
            ],
            [
              80.2558807,
              13.0083747
            ],
            [
              80.2558637,
              13.0081
            ],
            [
              80.2557313,
              13.0081078
            ]
          ]
        ]
      }
    },
    {
      "type": "Feature",
      "properties": {
        "osm_id": "354752685",
        "layer": "building",
        "building": "yes"
      },
      "geometry": {
        "type": "Polygon",
        "coordinates": [
          [
            [
              80.2566425,
              13.009027
            ],
            [
              80.2567493,
              13.0090288
            ],
            [
              80.2567508,
              13.0089417
            ],
            [
              80.256644,
              13.00894
            ],
            [
              80.2566425,
              13.009027
            ]
          ]
        ]
      }
    },
    {
      "type": "Feature",
      "properties": {
        "osm_id": "354752690",
        "layer": "building",
        "building": "yes"
      },
      "geometry": {
        "type": "Polygon",
        "coordinates": [
          [
            [
              80.2541588,
              13.0075301
            ],
            [
              80.2542814,
              13.0075201
            ],
            [
              80.2542713,
              13.0074022
            ],
            [
              80.2541486,
              13.0074122
            ],
            [
              80.2541588,
              13.0075301
            ]
          ]
        ]
      }
    },
    {
      "type": "Feature",
      "properties": {
        "osm_id": "354752692",
        "layer": "building",
        "building": "yes"
      },
      "geometry": {
        "type": "Polygon",
        "coordinates": [
          [
            [
              80.2531109,
              13.0090427
            ],
            [
              80.2532525,
              13.0090347
            ],
            [
              80.2532393,
              13.0088138
            ],
            [
              80.2530978,
              13.0088218
            ],
            [
              80.2531109,
              13.0090427
            ]
          ]
        ]
      }
    },
    {
      "type": "Feature",
      "properties": {
        "osm_id": "354752694",
        "layer": "building",
        "building": "yes"
      },
      "geometry": {
        "type": "Polygon",
        "coordinates": [
          [
            [
              80.2525773,
              13.0069194
            ],
            [
              80.2525887,
              13.0072387
            ],
            [
              80.2527655,
              13.0072327
            ],
            [
              80.2527542,
              13.0069134
            ],
            [
              80.2525773,
              13.0069194
            ]
          ]
        ]
      }
    },
    {
      "type": "Feature",
      "properties": {
        "osm_id": "354752696",
        "layer": "building",
        "building": "yes"
      },
      "geometry": {
        "type": "Polygon",
        "coordinates": [
          [
            [
              80.2539141,
              13.0075467
            ],
            [
              80.2540817,
              13.0075457
            ],
            [
              80.2540806,
              13.0073792
            ],
            [
              80.2539131,
              13.0073802
            ],
            [
              80.2539141,
              13.0075467
            ]
          ]
        ]
      }
    },
    {
      "type": "Feature",
      "properties": {
        "osm_id": "354752698",
        "layer": "building",
        "building": "yes"
      },
      "geometry": {
        "type": "Polygon",
        "coordinates": [
          [
            [
              80.2535897,
              13.0069263
            ],
            [
              80.2537742,
              13.0069221
            ],
            [
              80.2537716,
              13.0068113
            ],
            [
              80.2535871,
              13.0068154
            ],
            [
              80.2535897,
              13.0069263
            ]
          ]
        ]
      }
    },
    {
      "type": "Feature",
      "properties": {
        "osm_id": "354752700",
        "layer": "building",
        "building": "yes"
      },
      "geometry": {
        "type": "Polygon",
        "coordinates": [
          [
            [
              80.2581325,
              13.0089448
            ],
            [
              80.2584375,
              13.0089406
            ],
            [
              80.2584353,
              13.0087903
            ],
            [
              80.2581303,
              13.0087945
            ],
            [
              80.2581325,
              13.0089448
            ]
          ]
        ]
      }
    },
    {
      "type": "Feature",
      "properties": {
        "osm_id": "354752707",
        "layer": "building",
        "building": "yes"
      },
      "geometry": {
        "type": "Polygon",
        "coordinates": [
          [
            [
              80.2540393,
              13.0082163
            ],
            [
              80.2540507,
              13.0085038
            ],
            [
              80.2541648,
              13.0084996
            ],
            [
              80.2541534,
              13.008212
            ],
            [
              80.2540393,
              13.0082163
            ]
          ]
        ]
      }
    },
    {
      "type": "Feature",
      "properties": {
        "osm_id": "354752709",
        "layer": "building",
        "building": "yes"
      },
      "geometry": {
        "type": "Polygon",
        "coordinates": [
          [
            [
              80.2531675,
              13.0090939
            ],
            [
              80.2531744,
              13.0092
            ],
            [
              80.2533333,
              13.0091903
            ],
            [
              80.2533265,
              13.0090841
            ],
            [
              80.2531675,
              13.0090939
            ]
          ]
        ]
      }
    },
    {
      "type": "Feature",
      "properties": {
        "osm_id": "354752711",
        "layer": "building",
        "building": "yes"
      },
      "geometry": {
        "type": "Polygon",
        "coordinates": [
          [
            [
              80.2551576,
              13.0081254
            ],
            [
              80.255169,
              13.0084101
            ],
            [
              80.25529,
              13.0084056
            ],
            [
              80.2552786,
              13.0081208
            ],
            [
              80.2551576,
              13.0081254
            ]
          ]
        ]
      }
    },
    {
      "type": "Feature",
      "properties": {
        "osm_id": "354752712",
        "layer": "building",
        "building": "yes"
      },
      "geometry": {
        "type": "Polygon",
        "coordinates": [
          [
            [
              80.2528281,
              13.0089455
            ],
            [
              80.2529556,
              13.008944
            ],
            [
              80.2529528,
              13.0087069
            ],
            [
              80.2528253,
              13.0087083
            ],
            [
              80.2528281,
              13.0089455
            ]
          ]
        ]
      }
    },
    {
      "type": "Feature",
      "properties": {
        "osm_id": "354752714",
        "layer": "building",
        "building": "yes"
      },
      "geometry": {
        "type": "Polygon",
        "coordinates": [
          [
            [
              80.2549896,
              13.0081888
            ],
            [
              80.255126,
              13.0081839
            ],
            [
              80.2551235,
              13.0081182
            ],
            [
              80.2549871,
              13.0081231
            ],
            [
              80.2549896,
              13.0081888
            ]
          ]
        ]
      }
    },
    {
      "type": "Feature",
      "properties": {
        "osm_id": "354752718",
        "layer": "building",
        "building": "yes"
      },
      "geometry": {
        "type": "Polygon",
        "coordinates": [
          [
            [
              80.2570004,
              13.0087241
            ],
            [
              80.2571634,
              13.0087211
            ],
            [
              80.2571592,
              13.0085044
            ],
            [
              80.2569962,
              13.0085074
            ],
            [
              80.2570004,
              13.0087241
            ]
          ]
        ]
      }
    },
    {
      "type": "Feature",
      "properties": {
        "osm_id": "354752719",
        "layer": "building",
        "building": "yes"
      },
      "geometry": {
        "type": "Polygon",
        "coordinates": [
          [
            [
              80.2573036,
              13.0074638
            ],
            [
              80.2574555,
              13.0075605
            ],
            [
              80.2575829,
              13.0073705
            ],
            [
              80.257431,
              13.0072739
            ],
            [
              80.2573036,
              13.0074638
            ]
          ]
        ]
      }
    },
    {
      "type": "Feature",
      "properties": {
        "osm_id": "354752720",
        "layer": "building",
        "building": "yes"
      },
      "geometry": {
        "type": "Polygon",
        "coordinates": [
          [
            [
              80.2569422,
              13.0073118
            ],
            [
              80.257121,
              13.0073553
            ],
            [
              80.2571581,
              13.0072109
            ],
            [
              80.2569793,
              13.0071673
            ],
            [
              80.2569422,
              13.0073118
            ]
          ]
        ]
      }
    },
    {
      "type": "Feature",
      "properties": {
        "osm_id": "354752721",
        "layer": "building",
        "building": "yes"
      },
      "geometry": {
        "type": "Polygon",
        "coordinates": [
          [
            [
              80.2554611,
              13.0088262
            ],
            [
              80.2555324,
              13.0088227
            ],
            [
              80.2555241,
              13.0086588
            ],
            [
              80.2554527,
              13.0086622
            ],
            [
              80.2554611,
              13.0088262
            ]
          ]
        ]
      }
    },
    {
      "type": "Feature",
      "properties": {
        "osm_id": "354752722",
        "layer": "building",
        "building": "yes"
      },
      "geometry": {
        "type": "Polygon",
        "coordinates": [
          [
            [
              80.25631,
              13.0067951
            ],
            [
              80.2564936,
              13.0067863
            ],
            [
              80.2564894,
              13.0067034
            ],
            [
              80.2563058,
              13.0067122
            ],
            [
              80.25631,
              13.0067951
            ]
          ]
        ]
      }
    },
    {
      "type": "Feature",
      "properties": {
        "osm_id": "354752725",
        "layer": "building",
        "building": "yes"
      },
      "geometry": {
        "type": "Polygon",
        "coordinates": [
          [
            [
              80.2575353,
              13.0072355
            ],
            [
              80.2576791,
              13.0070165
            ],
            [
              80.2574866,
              13.0068966
            ],
            [
              80.2574339,
              13.0070493
            ],
            [
              80.2575306,
              13.0071198
            ],
            [
              80.2574781,
              13.0071998
            ],
            [
              80.2575353,
              13.0072355
            ]
          ]
        ]
      }
    },
    {
      "type": "Feature",
      "properties": {
        "osm_id": "354752726",
        "layer": "building",
        "building": "yes"
      },
      "geometry": {
        "type": "Polygon",
        "coordinates": [
          [
            [
              80.258457,
              13.0084719
            ],
            [
              80.2584871,
              13.0086518
            ],
            [
              80.2588251,
              13.0085982
            ],
            [
              80.2588073,
              13.0084913
            ],
            [
              80.2585813,
              13.0085271
            ],
            [
              80.2585691,
              13.0084541
            ],
            [
              80.258457,
              13.0084719
            ]
          ]
        ]
      }
    },
    {
      "type": "Feature",
      "properties": {
        "osm_id": "354752727",
        "layer": "building",
        "building": "yes"
      },
      "geometry": {
        "type": "Polygon",
        "coordinates": [
          [
            [
              80.2585169,
              13.0089181
            ],
            [
              80.2587864,
              13.0089121
            ],
            [
              80.2587829,
              13.0087652
            ],
            [
              80.2587435,
              13.0087661
            ],
            [
              80.2587428,
              13.0087395
            ],
            [
              80.2585128,
              13.0087446
            ],
            [
              80.2585169,
              13.0089181
            ]
          ]
        ]
      }
    },
    {
      "type": "Feature",
      "properties": {
        "osm_id": "354752728",
        "layer": "building",
        "building": "yes"
      },
      "geometry": {
        "type": "Polygon",
        "coordinates": [
          [
            [
              80.2553212,
              13.008569
            ],
            [
              80.2553435,
              13.0089439
            ],
            [
              80.2555215,
              13.0089339
            ],
            [
              80.2555183,
              13.0088801
            ],
            [
              80.2554184,
              13.0088858
            ],
            [
              80.2553994,
              13.0085646
            ],
            [
              80.2553212,
              13.008569
            ]
          ]
        ]
      }
    },
    {
      "type": "Feature",
      "properties": {
        "osm_id": "354752729",
        "layer": "building",
        "building": "yes"
      },
      "geometry": {
        "type": "Polygon",
        "coordinates": [
          [
            [
              80.2528385,
              13.0090904
            ],
            [
              80.2530501,
              13.0090786
            ],
            [
              80.2530441,
              13.0089774
            ],
            [
              80.2529212,
              13.0089843
            ],
            [
              80.2529221,
              13.0089984
            ],
            [
              80.2528333,
              13.0090034
            ],
            [
              80.2528385,
              13.0090904
            ]
          ]
        ]
      }
    },
    {
      "type": "Feature",
      "properties": {
        "osm_id": "354752731",
        "layer": "building",
        "building": "yes"
      },
      "geometry": {
        "type": "Polygon",
        "coordinates": [
          [
            [
              80.2572452,
              13.0081358
            ],
            [
              80.2572499,
              13.0082454
            ],
            [
              80.2572881,
              13.0082438
            ],
            [
              80.2572923,
              13.0083397
            ],
            [
              80.2575892,
              13.0083275
            ],
            [
              80.2575803,
              13.008122
            ],
            [
              80.2572452,
              13.0081358
            ]
          ]
        ]
      }
    },
    {
      "type": "Feature",
      "properties": {
        "osm_id": "354752732",
        "layer": "building",
        "building": "yes"
      },
      "geometry": {
        "type": "Polygon",
        "coordinates": [
          [
            [
              80.2532931,
              13.0085054
            ],
            [
              80.2534125,
              13.0085015
            ],
            [
              80.2534085,
              13.0083869
            ],
            [
              80.2533702,
              13.0083881
            ],
            [
              80.2533662,
              13.0082731
            ],
            [
              80.2532852,
              13.0082757
            ],
            [
              80.2532931,
              13.0085054
            ]
          ]
        ]
      }
    },
    {
      "type": "Feature",
      "properties": {
        "osm_id": "354752733",
        "layer": "building",
        "building": "yes"
      },
      "geometry": {
        "type": "Polygon",
        "coordinates": [
          [
            [
              80.2547949,
              13.0067811
            ],
            [
              80.2548077,
              13.007124
            ],
            [
              80.2549861,
              13.0071176
            ],
            [
              80.2549843,
              13.0070681
            ],
            [
              80.2548912,
              13.0070714
            ],
            [
              80.2548803,
              13.0067781
            ],
            [
              80.2547949,
              13.0067811
            ]
          ]
        ]
      }
    },
    {
      "type": "Feature",
      "properties": {
        "osm_id": "354752735",
        "layer": "building",
        "building": "yes"
      },
      "geometry": {
        "type": "Polygon",
        "coordinates": [
          [
            [
              80.2577128,
              13.0074387
            ],
            [
              80.2579207,
              13.0071871
            ],
            [
              80.2577371,
              13.0070431
            ],
            [
              80.2575869,
              13.0072248
            ],
            [
              80.2576122,
              13.0072447
            ],
            [
              80.2575545,
              13.0073146
            ],
            [
              80.2577128,
              13.0074387
            ]
          ]
        ]
      }
    },
    {
      "type": "Feature",
      "properties": {
        "osm_id": "354752736",
        "layer": "building",
        "building": "yes"
      },
      "geometry": {
        "type": "Polygon",
        "coordinates": [
          [
            [
              80.2537713,
              13.0091782
            ],
            [
              80.2537784,
              13.0092863
            ],
            [
              80.2538614,
              13.0092811
            ],
            [
              80.2538591,
              13.0092458
            ],
            [
              80.2538777,
              13.0092447
            ],
            [
              80.253873,
              13.0091719
            ],
            [
              80.2537713,
              13.0091782
            ]
          ]
        ]
      }
    },
    {
      "type": "Feature",
      "properties": {
        "osm_id": "354752742",
        "layer": "building",
        "building": "yes"
      },
      "geometry": {
        "type": "Polygon",
        "coordinates": [
          [
            [
              80.2573702,
              13.0089585
            ],
            [
              80.2573831,
              13.0092376
            ],
            [
              80.2575019,
              13.0092324
            ],
            [
              80.257496,
              13.0091054
            ],
            [
              80.2574432,
              13.0091077
            ],
            [
              80.2574416,
              13.0090729
            ],
            [
              80.2574944,
              13.0090706
            ],
            [
              80.257489,
              13.0089533
            ],
            [
              80.2573702,
              13.0089585
            ]
          ]
        ]
      }
    },
    {
      "type": "Feature",
      "properties": {
        "osm_id": "354752744",
        "layer": "building",
        "building": "yes"
      },
      "geometry": {
        "type": "Polygon",
        "coordinates": [
          [
            [
              80.2563942,
              13.0072334
            ],
            [
              80.256396,
              13.0073171
            ],
            [
              80.2564096,
              13.0073168
            ],
            [
              80.2564102,
              13.007341
            ],
            [
              80.2564241,
              13.0073407
            ],
            [
              80.2564244,
              13.0073559
            ],
            [
              80.2565281,
              13.0073537
            ],
            [
              80.2565254,
              13.0072306
            ],
            [
              80.2563942,
              13.0072334
            ]
          ]
        ]
      }
    },
    {
      "type": "Feature",
      "properties": {
        "osm_id": "354752760",
        "layer": "building",
        "building": "yes"
      },
      "geometry": {
        "type": "Polygon",
        "coordinates": [
          [
            [
              80.2524475,
              13.0091569
            ],
            [
              80.2524515,
              13.0092761
            ],
            [
              80.2524367,
              13.0092765
            ],
            [
              80.2524384,
              13.0093279
            ],
            [
              80.2524532,
              13.0093274
            ],
            [
              80.2524566,
              13.0094321
            ],
            [
              80.2525612,
              13.0094288
            ],
            [
              80.2525521,
              13.0091536
            ],
            [
              80.2524475,
              13.0091569
            ]
          ]
        ]
      }
    },
    {
      "type": "Feature",
      "properties": {
        "osm_id": "354752764",
        "layer": "building",
        "building": "yes"
      },
      "geometry": {
        "type": "Polygon",
        "coordinates": [
          [
            [
              80.2559128,
              13.0069978
            ],
            [
              80.2559131,
              13.0070235
            ],
            [
              80.2559286,
              13.0070234
            ],
            [
              80.2559289,
              13.0070567
            ],
            [
              80.2559458,
              13.0070566
            ],
            [
              80.2559461,
              13.0070812
            ],
            [
              80.2560011,
              13.0070807
            ],
            [
              80.2560003,
              13.006997
            ],
            [
              80.2559128,
              13.0069978
            ]
          ]
        ]
      }
    },
    {
      "type": "Feature",
      "properties": {
        "osm_id": "354752767",
        "layer": "building",
        "building": "yes"
      },
      "geometry": {
        "type": "Polygon",
        "coordinates": [
          [
            [
              80.257044,
              13.0067644
            ],
            [
              80.2570255,
              13.0068228
            ],
            [
              80.2570679,
              13.0068355
            ],
            [
              80.2570445,
              13.0069094
            ],
            [
              80.2572245,
              13.0069636
            ],
            [
              80.2572477,
              13.0068903
            ],
            [
              80.257269,
              13.0068967
            ],
            [
              80.2572877,
              13.0068378
            ],
            [
              80.257044,
              13.0067644
            ]
          ]
        ]
      }
    },
    {
      "type": "Feature",
      "properties": {
        "osm_id": "354752770",
        "layer": "building",
        "building": "yes"
      },
      "geometry": {
        "type": "Polygon",
        "coordinates": [
          [
            [
              80.25653,
              13.0086869
            ],
            [
              80.2565328,
              13.0087481
            ],
            [
              80.2565675,
              13.0087465
            ],
            [
              80.2565693,
              13.0087851
            ],
            [
              80.2566444,
              13.0087818
            ],
            [
              80.2566429,
              13.0087488
            ],
            [
              80.2566904,
              13.0087468
            ],
            [
              80.2566873,
              13.00868
            ],
            [
              80.25653,
              13.0086869
            ]
          ]
        ]
      }
    },
    {
      "type": "Feature",
      "properties": {
        "osm_id": "354752772",
        "layer": "building",
        "building": "yes"
      },
      "geometry": {
        "type": "Polygon",
        "coordinates": [
          [
            [
              80.2576873,
              13.0087696
            ],
            [
              80.2577717,
              13.0087675
            ],
            [
              80.2577707,
              13.0087273
            ],
            [
              80.257794,
              13.0087268
            ],
            [
              80.2577913,
              13.008625
            ],
            [
              80.2577245,
              13.0086266
            ],
            [
              80.2577249,
              13.0086429
            ],
            [
              80.257684,
              13.0086439
            ],
            [
              80.2576873,
              13.0087696
            ]
          ]
        ]
      }
    },
    {
      "type": "Feature",
      "properties": {
        "osm_id": "354752774",
        "layer": "building",
        "building": "yes"
      },
      "geometry": {
        "type": "Polygon",
        "coordinates": [
          [
            [
              80.2540719,
              13.0090652
            ],
            [
              80.2540755,
              13.0091194
            ],
            [
              80.2541504,
              13.0091146
            ],
            [
              80.2541533,
              13.0091586
            ],
            [
              80.2542127,
              13.0091549
            ],
            [
              80.2542113,
              13.009133
            ],
            [
              80.2542413,
              13.0091311
            ],
            [
              80.2542362,
              13.0090548
            ],
            [
              80.2540719,
              13.0090652
            ]
          ]
        ]
      }
    },
    {
      "type": "Feature",
      "properties": {
        "osm_id": "354752776",
        "layer": "building",
        "building": "yes"
      },
      "geometry": {
        "type": "Polygon",
        "coordinates": [
          [
            [
              80.2556055,
              13.0088317
            ],
            [
              80.2557291,
              13.0088309
            ],
            [
              80.2557268,
              13.008714
            ],
            [
              80.2556928,
              13.0087147
            ],
            [
              80.2556924,
              13.0086926
            ],
            [
              80.255626,
              13.0086939
            ],
            [
              80.2556263,
              13.0087113
            ],
            [
              80.255573,
              13.0087109
            ],
            [
              80.2556055,
              13.0088317
            ]
          ]
        ]
      }
    },
    {
      "type": "Feature",
      "properties": {
        "osm_id": "354752778",
        "layer": "building",
        "building": "yes"
      },
      "geometry": {
        "type": "Polygon",
        "coordinates": [
          [
            [
              80.2561344,
              13.0079238
            ],
            [
              80.2562929,
              13.0079169
            ],
            [
              80.2562898,
              13.0078496
            ],
            [
              80.2563331,
              13.0078477
            ],
            [
              80.2563307,
              13.0077967
            ],
            [
              80.2562875,
              13.0077985
            ],
            [
              80.2562823,
              13.0076834
            ],
            [
              80.2561238,
              13.0076902
            ],
            [
              80.2561344,
              13.0079238
            ]
          ]
        ]
      }
    },
    {
      "type": "Feature",
      "properties": {
        "osm_id": "354752780",
        "layer": "building",
        "building": "yes"
      },
      "geometry": {
        "type": "Polygon",
        "coordinates": [
          [
            [
              80.253796,
              13.0089146
            ],
            [
              80.2538712,
              13.0089138
            ],
            [
              80.2538707,
              13.0088702
            ],
            [
              80.2539103,
              13.0088697
            ],
            [
              80.2539096,
              13.0088039
            ],
            [
              80.2538499,
              13.0088046
            ],
            [
              80.2538497,
              13.0087877
            ],
            [
              80.2537946,
              13.0087883
            ],
            [
              80.253796,
              13.0089146
            ]
          ]
        ]
      }
    },
    {
      "type": "Feature",
      "properties": {
        "osm_id": "354752782",
        "layer": "building",
        "building": "yes"
      },
      "geometry": {
        "type": "Polygon",
        "coordinates": [
          [
            [
              80.2560381,
              13.0068509
            ],
            [
              80.2560409,
              13.0070555
            ],
            [
              80.2560847,
              13.007055
            ],
            [
              80.2560849,
              13.0070693
            ],
            [
              80.2561265,
              13.0070688
            ],
            [
              80.2561263,
              13.0070544
            ],
            [
              80.2561561,
              13.007054
            ],
            [
              80.2561534,
              13.0068495
            ],
            [
              80.2560381,
              13.0068509
            ]
          ]
        ]
      }
    },
    {
      "type": "Feature",
      "properties": {
        "osm_id": "354752784",
        "layer": "building",
        "building": "yes"
      },
      "geometry": {
        "type": "Polygon",
        "coordinates": [
          [
            [
              80.2526293,
              13.0091445
            ],
            [
              80.2526331,
              13.0093571
            ],
            [
              80.2526603,
              13.0093566
            ],
            [
              80.2526608,
              13.0093811
            ],
            [
              80.2526336,
              13.0093815
            ],
            [
              80.2526342,
              13.0094147
            ],
            [
              80.2527405,
              13.0094129
            ],
            [
              80.2527357,
              13.0091427
            ],
            [
              80.2526293,
              13.0091445
            ]
          ]
        ]
      }
    },
    {
      "type": "Feature",
      "properties": {
        "osm_id": "354752803",
        "layer": "building",
        "building": "yes"
      },
      "geometry": {
        "type": "Polygon",
        "coordinates": [
          [
            [
              80.2523317,
              13.0088314
            ],
            [
              80.2523366,
              13.0089879
            ],
            [
              80.2525103,
              13.0089827
            ],
            [
              80.252505,
              13.0088155
            ],
            [
              80.2524423,
              13.0088174
            ],
            [
              80.2524419,
              13.0088046
            ],
            [
              80.252382,
              13.0088064
            ],
            [
              80.2523827,
              13.0088298
            ],
            [
              80.2523317,
              13.0088314
            ]
          ]
        ]
      }
    },
    {
      "type": "Feature",
      "properties": {
        "osm_id": "354752805",
        "layer": "building",
        "building": "yes"
      },
      "geometry": {
        "type": "Polygon",
        "coordinates": [
          [
            [
              80.257828,
              13.0079362
            ],
            [
              80.2578633,
              13.0079782
            ],
            [
              80.2579051,
              13.0079449
            ],
            [
              80.2579225,
              13.0079655
            ],
            [
              80.2579433,
              13.0079902
            ],
            [
              80.2579712,
              13.0079679
            ],
            [
              80.2580123,
              13.0080168
            ],
            [
              80.2581488,
              13.0079079
            ],
            [
              80.2580342,
              13.0077716
            ],
            [
              80.257828,
              13.0079362
            ]
          ]
        ]
      }
    },
    {
      "type": "Feature",
      "properties": {
        "osm_id": "354766316",
        "layer": "building",
        "building": "yes"
      },
      "geometry": {
        "type": "Polygon",
        "coordinates": [
          [
            [
              80.2536584,
              13.0102203
            ],
            [
              80.2538546,
              13.0102641
            ],
            [
              80.2538499,
              13.010284
            ],
            [
              80.2539336,
              13.0103027
            ],
            [
              80.2539499,
              13.0102332
            ],
            [
              80.2538911,
              13.01022
            ],
            [
              80.2538981,
              13.0101903
            ],
            [
              80.253957,
              13.0102035
            ],
            [
              80.2539732,
              13.0101348
            ],
            [
              80.2538888,
              13.010116
            ],
            [
              80.2538842,
              13.0101358
            ],
            [
              80.2537581,
              13.0101077
            ],
            [
              80.2537629,
              13.0100878
            ],
            [
              80.2536933,
              13.0100723
            ],
            [
              80.2536776,
              13.0101387
            ],
            [
              80.2537348,
              13.0101515
            ],
            [
              80.2537288,
              13.0101771
            ],
            [
              80.2536716,
              13.0101643
            ],
            [
              80.2536584,
              13.0102203
            ]
          ]
        ]
      }
    },
    {
      "type": "Feature",
      "properties": {
        "osm_id": "354766321",
        "layer": "building",
        "building": "yes"
      },
      "geometry": {
        "type": "Polygon",
        "coordinates": [
          [
            [
              80.2523555,
              13.012204
            ],
            [
              80.2524161,
              13.012277
            ],
            [
              80.2524072,
              13.012284
            ],
            [
              80.2524832,
              13.0123754
            ],
            [
              80.2525237,
              13.0123435
            ],
            [
              80.2525015,
              13.0123167
            ],
            [
              80.2525296,
              13.0122945
            ],
            [
              80.2524787,
              13.0122333
            ],
            [
              80.25247,
              13.0122401
            ],
            [
              80.2524066,
              13.0121637
            ],
            [
              80.2523555,
              13.012204
            ]
          ]
        ]
      }
    },
    {
      "type": "Feature",
      "properties": {
        "osm_id": "354766339",
        "layer": "building",
        "building": "yes"
      },
      "geometry": {
        "type": "Polygon",
        "coordinates": [
          [
            [
              80.2538342,
              13.0112277
            ],
            [
              80.2539237,
              13.0110836
            ],
            [
              80.2538744,
              13.0110546
            ],
            [
              80.2538674,
              13.0110659
            ],
            [
              80.2538256,
              13.0110412
            ],
            [
              80.2538173,
              13.0110547
            ],
            [
              80.2537876,
              13.0110372
            ],
            [
              80.2537276,
              13.0111338
            ],
            [
              80.2538172,
              13.0111867
            ],
            [
              80.2538031,
              13.0112094
            ],
            [
              80.2538342,
              13.0112277
            ]
          ]
        ]
      }
    },
    {
      "type": "Feature",
      "properties": {
        "osm_id": "354766343",
        "layer": "building",
        "building": "yes"
      },
      "geometry": {
        "type": "Polygon",
        "coordinates": [
          [
            [
              80.2532621,
              13.0108665
            ],
            [
              80.2535064,
              13.0110336
            ],
            [
              80.2535422,
              13.0109839
            ],
            [
              80.2535209,
              13.0109693
            ],
            [
              80.2535373,
              13.0109466
            ],
            [
              80.2535586,
              13.0109611
            ],
            [
              80.2535963,
              13.0109087
            ],
            [
              80.2533536,
              13.0107395
            ],
            [
              80.2532621,
              13.0108665
            ]
          ]
        ]
      }
    },
    {
      "type": "Feature",
      "properties": {
        "osm_id": "354766523",
        "layer": "building",
        "building": "yes"
      },
      "geometry": {
        "type": "Polygon",
        "coordinates": [
          [
            [
              80.2532794,
              13.0115668
            ],
            [
              80.2533581,
              13.0116483
            ],
            [
              80.2534302,
              13.0115823
            ],
            [
              80.2533515,
              13.0115007
            ],
            [
              80.2532794,
              13.0115668
            ]
          ]
        ]
      }
    },
    {
      "type": "Feature",
      "properties": {
        "osm_id": "354766602",
        "layer": "building",
        "building": "yes"
      },
      "geometry": {
        "type": "Polygon",
        "coordinates": [
          [
            [
              80.253384,
              13.011318
            ],
            [
              80.2536388,
              13.0115536
            ],
            [
              80.2537278,
              13.0114621
            ],
            [
              80.253473,
              13.0112265
            ],
            [
              80.253384,
              13.011318
            ]
          ]
        ]
      }
    },
    {
      "type": "Feature",
      "properties": {
        "osm_id": "354766610",
        "layer": "building",
        "building": "yes"
      },
      "geometry": {
        "type": "Polygon",
        "coordinates": [
          [
            [
              80.2528471,
              13.0116694
            ],
            [
              80.252989,
              13.0115657
            ],
            [
              80.2529026,
              13.0114536
            ],
            [
              80.2527608,
              13.0115573
            ],
            [
              80.2528471,
              13.0116694
            ]
          ]
        ]
      }
    },
    {
      "type": "Feature",
      "properties": {
        "osm_id": "354766622",
        "layer": "building",
        "building": "yes"
      },
      "geometry": {
        "type": "Polygon",
        "coordinates": [
          [
            [
              80.25291,
              13.0117139
            ],
            [
              80.2531226,
              13.0119729
            ],
            [
              80.2532225,
              13.0118951
            ],
            [
              80.2530098,
              13.0116361
            ],
            [
              80.25291,
              13.0117139
            ]
          ]
        ]
      }
    },
    {
      "type": "Feature",
      "properties": {
        "osm_id": "354766626",
        "layer": "building",
        "building": "yes"
      },
      "geometry": {
        "type": "Polygon",
        "coordinates": [
          [
            [
              80.252642,
              13.0114057
            ],
            [
              80.25273,
              13.0115225
            ],
            [
              80.2528682,
              13.0114237
            ],
            [
              80.2527802,
              13.0113068
            ],
            [
              80.252642,
              13.0114057
            ]
          ]
        ]
      }
    },
    {
      "type": "Feature",
      "properties": {
        "osm_id": "354766717",
        "layer": "building",
        "building": "yes"
      },
      "geometry": {
        "type": "Polygon",
        "coordinates": [
          [
            [
              80.2535379,
              13.0104924
            ],
            [
              80.2537949,
              13.0105856
            ],
            [
              80.2538438,
              13.0104789
            ],
            [
              80.2537836,
              13.0104641
            ],
            [
              80.253816,
              13.010402
            ],
            [
              80.2536622,
              13.0103541
            ],
            [
              80.2536281,
              13.0104115
            ],
            [
              80.2535804,
              13.0104006
            ],
            [
              80.2535379,
              13.0104924
            ]
          ]
        ]
      }
    },
    {
      "type": "Feature",
      "properties": {
        "osm_id": "354773206",
        "layer": "building",
        "building": "retail"
      },
      "geometry": {
        "type": "Polygon",
        "coordinates": [
          [
            [
              80.2539159,
              13.0097749
            ],
            [
              80.2540542,
              13.0097807
            ],
            [
              80.2540628,
              13.0095886
            ],
            [
              80.2539245,
              13.0095827
            ],
            [
              80.2539159,
              13.0097749
            ]
          ]
        ]
      }
    },
    {
      "type": "Feature",
      "properties": {
        "osm_id": "354773208",
        "layer": "building",
        "building": "yes"
      },
      "geometry": {
        "type": "Polygon",
        "coordinates": [
          [
            [
              80.2542633,
              13.0099775
            ],
            [
              80.2544238,
              13.0099902
            ],
            [
              80.2544378,
              13.0098221
            ],
            [
              80.2542773,
              13.0098094
            ],
            [
              80.2542633,
              13.0099775
            ]
          ]
        ]
      }
    },
    {
      "type": "Feature",
      "properties": {
        "osm_id": "354773211",
        "layer": "building",
        "building": "yes"
      },
      "geometry": {
        "type": "Polygon",
        "coordinates": [
          [
            [
              80.2529148,
              13.0100082
            ],
            [
              80.2530427,
              13.0100472
            ],
            [
              80.2530848,
              13.0099162
            ],
            [
              80.252957,
              13.0098772
            ],
            [
              80.2529148,
              13.0100082
            ]
          ]
        ]
      }
    },
    {
      "type": "Feature",
      "properties": {
        "osm_id": "354773213",
        "layer": "building",
        "building": "yes"
      },
      "geometry": {
        "type": "Polygon",
        "coordinates": [
          [
            [
              80.2531517,
              13.009947
            ],
            [
              80.2534587,
              13.0100291
            ],
            [
              80.2534964,
              13.0098952
            ],
            [
              80.2531894,
              13.0098131
            ],
            [
              80.2531517,
              13.009947
            ]
          ]
        ]
      }
    },
    {
      "type": "Feature",
      "properties": {
        "osm_id": "354773216",
        "layer": "building",
        "building": "yes"
      },
      "geometry": {
        "type": "Polygon",
        "coordinates": [
          [
            [
              80.2530641,
              13.0096063
            ],
            [
              80.253038,
              13.0097861
            ],
            [
              80.253119,
              13.0097973
            ],
            [
              80.2531451,
              13.0096174
            ],
            [
              80.2530641,
              13.0096063
            ]
          ]
        ]
      }
    },
    {
      "type": "Feature",
      "properties": {
        "osm_id": "354773219",
        "layer": "building",
        "building": "yes"
      },
      "geometry": {
        "type": "Polygon",
        "coordinates": [
          [
            [
              80.2537776,
              13.0108425
            ],
            [
              80.2540883,
              13.0109974
            ],
            [
              80.2541735,
              13.0108351
            ],
            [
              80.2538628,
              13.0106803
            ],
            [
              80.2537776,
              13.0108425
            ]
          ]
        ]
      }
    },
    {
      "type": "Feature",
      "properties": {
        "osm_id": "354773222",
        "layer": "building",
        "building": "yes"
      },
      "geometry": {
        "type": "Polygon",
        "coordinates": [
          [
            [
              80.2526966,
              13.0099312
            ],
            [
              80.2528651,
              13.0099879
            ],
            [
              80.2529057,
              13.0098734
            ],
            [
              80.2527372,
              13.0098167
            ],
            [
              80.2526966,
              13.0099312
            ]
          ]
        ]
      }
    },
    {
      "type": "Feature",
      "properties": {
        "osm_id": "354773226",
        "layer": "building",
        "building": "yes"
      },
      "geometry": {
        "type": "Polygon",
        "coordinates": [
          [
            [
              80.2531989,
              13.0097338
            ],
            [
              80.2534938,
              13.0097709
            ],
            [
              80.2535125,
              13.00963
            ],
            [
              80.2532176,
              13.0095929
            ],
            [
              80.2531989,
              13.0097338
            ]
          ]
        ]
      }
    },
    {
      "type": "Feature",
      "properties": {
        "osm_id": "354773229",
        "layer": "building",
        "building": "yes"
      },
      "geometry": {
        "type": "Polygon",
        "coordinates": [
          [
            [
              80.2528687,
              13.0096309
            ],
            [
              80.2528567,
              13.0097677
            ],
            [
              80.2529875,
              13.0097786
            ],
            [
              80.2529996,
              13.0096418
            ],
            [
              80.2528687,
              13.0096309
            ]
          ]
        ]
      }
    },
    {
      "type": "Feature",
      "properties": {
        "osm_id": "354773231",
        "layer": "building",
        "building": "yes"
      },
      "geometry": {
        "type": "Polygon",
        "coordinates": [
          [
            [
              80.2538957,
              13.0106058
            ],
            [
              80.2541997,
              13.0107539
            ],
            [
              80.2542545,
              13.0106471
            ],
            [
              80.2539505,
              13.010499
            ],
            [
              80.2538957,
              13.0106058
            ]
          ]
        ]
      }
    },
    {
      "type": "Feature",
      "properties": {
        "osm_id": "354773233",
        "layer": "building",
        "building": "yes"
      },
      "geometry": {
        "type": "Polygon",
        "coordinates": [
          [
            [
              80.2541392,
              13.0102449
            ],
            [
              80.2542786,
              13.0102801
            ],
            [
              80.2543228,
              13.0101138
            ],
            [
              80.2541834,
              13.0100787
            ],
            [
              80.2541392,
              13.0102449
            ]
          ]
        ]
      }
    },
    {
      "type": "Feature",
      "properties": {
        "osm_id": "354773235",
        "layer": "building",
        "building": "yes"
      },
      "geometry": {
        "type": "Polygon",
        "coordinates": [
          [
            [
              80.2537123,
              13.009756
            ],
            [
              80.2538678,
              13.0097599
            ],
            [
              80.2538724,
              13.0095871
            ],
            [
              80.2537169,
              13.0095832
            ],
            [
              80.2537123,
              13.009756
            ]
          ]
        ]
      }
    },
    {
      "type": "Feature",
      "properties": {
        "osm_id": "354773237",
        "layer": "building",
        "building": "yes"
      },
      "geometry": {
        "type": "Polygon",
        "coordinates": [
          [
            [
              80.2540863,
              13.0099615
            ],
            [
              80.2542398,
              13.0099712
            ],
            [
              80.2542506,
              13.0098102
            ],
            [
              80.2540971,
              13.0098004
            ],
            [
              80.2540863,
              13.0099615
            ]
          ]
        ]
      }
    },
    {
      "type": "Feature",
      "properties": {
        "osm_id": "354773239",
        "layer": "building",
        "building": "yes"
      },
      "geometry": {
        "type": "Polygon",
        "coordinates": [
          [
            [
              80.2539585,
              13.0104401
            ],
            [
              80.2540292,
              13.0104652
            ],
            [
              80.2540334,
              13.0104538
            ],
            [
              80.2542246,
              13.0105216
            ],
            [
              80.2542931,
              13.0103384
            ],
            [
              80.2541664,
              13.0102935
            ],
            [
              80.2541327,
              13.0103838
            ],
            [
              80.2540697,
              13.0103615
            ],
            [
              80.2540822,
              13.010328
            ],
            [
              80.25401,
              13.0103024
            ],
            [
              80.2539585,
              13.0104401
            ]
          ]
        ]
      }
    },
    {
      "type": "Feature",
      "properties": {
        "osm_id": "354773241",
        "layer": "building",
        "building": "yes"
      },
      "geometry": {
        "type": "Polygon",
        "coordinates": [
          [
            [
              80.2536829,
              13.0099716
            ],
            [
              80.2540134,
              13.0100425
            ],
            [
              80.254038,
              13.0099335
            ],
            [
              80.2540181,
              13.0099293
            ],
            [
              80.2540334,
              13.0098622
            ],
            [
              80.2538588,
              13.0098248
            ],
            [
              80.2538519,
              13.0098549
            ],
            [
              80.2537159,
              13.0098257
            ],
            [
              80.2536829,
              13.0099716
            ]
          ]
        ]
      }
    },
    {
      "type": "Feature",
      "properties": {
        "osm_id": "354817344",
        "layer": "building",
        "building": "yes"
      },
      "geometry": {
        "type": "Polygon",
        "coordinates": [
          [
            [
              80.2621812,
              13.0070449
            ],
            [
              80.2621783,
              13.0070718
            ],
            [
              80.2621455,
              13.0070685
            ],
            [
              80.2621431,
              13.0070907
            ],
            [
              80.2620953,
              13.0070859
            ],
            [
              80.262088,
              13.0071532
            ],
            [
              80.2621642,
              13.007161
            ],
            [
              80.2621619,
              13.0071825
            ],
            [
              80.2622076,
              13.0071871
            ],
            [
              80.2622224,
              13.0070492
            ],
            [
              80.2621812,
              13.0070449
            ]
          ]
        ]
      }
    },
    {
      "type": "Feature",
      "properties": {
        "osm_id": "354817349",
        "layer": "building",
        "building": "yes"
      },
      "geometry": {
        "type": "Polygon",
        "coordinates": [
          [
            [
              80.2623819,
              13.0068503
            ],
            [
              80.2624494,
              13.006851
            ],
            [
              80.2624503,
              13.0067732
            ],
            [
              80.2624626,
              13.0067733
            ],
            [
              80.2624631,
              13.0067283
            ],
            [
              80.2623877,
              13.0067276
            ],
            [
              80.2623875,
              13.0067428
            ],
            [
              80.2623626,
              13.0067425
            ],
            [
              80.2623619,
              13.0068074
            ],
            [
              80.2623823,
              13.0068076
            ],
            [
              80.2623819,
              13.0068503
            ]
          ]
        ]
      }
    },
    {
      "type": "Feature",
      "properties": {
        "osm_id": "354817356",
        "layer": "building",
        "building": "yes"
      },
      "geometry": {
        "type": "Polygon",
        "coordinates": [
          [
            [
              80.2566899,
              13.006333
            ],
            [
              80.2567427,
              13.0063331
            ],
            [
              80.2567426,
              13.0063463
            ],
            [
              80.2569944,
              13.0063464
            ],
            [
              80.2569944,
              13.0063108
            ],
            [
              80.2570255,
              13.0063109
            ],
            [
              80.2570256,
              13.006114
            ],
            [
              80.256714,
              13.0061139
            ],
            [
              80.2567139,
              13.0061481
            ],
            [
              80.25669,
              13.0061481
            ],
            [
              80.2566899,
              13.006333
            ]
          ]
        ]
      }
    },
    {
      "type": "Feature",
      "properties": {
        "osm_id": "354817387",
        "layer": "building",
        "building": "yes"
      },
      "geometry": {
        "type": "Polygon",
        "coordinates": [
          [
            [
              80.2554332,
              13.0044389
            ],
            [
              80.255433,
              13.0044659
            ],
            [
              80.2554216,
              13.0044658
            ],
            [
              80.2554214,
              13.0044935
            ],
            [
              80.2554375,
              13.0044937
            ],
            [
              80.2554372,
              13.0045289
            ],
            [
              80.2554288,
              13.0045289
            ],
            [
              80.2554284,
              13.0045769
            ],
            [
              80.2554808,
              13.0045773
            ],
            [
              80.2554807,
              13.004597
            ],
            [
              80.2555578,
              13.0045976
            ],
            [
              80.2555591,
              13.0044399
            ],
            [
              80.2554332,
              13.0044389
            ]
          ]
        ]
      }
    },
    {
      "type": "Feature",
      "properties": {
        "osm_id": "354817392",
        "layer": "building",
        "building": "yes"
      },
      "geometry": {
        "type": "Polygon",
        "coordinates": [
          [
            [
              80.2607285,
              13.0066123
            ],
            [
              80.2607265,
              13.0066729
            ],
            [
              80.2607658,
              13.0066741
            ],
            [
              80.2607653,
              13.0066891
            ],
            [
              80.2608057,
              13.0066903
            ],
            [
              80.2608053,
              13.0067036
            ],
            [
              80.2608352,
              13.0067046
            ],
            [
              80.2608346,
              13.0067225
            ],
            [
              80.2608619,
              13.0067234
            ],
            [
              80.2608616,
              13.0067323
            ],
            [
              80.2608785,
              13.0067329
            ],
            [
              80.2608823,
              13.0066172
            ],
            [
              80.2607285,
              13.0066123
            ]
          ]
        ]
      }
    },
    {
      "type": "Feature",
      "properties": {
        "osm_id": "354817393",
        "layer": "building",
        "building": "yes"
      },
      "geometry": {
        "type": "Polygon",
        "coordinates": [
          [
            [
              80.2534021,
              13.0050241
            ],
            [
              80.2534291,
              13.0050249
            ],
            [
              80.253428,
              13.0050635
            ],
            [
              80.2534793,
              13.0050649
            ],
            [
              80.2534804,
              13.0050274
            ],
            [
              80.2535391,
              13.005029
            ],
            [
              80.2535432,
              13.004892
            ],
            [
              80.2534984,
              13.0048907
            ],
            [
              80.2534993,
              13.0048591
            ],
            [
              80.2533951,
              13.0048562
            ],
            [
              80.2533934,
              13.0049152
            ],
            [
              80.2534053,
              13.0049155
            ],
            [
              80.2534021,
              13.0050241
            ]
          ]
        ]
      }
    },
    {
      "type": "Feature",
      "properties": {
        "osm_id": "354817394",
        "layer": "building",
        "building": "yes"
      },
      "geometry": {
        "type": "Polygon",
        "coordinates": [
          [
            [
              80.2599925,
              13.0064234
            ],
            [
              80.2599925,
              13.0065105
            ],
            [
              80.2599772,
              13.0065105
            ],
            [
              80.2599772,
              13.0065735
            ],
            [
              80.2599925,
              13.0065735
            ],
            [
              80.2599925,
              13.0066434
            ],
            [
              80.2599772,
              13.0066434
            ],
            [
              80.2599772,
              13.0067316
            ],
            [
              80.2601771,
              13.0067316
            ],
            [
              80.2601771,
              13.0066377
            ],
            [
              80.260103,
              13.0066377
            ],
            [
              80.260103,
              13.0065632
            ],
            [
              80.2601289,
              13.0065632
            ],
            [
              80.2601289,
              13.0064234
            ],
            [
              80.2599925,
              13.0064234
            ]
          ]
        ]
      }
    },
    {
      "type": "Feature",
      "properties": {
        "osm_id": "354817395",
        "layer": "building",
        "building": "yes"
      },
      "geometry": {
        "type": "Polygon",
        "coordinates": [
          [
            [
              80.2602513,
              13.0053426
            ],
            [
              80.2603589,
              13.0053398
            ],
            [
              80.2603569,
              13.0052685
            ],
            [
              80.2602493,
              13.0052713
            ],
            [
              80.2602513,
              13.0053426
            ]
          ]
        ]
      }
    },
    {
      "type": "Feature",
      "properties": {
        "osm_id": "354817396",
        "layer": "building",
        "building": "yes"
      },
      "geometry": {
        "type": "Polygon",
        "coordinates": [
          [
            [
              80.2603882,
              13.004897
            ],
            [
              80.2604872,
              13.0048954
            ],
            [
              80.2604857,
              13.0048021
            ],
            [
              80.2603867,
              13.0048036
            ],
            [
              80.2603882,
              13.004897
            ]
          ]
        ]
      }
    },
    {
      "type": "Feature",
      "properties": {
        "osm_id": "354817398",
        "layer": "building",
        "building": "yes"
      },
      "geometry": {
        "type": "Polygon",
        "coordinates": [
          [
            [
              80.2578478,
              13.0050409
            ],
            [
              80.2578425,
              13.0051212
            ],
            [
              80.2579589,
              13.0051285
            ],
            [
              80.2579642,
              13.0050482
            ],
            [
              80.2578478,
              13.0050409
            ]
          ]
        ]
      }
    },
    {
      "type": "Feature",
      "properties": {
        "osm_id": "354817399",
        "layer": "building",
        "building": "yes"
      },
      "geometry": {
        "type": "Polygon",
        "coordinates": [
          [
            [
              80.2619336,
              13.0054918
            ],
            [
              80.2620233,
              13.0054926
            ],
            [
              80.2620244,
              13.0053813
            ],
            [
              80.2619347,
              13.0053805
            ],
            [
              80.2619336,
              13.0054918
            ]
          ]
        ]
      }
    },
    {
      "type": "Feature",
      "properties": {
        "osm_id": "354817400",
        "layer": "building",
        "building": "yes"
      },
      "geometry": {
        "type": "Polygon",
        "coordinates": [
          [
            [
              80.2558766,
              13.0056825
            ],
            [
              80.2560712,
              13.0056826
            ],
            [
              80.2560712,
              13.0055007
            ],
            [
              80.2558767,
              13.0055006
            ],
            [
              80.2558766,
              13.0056825
            ]
          ]
        ]
      }
    },
    {
      "type": "Feature",
      "properties": {
        "osm_id": "354817402",
        "layer": "building",
        "building": "yes"
      },
      "geometry": {
        "type": "Polygon",
        "coordinates": [
          [
            [
              80.2607436,
              13.0052618
            ],
            [
              80.2608404,
              13.0052586
            ],
            [
              80.2608367,
              13.0051525
            ],
            [
              80.2607401,
              13.0051557
            ],
            [
              80.2607436,
              13.0052618
            ]
          ]
        ]
      }
    },
    {
      "type": "Feature",
      "properties": {
        "osm_id": "354817403",
        "layer": "building",
        "building": "yes"
      },
      "geometry": {
        "type": "Polygon",
        "coordinates": [
          [
            [
              80.2615381,
              13.0068677
            ],
            [
              80.2616432,
              13.0068687
            ],
            [
              80.2616447,
              13.0067313
            ],
            [
              80.2615396,
              13.0067302
            ],
            [
              80.2615381,
              13.0068677
            ]
          ]
        ]
      }
    },
    {
      "type": "Feature",
      "properties": {
        "osm_id": "354817404",
        "layer": "building",
        "building": "yes"
      },
      "geometry": {
        "type": "Polygon",
        "coordinates": [
          [
            [
              80.2595338,
              13.0044812
            ],
            [
              80.2596308,
              13.0044772
            ],
            [
              80.2596255,
              13.0043551
            ],
            [
              80.2595285,
              13.0043591
            ],
            [
              80.2595338,
              13.0044812
            ]
          ]
        ]
      }
    },
    {
      "type": "Feature",
      "properties": {
        "osm_id": "354817407",
        "layer": "building",
        "building": "yes"
      },
      "geometry": {
        "type": "Polygon",
        "coordinates": [
          [
            [
              80.261678,
              13.0040398
            ],
            [
              80.2616733,
              13.0042529
            ],
            [
              80.261763,
              13.0042548
            ],
            [
              80.2617677,
              13.0040417
            ],
            [
              80.261678,
              13.0040398
            ]
          ]
        ]
      }
    },
    {
      "type": "Feature",
      "properties": {
        "osm_id": "354817411",
        "layer": "building",
        "building": "yes"
      },
      "geometry": {
        "type": "Polygon",
        "coordinates": [
          [
            [
              80.2605248,
              13.0047179
            ],
            [
              80.2606195,
              13.0047164
            ],
            [
              80.260618,
              13.0046219
            ],
            [
              80.2605232,
              13.0046234
            ],
            [
              80.2605248,
              13.0047179
            ]
          ]
        ]
      }
    },
    {
      "type": "Feature",
      "properties": {
        "osm_id": "354817413",
        "layer": "building",
        "building": "yes"
      },
      "geometry": {
        "type": "Polygon",
        "coordinates": [
          [
            [
              80.2605051,
              13.0050429
            ],
            [
              80.2606132,
              13.0050445
            ],
            [
              80.2606148,
              13.0049417
            ],
            [
              80.2605067,
              13.0049401
            ],
            [
              80.2605051,
              13.0050429
            ]
          ]
        ]
      }
    },
    {
      "type": "Feature",
      "properties": {
        "osm_id": "354817415",
        "layer": "building",
        "building": "yes"
      },
      "geometry": {
        "type": "Polygon",
        "coordinates": [
          [
            [
              80.2620863,
              13.0066862
            ],
            [
              80.2621905,
              13.0066872
            ],
            [
              80.2621922,
              13.0065305
            ],
            [
              80.2620881,
              13.0065295
            ],
            [
              80.2620863,
              13.0066862
            ]
          ]
        ]
      }
    },
    {
      "type": "Feature",
      "properties": {
        "osm_id": "354817417",
        "layer": "building",
        "building": "yes"
      },
      "geometry": {
        "type": "Polygon",
        "coordinates": [
          [
            [
              80.2627542,
              13.007482
            ],
            [
              80.262748,
              13.0076234
            ],
            [
              80.2628332,
              13.0076643
            ],
            [
              80.2628833,
              13.0075027
            ],
            [
              80.2627542,
              13.007482
            ]
          ]
        ]
      }
    },
    {
      "type": "Feature",
      "properties": {
        "osm_id": "354817419",
        "layer": "building",
        "building": "yes"
      },
      "geometry": {
        "type": "Polygon",
        "coordinates": [
          [
            [
              80.2533668,
              13.0037518
            ],
            [
              80.2533675,
              13.0039111
            ],
            [
              80.253455,
              13.0039107
            ],
            [
              80.2534543,
              13.0037514
            ],
            [
              80.2533668,
              13.0037518
            ]
          ]
        ]
      }
    },
    {
      "type": "Feature",
      "properties": {
        "osm_id": "354817424",
        "layer": "building",
        "building": "yes"
      },
      "geometry": {
        "type": "Polygon",
        "coordinates": [
          [
            [
              80.2537312,
              13.0047753
            ],
            [
              80.2537363,
              13.0050843
            ],
            [
              80.2538603,
              13.0050824
            ],
            [
              80.2538552,
              13.0047733
            ],
            [
              80.2537312,
              13.0047753
            ]
          ]
        ]
      }
    },
    {
      "type": "Feature",
      "properties": {
        "osm_id": "354817426",
        "layer": "building",
        "building": "yes"
      },
      "geometry": {
        "type": "Polygon",
        "coordinates": [
          [
            [
              80.2618501,
              13.005593
            ],
            [
              80.2618493,
              13.0057356
            ],
            [
              80.2619521,
              13.0057361
            ],
            [
              80.261953,
              13.0055935
            ],
            [
              80.2618501,
              13.005593
            ]
          ]
        ]
      }
    },
    {
      "type": "Feature",
      "properties": {
        "osm_id": "354817428",
        "layer": "building",
        "building": "yes"
      },
      "geometry": {
        "type": "Polygon",
        "coordinates": [
          [
            [
              80.2542581,
              13.0057107
            ],
            [
              80.2542536,
              13.0059803
            ],
            [
              80.2543691,
              13.0059821
            ],
            [
              80.2543736,
              13.0057126
            ],
            [
              80.2542581,
              13.0057107
            ]
          ]
        ]
      }
    },
    {
      "type": "Feature",
      "properties": {
        "osm_id": "354817432",
        "layer": "building",
        "building": "yes"
      },
      "geometry": {
        "type": "Polygon",
        "coordinates": [
          [
            [
              80.2560087,
              13.0036775
            ],
            [
              80.2560057,
              13.0040337
            ],
            [
              80.256096,
              13.0040344
            ],
            [
              80.256099,
              13.0036782
            ],
            [
              80.2560087,
              13.0036775
            ]
          ]
        ]
      }
    },
    {
      "type": "Feature",
      "properties": {
        "osm_id": "354817436",
        "layer": "building",
        "building": "yes"
      },
      "geometry": {
        "type": "Polygon",
        "coordinates": [
          [
            [
              80.2538112,
              13.0043352
            ],
            [
              80.2538143,
              13.0046363
            ],
            [
              80.2539078,
              13.0046354
            ],
            [
              80.2539048,
              13.0043343
            ],
            [
              80.2538112,
              13.0043352
            ]
          ]
        ]
      }
    },
    {
      "type": "Feature",
      "properties": {
        "osm_id": "354817438",
        "layer": "building",
        "building": "yes"
      },
      "geometry": {
        "type": "Polygon",
        "coordinates": [
          [
            [
              80.2610971,
              13.0070488
            ],
            [
              80.2612427,
              13.0070521
            ],
            [
              80.2612453,
              13.00694
            ],
            [
              80.2610998,
              13.0069368
            ],
            [
              80.2610971,
              13.0070488
            ]
          ]
        ]
      }
    },
    {
      "type": "Feature",
      "properties": {
        "osm_id": "354817440",
        "layer": "building",
        "building": "yes"
      },
      "geometry": {
        "type": "Polygon",
        "coordinates": [
          [
            [
              80.2579086,
              13.0053378
            ],
            [
              80.2579749,
              13.0053297
            ],
            [
              80.2579636,
              13.0052423
            ],
            [
              80.2578973,
              13.0052504
            ],
            [
              80.2579086,
              13.0053378
            ]
          ]
        ]
      }
    },
    {
      "type": "Feature",
      "properties": {
        "osm_id": "354817444",
        "layer": "building",
        "building": "yes"
      },
      "geometry": {
        "type": "Polygon",
        "coordinates": [
          [
            [
              80.2619417,
              13.0049394
            ],
            [
              80.2620522,
              13.0049394
            ],
            [
              80.2620522,
              13.004811
            ],
            [
              80.2619417,
              13.004811
            ],
            [
              80.2619417,
              13.0049394
            ]
          ]
        ]
      }
    },
    {
      "type": "Feature",
      "properties": {
        "osm_id": "354817446",
        "layer": "building",
        "building": "yes"
      },
      "geometry": {
        "type": "Polygon",
        "coordinates": [
          [
            [
              80.2607285,
              13.0055092
            ],
            [
              80.2607309,
              13.0057429
            ],
            [
              80.2608256,
              13.005742
            ],
            [
              80.2608232,
              13.0055083
            ],
            [
              80.2607285,
              13.0055092
            ]
          ]
        ]
      }
    },
    {
      "type": "Feature",
      "properties": {
        "osm_id": "354817447",
        "layer": "building",
        "building": "yes"
      },
      "geometry": {
        "type": "Polygon",
        "coordinates": [
          [
            [
              80.2586386,
              13.003801
            ],
            [
              80.2587542,
              13.0037945
            ],
            [
              80.2587473,
              13.0036781
            ],
            [
              80.2586317,
              13.0036845
            ],
            [
              80.2586386,
              13.003801
            ]
          ]
        ]
      }
    },
    {
      "type": "Feature",
      "properties": {
        "osm_id": "354817453",
        "layer": "building",
        "building": "yes"
      },
      "geometry": {
        "type": "Polygon",
        "coordinates": [
          [
            [
              80.2605449,
              13.004911
            ],
            [
              80.2606097,
              13.004911
            ],
            [
              80.2606097,
              13.0048113
            ],
            [
              80.2605449,
              13.0048113
            ],
            [
              80.2605449,
              13.004911
            ]
          ]
        ]
      }
    },
    {
      "type": "Feature",
      "properties": {
        "osm_id": "354817455",
        "layer": "building",
        "building": "yes"
      },
      "geometry": {
        "type": "Polygon",
        "coordinates": [
          [
            [
              80.2579367,
              13.0054454
            ],
            [
              80.2580178,
              13.0054385
            ],
            [
              80.2580121,
              13.0053736
            ],
            [
              80.2579309,
              13.0053805
            ],
            [
              80.2579367,
              13.0054454
            ]
          ]
        ]
      }
    },
    {
      "type": "Feature",
      "properties": {
        "osm_id": "354817457",
        "layer": "building",
        "building": "yes"
      },
      "geometry": {
        "type": "Polygon",
        "coordinates": [
          [
            [
              80.2537565,
              13.0039359
            ],
            [
              80.2538295,
              13.0039356
            ],
            [
              80.2538287,
              13.0037681
            ],
            [
              80.2537557,
              13.0037684
            ],
            [
              80.2537565,
              13.0039359
            ]
          ]
        ]
      }
    },
    {
      "type": "Feature",
      "properties": {
        "osm_id": "354817461",
        "layer": "building",
        "building": "yes"
      },
      "geometry": {
        "type": "Polygon",
        "coordinates": [
          [
            [
              80.2528123,
              13.0062044
            ],
            [
              80.2528711,
              13.0062049
            ],
            [
              80.2528716,
              13.0061449
            ],
            [
              80.2528128,
              13.0061444
            ],
            [
              80.2528123,
              13.0062044
            ]
          ]
        ]
      }
    },
    {
      "type": "Feature",
      "properties": {
        "osm_id": "354817464",
        "layer": "building",
        "building": "yes"
      },
      "geometry": {
        "type": "Polygon",
        "coordinates": [
          [
            [
              80.2547059,
              13.0045716
            ],
            [
              80.2548951,
              13.0045731
            ],
            [
              80.2548965,
              13.0044052
            ],
            [
              80.2547073,
              13.0044037
            ],
            [
              80.2547059,
              13.0045716
            ]
          ]
        ]
      }
    },
    {
      "type": "Feature",
      "properties": {
        "osm_id": "354817465",
        "layer": "building",
        "building": "yes"
      },
      "geometry": {
        "type": "Polygon",
        "coordinates": [
          [
            [
              80.261684,
              13.0060498
            ],
            [
              80.2616828,
              13.0061999
            ],
            [
              80.2617839,
              13.0062007
            ],
            [
              80.2617851,
              13.0060506
            ],
            [
              80.261684,
              13.0060498
            ]
          ]
        ]
      }
    },
    {
      "type": "Feature",
      "properties": {
        "osm_id": "354817467",
        "layer": "building",
        "building": "yes"
      },
      "geometry": {
        "type": "Polygon",
        "coordinates": [
          [
            [
              80.2607054,
              13.0063971
            ],
            [
              80.2608759,
              13.0064017
            ],
            [
              80.2608791,
              13.0062892
            ],
            [
              80.2607085,
              13.0062846
            ],
            [
              80.2607054,
              13.0063971
            ]
          ]
        ]
      }
    },
    {
      "type": "Feature",
      "properties": {
        "osm_id": "354817471",
        "layer": "building",
        "building": "yes"
      },
      "geometry": {
        "type": "Polygon",
        "coordinates": [
          [
            [
              80.2625384,
              13.0052384
            ],
            [
              80.2626906,
              13.0052044
            ],
            [
              80.2626682,
              13.0051092
            ],
            [
              80.262516,
              13.0051432
            ],
            [
              80.2625384,
              13.0052384
            ]
          ]
        ]
      }
    },
    {
      "type": "Feature",
      "properties": {
        "osm_id": "354817475",
        "layer": "building",
        "building": "yes"
      },
      "geometry": {
        "type": "Polygon",
        "coordinates": [
          [
            [
              80.2630109,
              13.0072565
            ],
            [
              80.2631356,
              13.0072322
            ],
            [
              80.2631179,
              13.0071458
            ],
            [
              80.2629931,
              13.0071701
            ],
            [
              80.2630109,
              13.0072565
            ]
          ]
        ]
      }
    },
    {
      "type": "Feature",
      "properties": {
        "osm_id": "354817477",
        "layer": "building",
        "building": "yes"
      },
      "geometry": {
        "type": "Polygon",
        "coordinates": [
          [
            [
              80.2618454,
              13.0053143
            ],
            [
              80.261937,
              13.0053152
            ],
            [
              80.2619381,
              13.0052068
            ],
            [
              80.2618464,
              13.0052059
            ],
            [
              80.2618454,
              13.0053143
            ]
          ]
        ]
      }
    },
    {
      "type": "Feature",
      "properties": {
        "osm_id": "354817481",
        "layer": "building",
        "building": "yes"
      },
      "geometry": {
        "type": "Polygon",
        "coordinates": [
          [
            [
              80.2581213,
              13.0067376
            ],
            [
              80.2583683,
              13.0068544
            ],
            [
              80.2584328,
              13.006725
            ],
            [
              80.2581859,
              13.0066081
            ],
            [
              80.2581213,
              13.0067376
            ]
          ]
        ]
      }
    },
    {
      "type": "Feature",
      "properties": {
        "osm_id": "354817483",
        "layer": "building",
        "building": "yes"
      },
      "geometry": {
        "type": "Polygon",
        "coordinates": [
          [
            [
              80.2626615,
              13.0054905
            ],
            [
              80.2627611,
              13.0054659
            ],
            [
              80.2627382,
              13.005378
            ],
            [
              80.2626386,
              13.0054026
            ],
            [
              80.2626615,
              13.0054905
            ]
          ]
        ]
      }
    },
    {
      "type": "Feature",
      "properties": {
        "osm_id": "354817489",
        "layer": "building",
        "building": "yes"
      },
      "geometry": {
        "type": "Polygon",
        "coordinates": [
          [
            [
              80.2612775,
              13.0049161
            ],
            [
              80.2613765,
              13.0049169
            ],
            [
              80.2613774,
              13.0048108
            ],
            [
              80.2612785,
              13.00481
            ],
            [
              80.2612775,
              13.0049161
            ]
          ]
        ]
      }
    },
    {
      "type": "Feature",
      "properties": {
        "osm_id": "354817495",
        "layer": "building",
        "building": "yes"
      },
      "geometry": {
        "type": "Polygon",
        "coordinates": [
          [
            [
              80.2556798,
              13.0044094
            ],
            [
              80.2556779,
              13.0046365
            ],
            [
              80.2557495,
              13.0046371
            ],
            [
              80.2557514,
              13.00441
            ],
            [
              80.2556798,
              13.0044094
            ]
          ]
        ]
      }
    },
    {
      "type": "Feature",
      "properties": {
        "osm_id": "354817497",
        "layer": "building",
        "building": "yes"
      },
      "geometry": {
        "type": "Polygon",
        "coordinates": [
          [
            [
              80.2594965,
              13.0040168
            ],
            [
              80.2595857,
              13.004012
            ],
            [
              80.2595812,
              13.003932
            ],
            [
              80.2594921,
              13.0039367
            ],
            [
              80.2594965,
              13.0040168
            ]
          ]
        ]
      }
    },
    {
      "type": "Feature",
      "properties": {
        "osm_id": "354817499",
        "layer": "building",
        "building": "yes"
      },
      "geometry": {
        "type": "Polygon",
        "coordinates": [
          [
            [
              80.2609367,
              13.0071699
            ],
            [
              80.2610448,
              13.0071699
            ],
            [
              80.2610448,
              13.0069673
            ],
            [
              80.2609367,
              13.0069673
            ],
            [
              80.2609367,
              13.0071699
            ]
          ]
        ]
      }
    },
    {
      "type": "Feature",
      "properties": {
        "osm_id": "354817501",
        "layer": "building",
        "building": "yes"
      },
      "geometry": {
        "type": "Polygon",
        "coordinates": [
          [
            [
              80.2620891,
              13.0067291
            ],
            [
              80.2620874,
              13.0068814
            ],
            [
              80.2621895,
              13.0068824
            ],
            [
              80.2621911,
              13.0067301
            ],
            [
              80.2620891,
              13.0067291
            ]
          ]
        ]
      }
    },
    {
      "type": "Feature",
      "properties": {
        "osm_id": "354817503",
        "layer": "building",
        "building": "yes"
      },
      "geometry": {
        "type": "Polygon",
        "coordinates": [
          [
            [
              80.2604596,
              13.0070328
            ],
            [
              80.2605748,
              13.0070342
            ],
            [
              80.2605774,
              13.0068323
            ],
            [
              80.2604622,
              13.0068309
            ],
            [
              80.2604617,
              13.0068629
            ],
            [
              80.2604845,
              13.0068632
            ],
            [
              80.2604833,
              13.0069583
            ],
            [
              80.2604605,
              13.0069581
            ],
            [
              80.2604596,
              13.0070328
            ]
          ]
        ]
      }
    },
    {
      "type": "Feature",
      "properties": {
        "osm_id": "354817505",
        "layer": "building",
        "building": "yes"
      },
      "geometry": {
        "type": "Polygon",
        "coordinates": [
          [
            [
              80.2605099,
              13.0045864
            ],
            [
              80.2606287,
              13.0045864
            ],
            [
              80.2606287,
              13.0044718
            ],
            [
              80.2605099,
              13.0044718
            ],
            [
              80.2605099,
              13.0045864
            ]
          ]
        ]
      }
    },
    {
      "type": "Feature",
      "properties": {
        "osm_id": "354817507",
        "layer": "building",
        "building": "yes"
      },
      "geometry": {
        "type": "Polygon",
        "coordinates": [
          [
            [
              80.257834,
              13.0061487
            ],
            [
              80.2579355,
              13.0060993
            ],
            [
              80.2578853,
              13.0060014
            ],
            [
              80.2577838,
              13.0060508
            ],
            [
              80.257834,
              13.0061487
            ]
          ]
        ]
      }
    },
    {
      "type": "Feature",
      "properties": {
        "osm_id": "354817515",
        "layer": "building",
        "building": "yes"
      },
      "geometry": {
        "type": "Polygon",
        "coordinates": [
          [
            [
              80.2603735,
              13.0055865
            ],
            [
              80.2604735,
              13.0055876
            ],
            [
              80.2604746,
              13.0054927
            ],
            [
              80.2603747,
              13.0054916
            ],
            [
              80.2603735,
              13.0055865
            ]
          ]
        ]
      }
    },
    {
      "type": "Feature",
      "properties": {
        "osm_id": "354817517",
        "layer": "building",
        "building": "yes"
      },
      "geometry": {
        "type": "Polygon",
        "coordinates": [
          [
            [
              80.2585898,
              13.0035787
            ],
            [
              80.2586887,
              13.0035787
            ],
            [
              80.2586887,
              13.0034855
            ],
            [
              80.2585898,
              13.0034855
            ],
            [
              80.2585898,
              13.0035787
            ]
          ]
        ]
      }
    },
    {
      "type": "Feature",
      "properties": {
        "osm_id": "354817519",
        "layer": "building",
        "building": "yes"
      },
      "geometry": {
        "type": "Polygon",
        "coordinates": [
          [
            [
              80.2619187,
              13.0091448
            ],
            [
              80.2619162,
              13.0092469
            ],
            [
              80.2620157,
              13.0092492
            ],
            [
              80.2620182,
              13.0091471
            ],
            [
              80.2619187,
              13.0091448
            ]
          ]
        ]
      }
    },
    {
      "type": "Feature",
      "properties": {
        "osm_id": "354817521",
        "layer": "building",
        "building": "yes"
      },
      "geometry": {
        "type": "Polygon",
        "coordinates": [
          [
            [
              80.2536826,
              13.0053765
            ],
            [
              80.2537668,
              13.0053779
            ],
            [
              80.253769,
              13.0052489
            ],
            [
              80.2536848,
              13.0052475
            ],
            [
              80.2536826,
              13.0053765
            ]
          ]
        ]
      }
    },
    {
      "type": "Feature",
      "properties": {
        "osm_id": "354817523",
        "layer": "building",
        "building": "yes"
      },
      "geometry": {
        "type": "Polygon",
        "coordinates": [
          [
            [
              80.2607094,
              13.0069321
            ],
            [
              80.2608588,
              13.0069344
            ],
            [
              80.2608606,
              13.0068215
            ],
            [
              80.2607112,
              13.0068192
            ],
            [
              80.2607094,
              13.0069321
            ]
          ]
        ]
      }
    },
    {
      "type": "Feature",
      "properties": {
        "osm_id": "354817525",
        "layer": "building",
        "building": "yes"
      },
      "geometry": {
        "type": "Polygon",
        "coordinates": [
          [
            [
              80.2609877,
              13.0041598
            ],
            [
              80.2609894,
              13.0042967
            ],
            [
              80.2610704,
              13.0042958
            ],
            [
              80.2610687,
              13.0041589
            ],
            [
              80.2609877,
              13.0041598
            ]
          ]
        ]
      }
    },
    {
      "type": "Feature",
      "properties": {
        "osm_id": "354817527",
        "layer": "building",
        "building": "yes"
      },
      "geometry": {
        "type": "Polygon",
        "coordinates": [
          [
            [
              80.2598008,
              13.0041332
            ],
            [
              80.2599515,
              13.0041251
            ],
            [
              80.2599466,
              13.004038
            ],
            [
              80.2597959,
              13.0040461
            ],
            [
              80.2598008,
              13.0041332
            ]
          ]
        ]
      }
    },
    {
      "type": "Feature",
      "properties": {
        "osm_id": "354817529",
        "layer": "building",
        "building": "yes"
      },
      "geometry": {
        "type": "Polygon",
        "coordinates": [
          [
            [
              80.2623707,
              13.006676
            ],
            [
              80.2624807,
              13.0066771
            ],
            [
              80.2624821,
              13.0065469
            ],
            [
              80.2623722,
              13.0065457
            ],
            [
              80.2623707,
              13.006676
            ]
          ]
        ]
      }
    },
    {
      "type": "Feature",
      "properties": {
        "osm_id": "354817532",
        "layer": "building",
        "building": "yes"
      },
      "geometry": {
        "type": "Polygon",
        "coordinates": [
          [
            [
              80.2576918,
              13.0062508
            ],
            [
              80.2578133,
              13.0061868
            ],
            [
              80.2577479,
              13.0060692
            ],
            [
              80.2576265,
              13.0061332
            ],
            [
              80.2576918,
              13.0062508
            ]
          ]
        ]
      }
    },
    {
      "type": "Feature",
      "properties": {
        "osm_id": "354817538",
        "layer": "building",
        "building": "yes"
      },
      "geometry": {
        "type": "Polygon",
        "coordinates": [
          [
            [
              80.2527208,
              13.0060136
            ],
            [
              80.2528029,
              13.0060143
            ],
            [
              80.2528036,
              13.0059371
            ],
            [
              80.2527215,
              13.0059364
            ],
            [
              80.2527208,
              13.0060136
            ]
          ]
        ]
      }
    },
    {
      "type": "Feature",
      "properties": {
        "osm_id": "354817540",
        "layer": "building",
        "building": "yes"
      },
      "geometry": {
        "type": "Polygon",
        "coordinates": [
          [
            [
              80.2547502,
              13.0040613
            ],
            [
              80.2548857,
              13.0040623
            ],
            [
              80.2548867,
              13.0039434
            ],
            [
              80.2547511,
              13.0039424
            ],
            [
              80.2547502,
              13.0040613
            ]
          ]
        ]
      }
    },
    {
      "type": "Feature",
      "properties": {
        "osm_id": "354817542",
        "layer": "building",
        "building": "yes"
      },
      "geometry": {
        "type": "Polygon",
        "coordinates": [
          [
            [
              80.2604431,
              13.0062639
            ],
            [
              80.2606054,
              13.0062685
            ],
            [
              80.260609,
              13.0061465
            ],
            [
              80.2604467,
              13.0061419
            ],
            [
              80.2604431,
              13.0062639
            ]
          ]
        ]
      }
    },
    {
      "type": "Feature",
      "properties": {
        "osm_id": "354817546",
        "layer": "building",
        "building": "yes"
      },
      "geometry": {
        "type": "Polygon",
        "coordinates": [
          [
            [
              80.2587672,
              13.0034859
            ],
            [
              80.2588944,
              13.0034794
            ],
            [
              80.2588912,
              13.0034198
            ],
            [
              80.258764,
              13.0034263
            ],
            [
              80.2587672,
              13.0034859
            ]
          ]
        ]
      }
    },
    {
      "type": "Feature",
      "properties": {
        "osm_id": "354817549",
        "layer": "building",
        "building": "yes"
      },
      "geometry": {
        "type": "Polygon",
        "coordinates": [
          [
            [
              80.2533365,
              13.0053405
            ],
            [
              80.2534629,
              13.0053425
            ],
            [
              80.2534651,
              13.0052114
            ],
            [
              80.2534324,
              13.0052108
            ],
            [
              80.253432,
              13.0052367
            ],
            [
              80.2533909,
              13.0052361
            ],
            [
              80.2533913,
              13.0052108
            ],
            [
              80.2533387,
              13.00521
            ],
            [
              80.2533365,
              13.0053405
            ]
          ]
        ]
      }
    },
    {
      "type": "Feature",
      "properties": {
        "osm_id": "354817551",
        "layer": "building",
        "building": "yes"
      },
      "geometry": {
        "type": "Polygon",
        "coordinates": [
          [
            [
              80.2554336,
              13.0049261
            ],
            [
              80.2555971,
              13.0049299
            ],
            [
              80.2556003,
              13.0047994
            ],
            [
              80.2554368,
              13.0047956
            ],
            [
              80.2554336,
              13.0049261
            ]
          ]
        ]
      }
    },
    {
      "type": "Feature",
      "properties": {
        "osm_id": "354817553",
        "layer": "building",
        "building": "yes"
      },
      "geometry": {
        "type": "Polygon",
        "coordinates": [
          [
            [
              80.2552896,
              13.0062243
            ],
            [
              80.2552895,
              13.0063902
            ],
            [
              80.2553808,
              13.0063903
            ],
            [
              80.2553809,
              13.0062244
            ],
            [
              80.2552896,
              13.0062243
            ]
          ]
        ]
      }
    },
    {
      "type": "Feature",
      "properties": {
        "osm_id": "354817557",
        "layer": "building",
        "building": "yes"
      },
      "geometry": {
        "type": "Polygon",
        "coordinates": [
          [
            [
              80.2585805,
              13.005139
            ],
            [
              80.2587094,
              13.0051366
            ],
            [
              80.2587075,
              13.0050411
            ],
            [
              80.2585786,
              13.0050436
            ],
            [
              80.2585805,
              13.005139
            ]
          ]
        ]
      }
    },
    {
      "type": "Feature",
      "properties": {
        "osm_id": "354817559",
        "layer": "building",
        "building": "yes"
      },
      "geometry": {
        "type": "Polygon",
        "coordinates": [
          [
            [
              80.2589176,
              13.0034159
            ],
            [
              80.2589309,
              13.0035244
            ],
            [
              80.2590031,
              13.003516
            ],
            [
              80.2589898,
              13.0034075
            ],
            [
              80.2589176,
              13.0034159
            ]
          ]
        ]
      }
    },
    {
      "type": "Feature",
      "properties": {
        "osm_id": "354817561",
        "layer": "building",
        "building": "yes"
      },
      "geometry": {
        "type": "Polygon",
        "coordinates": [
          [
            [
              80.2616708,
              13.0068709
            ],
            [
              80.2617631,
              13.0068719
            ],
            [
              80.2617647,
              13.0067275
            ],
            [
              80.2616724,
              13.0067265
            ],
            [
              80.2616708,
              13.0068709
            ]
          ]
        ]
      }
    },
    {
      "type": "Feature",
      "properties": {
        "osm_id": "354817563",
        "layer": "building",
        "building": "yes"
      },
      "geometry": {
        "type": "Polygon",
        "coordinates": [
          [
            [
              80.2595582,
              13.0063045
            ],
            [
              80.2596596,
              13.0063061
            ],
            [
              80.2596626,
              13.0061297
            ],
            [
              80.2595611,
              13.0061281
            ],
            [
              80.2595582,
              13.0063045
            ]
          ]
        ]
      }
    },
    {
      "type": "Feature",
      "properties": {
        "osm_id": "354817567",
        "layer": "building",
        "building": "yes"
      },
      "geometry": {
        "type": "Polygon",
        "coordinates": [
          [
            [
              80.2531891,
              13.0062613
            ],
            [
              80.2533098,
              13.0062632
            ],
            [
              80.253312,
              13.0061339
            ],
            [
              80.2531913,
              13.006132
            ],
            [
              80.2531891,
              13.0062613
            ]
          ]
        ]
      }
    },
    {
      "type": "Feature",
      "properties": {
        "osm_id": "354817571",
        "layer": "building",
        "building": "yes"
      },
      "geometry": {
        "type": "Polygon",
        "coordinates": [
          [
            [
              80.258972,
              13.0047986
            ],
            [
              80.2590302,
              13.0051972
            ],
            [
              80.2591228,
              13.0051844
            ],
            [
              80.2590646,
              13.0047857
            ],
            [
              80.258972,
              13.0047986
            ]
          ]
        ]
      }
    },
    {
      "type": "Feature",
      "properties": {
        "osm_id": "354817573",
        "layer": "building",
        "building": "yes"
      },
      "geometry": {
        "type": "Polygon",
        "coordinates": [
          [
            [
              80.2600838,
              13.0039708
            ],
            [
              80.2602049,
              13.0039663
            ],
            [
              80.2602006,
              13.0038578
            ],
            [
              80.2600795,
              13.0038624
            ],
            [
              80.2600838,
              13.0039708
            ]
          ]
        ]
      }
    },
    {
      "type": "Feature",
      "properties": {
        "osm_id": "354817576",
        "layer": "building",
        "building": "yes"
      },
      "geometry": {
        "type": "Polygon",
        "coordinates": [
          [
            [
              80.261347,
              13.0050672
            ],
            [
              80.2615092,
              13.0050656
            ],
            [
              80.2615078,
              13.0049387
            ],
            [
              80.2613457,
              13.0049403
            ],
            [
              80.261347,
              13.0050672
            ]
          ]
        ]
      }
    },
    {
      "type": "Feature",
      "properties": {
        "osm_id": "354817578",
        "layer": "building",
        "building": "yes"
      },
      "geometry": {
        "type": "Polygon",
        "coordinates": [
          [
            [
              80.2620558,
              13.0058909
            ],
            [
              80.2621593,
              13.0058948
            ],
            [
              80.2621641,
              13.0057765
            ],
            [
              80.2620605,
              13.0057726
            ],
            [
              80.2620558,
              13.0058909
            ]
          ]
        ]
      }
    },
    {
      "type": "Feature",
      "properties": {
        "osm_id": "354817580",
        "layer": "building",
        "building": "yes"
      },
      "geometry": {
        "type": "Polygon",
        "coordinates": [
          [
            [
              80.2615037,
              13.0054749
            ],
            [
              80.261601,
              13.0054758
            ],
            [
              80.2616021,
              13.0053642
            ],
            [
              80.2615048,
              13.0053633
            ],
            [
              80.2615037,
              13.0054749
            ]
          ]
        ]
      }
    },
    {
      "type": "Feature",
      "properties": {
        "osm_id": "354817584",
        "layer": "building",
        "building": "yes"
      },
      "geometry": {
        "type": "Polygon",
        "coordinates": [
          [
            [
              80.2536622,
              13.0058387
            ],
            [
              80.2537606,
              13.0058403
            ],
            [
              80.2537623,
              13.0057383
            ],
            [
              80.2536639,
              13.0057368
            ],
            [
              80.2536622,
              13.0058387
            ]
          ]
        ]
      }
    },
    {
      "type": "Feature",
      "properties": {
        "osm_id": "354817586",
        "layer": "building",
        "building": "yes"
      },
      "geometry": {
        "type": "Polygon",
        "coordinates": [
          [
            [
              80.2549245,
              13.003793
            ],
            [
              80.2549222,
              13.004066
            ],
            [
              80.2550821,
              13.0040673
            ],
            [
              80.2550844,
              13.0037943
            ],
            [
              80.2549245,
              13.003793
            ]
          ]
        ]
      }
    },
    {
      "type": "Feature",
      "properties": {
        "osm_id": "354817588",
        "layer": "building",
        "building": "yes"
      },
      "geometry": {
        "type": "Polygon",
        "coordinates": [
          [
            [
              80.2605013,
              13.0054016
            ],
            [
              80.2606154,
              13.0054016
            ],
            [
              80.2606154,
              13.0052928
            ],
            [
              80.2605013,
              13.0052928
            ],
            [
              80.2605013,
              13.0054016
            ]
          ]
        ]
      }
    },
    {
      "type": "Feature",
      "properties": {
        "osm_id": "354817590",
        "layer": "building",
        "building": "yes"
      },
      "geometry": {
        "type": "Polygon",
        "coordinates": [
          [
            [
              80.2526368,
              13.005084
            ],
            [
              80.2526354,
              13.0052541
            ],
            [
              80.2527331,
              13.0052549
            ],
            [
              80.2527345,
              13.0050849
            ],
            [
              80.2526368,
              13.005084
            ]
          ]
        ]
      }
    },
    {
      "type": "Feature",
      "properties": {
        "osm_id": "354817592",
        "layer": "building",
        "building": "yes"
      },
      "geometry": {
        "type": "Polygon",
        "coordinates": [
          [
            [
              80.2595126,
              13.0046187
            ],
            [
              80.2596473,
              13.0046147
            ],
            [
              80.2596433,
              13.0044878
            ],
            [
              80.2595086,
              13.0044918
            ],
            [
              80.2595126,
              13.0046187
            ]
          ]
        ]
      }
    },
    {
      "type": "Feature",
      "properties": {
        "osm_id": "354817594",
        "layer": "building",
        "building": "yes"
      },
      "geometry": {
        "type": "Polygon",
        "coordinates": [
          [
            [
              80.261529,
              13.0062549
            ],
            [
              80.2615279,
              13.0063855
            ],
            [
              80.2615967,
              13.006386
            ],
            [
              80.2615978,
              13.0062554
            ],
            [
              80.261529,
              13.0062549
            ]
          ]
        ]
      }
    },
    {
      "type": "Feature",
      "properties": {
        "osm_id": "354817596",
        "layer": "building",
        "building": "yes"
      },
      "geometry": {
        "type": "Polygon",
        "coordinates": [
          [
            [
              80.2615766,
              13.0042136
            ],
            [
              80.2616538,
              13.0042125
            ],
            [
              80.2616515,
              13.0040452
            ],
            [
              80.2615742,
              13.0040463
            ],
            [
              80.2615766,
              13.0042136
            ]
          ]
        ]
      }
    },
    {
      "type": "Feature",
      "properties": {
        "osm_id": "354817598",
        "layer": "building",
        "building": "yes"
      },
      "geometry": {
        "type": "Polygon",
        "coordinates": [
          [
            [
              80.2610051,
              13.0049631
            ],
            [
              80.2610076,
              13.0051049
            ],
            [
              80.2610964,
              13.0051035
            ],
            [
              80.2610939,
              13.0049617
            ],
            [
              80.2610051,
              13.0049631
            ]
          ]
        ]
      }
    },
    {
      "type": "Feature",
      "properties": {
        "osm_id": "354817600",
        "layer": "building",
        "building": "yes"
      },
      "geometry": {
        "type": "Polygon",
        "coordinates": [
          [
            [
              80.2532836,
              13.0048319
            ],
            [
              80.2535829,
              13.0048332
            ],
            [
              80.2535834,
              13.004738
            ],
            [
              80.2532841,
              13.0047366
            ],
            [
              80.2532836,
              13.0048319
            ]
          ]
        ]
      }
    },
    {
      "type": "Feature",
      "properties": {
        "osm_id": "354817604",
        "layer": "building",
        "building": "yes"
      },
      "geometry": {
        "type": "Polygon",
        "coordinates": [
          [
            [
              80.2616349,
              13.0056032
            ],
            [
              80.2616391,
              13.0057256
            ],
            [
              80.2617399,
              13.0057223
            ],
            [
              80.2617358,
              13.0056
            ],
            [
              80.2616349,
              13.0056032
            ]
          ]
        ]
      }
    },
    {
      "type": "Feature",
      "properties": {
        "osm_id": "354817606",
        "layer": "building",
        "building": "yes"
      },
      "geometry": {
        "type": "Polygon",
        "coordinates": [
          [
            [
              80.2525674,
              13.0045231
            ],
            [
              80.2527399,
              13.0045246
            ],
            [
              80.2527415,
              13.0043409
            ],
            [
              80.252569,
              13.0043394
            ],
            [
              80.2525674,
              13.0045231
            ]
          ]
        ]
      }
    },
    {
      "type": "Feature",
      "properties": {
        "osm_id": "354817608",
        "layer": "building",
        "building": "yes"
      },
      "geometry": {
        "type": "Polygon",
        "coordinates": [
          [
            [
              80.2597529,
              13.0044668
            ],
            [
              80.2598311,
              13.0044668
            ],
            [
              80.2598311,
              13.0043282
            ],
            [
              80.2597529,
              13.0043282
            ],
            [
              80.2597529,
              13.0044668
            ]
          ]
        ]
      }
    },
    {
      "type": "Feature",
      "properties": {
        "osm_id": "354817610",
        "layer": "building",
        "building": "yes"
      },
      "geometry": {
        "type": "Polygon",
        "coordinates": [
          [
            [
              80.2625037,
              13.0066982
            ],
            [
              80.2626683,
              13.0066999
            ],
            [
              80.2626699,
              13.0065519
            ],
            [
              80.2625053,
              13.0065502
            ],
            [
              80.2625037,
              13.0066982
            ]
          ]
        ]
      }
    },
    {
      "type": "Feature",
      "properties": {
        "osm_id": "354817614",
        "layer": "building",
        "building": "yes"
      },
      "geometry": {
        "type": "Polygon",
        "coordinates": [
          [
            [
              80.2531265,
              13.0054972
            ],
            [
              80.253273,
              13.0054996
            ],
            [
              80.2532754,
              13.0053591
            ],
            [
              80.2531289,
              13.0053567
            ],
            [
              80.2531265,
              13.0054972
            ]
          ]
        ]
      }
    },
    {
      "type": "Feature",
      "properties": {
        "osm_id": "354817616",
        "layer": "building",
        "building": "yes"
      },
      "geometry": {
        "type": "Polygon",
        "coordinates": [
          [
            [
              80.2614392,
              13.0042295
            ],
            [
              80.2615344,
              13.0042307
            ],
            [
              80.2615369,
              13.0040365
            ],
            [
              80.2614416,
              13.0040354
            ],
            [
              80.2614392,
              13.0042295
            ]
          ]
        ]
      }
    },
    {
      "type": "Feature",
      "properties": {
        "osm_id": "354817620",
        "layer": "building",
        "building": "yes"
      },
      "geometry": {
        "type": "Polygon",
        "coordinates": [
          [
            [
              80.2529614,
              13.0049331
            ],
            [
              80.2530731,
              13.004934
            ],
            [
              80.2530744,
              13.0047773
            ],
            [
              80.2529627,
              13.0047764
            ],
            [
              80.2529614,
              13.0049331
            ]
          ]
        ]
      }
    },
    {
      "type": "Feature",
      "properties": {
        "osm_id": "354817622",
        "layer": "building",
        "building": "yes"
      },
      "geometry": {
        "type": "Polygon",
        "coordinates": [
          [
            [
              80.2547225,
              13.0050936
            ],
            [
              80.2549197,
              13.0050982
            ],
            [
              80.2549224,
              13.0049864
            ],
            [
              80.2547253,
              13.0049818
            ],
            [
              80.2547225,
              13.0050936
            ]
          ]
        ]
      }
    },
    {
      "type": "Feature",
      "properties": {
        "osm_id": "354817624",
        "layer": "building",
        "building": "yes"
      },
      "geometry": {
        "type": "Polygon",
        "coordinates": [
          [
            [
              80.2534791,
              13.0037673
            ],
            [
              80.2534799,
              13.0039403
            ],
            [
              80.253555,
              13.00394
            ],
            [
              80.2535542,
              13.003767
            ],
            [
              80.2534791,
              13.0037673
            ]
          ]
        ]
      }
    },
    {
      "type": "Feature",
      "properties": {
        "osm_id": "354817631",
        "layer": "building",
        "building": "yes"
      },
      "geometry": {
        "type": "Polygon",
        "coordinates": [
          [
            [
              80.2586699,
              13.0039459
            ],
            [
              80.2587399,
              13.0039415
            ],
            [
              80.2587325,
              13.00383
            ],
            [
              80.2586625,
              13.0038345
            ],
            [
              80.2586699,
              13.0039459
            ]
          ]
        ]
      }
    },
    {
      "type": "Feature",
      "properties": {
        "osm_id": "354817633",
        "layer": "building",
        "building": "yes"
      },
      "geometry": {
        "type": "Polygon",
        "coordinates": [
          [
            [
              80.2531516,
              13.0052947
            ],
            [
              80.253278,
              13.0052968
            ],
            [
              80.2532797,
              13.0051922
            ],
            [
              80.2531533,
              13.0051901
            ],
            [
              80.2531516,
              13.0052947
            ]
          ]
        ]
      }
    },
    {
      "type": "Feature",
      "properties": {
        "osm_id": "354817635",
        "layer": "building",
        "addr:city": "Chennai",
        "addr:postcode": "600020",
        "addr:street": "Kasturibai Nagar 1st Cross Street",
        "amenity": "bank",
        "brand": "State Bank of India",
        "brand:wikidata": "Q1340361",
        "brand:wikipedia": "en:State Bank of India",
        "building": "yes",
        "email": "sbi.13361@sbi.co.in",
        "name": "State Bank of India",
        "note": "MICR - 600002185\nIFSC - SBIN0013361\nBranch code - 13361",
        "opening_hours": "Mo-Sa 10:30-16:30",
        "operator": "State Bank of India",
        "phone": "+91 44  24455995",
        "short_name": "SBI"
      },
      "geometry": {
        "type": "Polygon",
        "coordinates": [
          [
            [
              80.2547972,
              13.0058177
            ],
            [
              80.255004,
              13.0058041
            ],
            [
              80.254992,
              13.0056082
            ],
            [
              80.254792,
              13.0055996
            ],
            [
              80.2547972,
              13.0058177
            ]
          ]
        ]
      }
    },
    {
      "type": "Feature",
      "properties": {
        "osm_id": "354817637",
        "layer": "building",
        "building": "yes"
      },
      "geometry": {
        "type": "Polygon",
        "coordinates": [
          [
            [
              80.2611106,
              13.0069109
            ],
            [
              80.2612644,
              13.0069109
            ],
            [
              80.2612644,
              13.0068202
            ],
            [
              80.2611106,
              13.0068202
            ],
            [
              80.2611106,
              13.0069109
            ]
          ]
        ]
      }
    },
    {
      "type": "Feature",
      "properties": {
        "osm_id": "354817639",
        "layer": "building",
        "building": "yes"
      },
      "geometry": {
        "type": "Polygon",
        "coordinates": [
          [
            [
              80.258943,
              13.0035304
            ],
            [
              80.2589455,
              13.0036252
            ],
            [
              80.259013,
              13.0036235
            ],
            [
              80.2590105,
              13.0035287
            ],
            [
              80.258943,
              13.0035304
            ]
          ]
        ]
      }
    },
    {
      "type": "Feature",
      "properties": {
        "osm_id": "354817641",
        "layer": "building",
        "building": "yes"
      },
      "geometry": {
        "type": "Polygon",
        "coordinates": [
          [
            [
              80.258453,
              13.0052637
            ],
            [
              80.2584917,
              13.0053946
            ],
            [
              80.2585664,
              13.0053736
            ],
            [
              80.2585277,
              13.0052427
            ],
            [
              80.258453,
              13.0052637
            ]
          ]
        ]
      }
    },
    {
      "type": "Feature",
      "properties": {
        "osm_id": "354817643",
        "layer": "building",
        "building": "yes"
      },
      "geometry": {
        "type": "Polygon",
        "coordinates": [
          [
            [
              80.2613856,
              13.0061852
            ],
            [
              80.2615008,
              13.006186
            ],
            [
              80.2615018,
              13.0060516
            ],
            [
              80.2613866,
              13.0060508
            ],
            [
              80.2613856,
              13.0061852
            ]
          ]
        ]
      }
    },
    {
      "type": "Feature",
      "properties": {
        "osm_id": "354817645",
        "layer": "building",
        "building": "yes"
      },
      "geometry": {
        "type": "Polygon",
        "coordinates": [
          [
            [
              80.2602702,
              13.0062757
            ],
            [
              80.260269,
              13.0064028
            ],
            [
              80.2603592,
              13.0064036
            ],
            [
              80.2603604,
              13.0062764
            ],
            [
              80.2602702,
              13.0062757
            ]
          ]
        ]
      }
    },
    {
      "type": "Feature",
      "properties": {
        "osm_id": "354817647",
        "layer": "building",
        "building": "yes"
      },
      "geometry": {
        "type": "Polygon",
        "coordinates": [
          [
            [
              80.2540442,
              13.0048434
            ],
            [
              80.2541419,
              13.0048461
            ],
            [
              80.2541444,
              13.0047561
            ],
            [
              80.2540468,
              13.0047534
            ],
            [
              80.2540442,
              13.0048434
            ]
          ]
        ]
      }
    },
    {
      "type": "Feature",
      "properties": {
        "osm_id": "354817661",
        "layer": "building",
        "building": "yes"
      },
      "geometry": {
        "type": "Polygon",
        "coordinates": [
          [
            [
              80.2524653,
              13.0062224
            ],
            [
              80.2526138,
              13.0062236
            ],
            [
              80.2526146,
              13.0061339
            ],
            [
              80.2524661,
              13.0061326
            ],
            [
              80.2524653,
              13.0062224
            ]
          ]
        ]
      }
    },
    {
      "type": "Feature",
      "properties": {
        "osm_id": "354817663",
        "layer": "building",
        "building": "yes"
      },
      "geometry": {
        "type": "Polygon",
        "coordinates": [
          [
            [
              80.2524101,
              13.0054944
            ],
            [
              80.2525045,
              13.0054955
            ],
            [
              80.2525055,
              13.0054144
            ],
            [
              80.2524111,
              13.0054132
            ],
            [
              80.2524101,
              13.0054944
            ]
          ]
        ]
      }
    },
    {
      "type": "Feature",
      "properties": {
        "osm_id": "354817665",
        "layer": "building",
        "building": "yes"
      },
      "geometry": {
        "type": "Polygon",
        "coordinates": [
          [
            [
              80.2621928,
              13.0053532
            ],
            [
              80.2621914,
              13.005503
            ],
            [
              80.2622679,
              13.0055037
            ],
            [
              80.2622693,
              13.0053539
            ],
            [
              80.2621928,
              13.0053532
            ]
          ]
        ]
      }
    },
    {
      "type": "Feature",
      "properties": {
        "osm_id": "354817667",
        "layer": "building",
        "building": "yes"
      },
      "geometry": {
        "type": "Polygon",
        "coordinates": [
          [
            [
              80.2530849,
              13.0058579
            ],
            [
              80.2532133,
              13.00586
            ],
            [
              80.2532161,
              13.0056876
            ],
            [
              80.2530877,
              13.0056856
            ],
            [
              80.2530849,
              13.0058579
            ]
          ]
        ]
      }
    },
    {
      "type": "Feature",
      "properties": {
        "osm_id": "354817669",
        "layer": "building",
        "building": "yes"
      },
      "geometry": {
        "type": "Polygon",
        "coordinates": [
          [
            [
              80.2602463,
              13.0055139
            ],
            [
              80.260315,
              13.005515
            ],
            [
              80.2603155,
              13.0054916
            ],
            [
              80.2603356,
              13.0054919
            ],
            [
              80.2603366,
              13.0054366
            ],
            [
              80.2602476,
              13.0054352
            ],
            [
              80.2602463,
              13.0055139
            ]
          ]
        ]
      }
    },
    {
      "type": "Feature",
      "properties": {
        "osm_id": "354817675",
        "layer": "building",
        "building": "yes"
      },
      "geometry": {
        "type": "Polygon",
        "coordinates": [
          [
            [
              80.2591941,
              13.0043607
            ],
            [
              80.2593305,
              13.0043526
            ],
            [
              80.2593242,
              13.0042523
            ],
            [
              80.2591878,
              13.0042604
            ],
            [
              80.2591941,
              13.0043607
            ]
          ]
        ]
      }
    },
    {
      "type": "Feature",
      "properties": {
        "osm_id": "354817677",
        "layer": "building",
        "building": "yes"
      },
      "geometry": {
        "type": "Polygon",
        "coordinates": [
          [
            [
              80.2524198,
              13.0063389
            ],
            [
              80.252503,
              13.0063396
            ],
            [
              80.2525038,
              13.0062478
            ],
            [
              80.2524206,
              13.0062471
            ],
            [
              80.2524198,
              13.0063389
            ]
          ]
        ]
      }
    },
    {
      "type": "Feature",
      "properties": {
        "osm_id": "354817679",
        "layer": "building",
        "building": "yes"
      },
      "geometry": {
        "type": "Polygon",
        "coordinates": [
          [
            [
              80.2617498,
              13.0044788
            ],
            [
              80.2618379,
              13.0044779
            ],
            [
              80.2618369,
              13.0043704
            ],
            [
              80.2617487,
              13.0043712
            ],
            [
              80.2617498,
              13.0044788
            ]
          ]
        ]
      }
    },
    {
      "type": "Feature",
      "properties": {
        "osm_id": "354817681",
        "layer": "building",
        "building": "yes"
      },
      "geometry": {
        "type": "Polygon",
        "coordinates": [
          [
            [
              80.2602791,
              13.0051822
            ],
            [
              80.2603622,
              13.005179
            ],
            [
              80.2603584,
              13.0050858
            ],
            [
              80.2602753,
              13.005089
            ],
            [
              80.2602791,
              13.0051822
            ]
          ]
        ]
      }
    },
    {
      "type": "Feature",
      "properties": {
        "osm_id": "354817683",
        "layer": "building",
        "building": "yes"
      },
      "geometry": {
        "type": "Polygon",
        "coordinates": [
          [
            [
              80.2620851,
              13.0054702
            ],
            [
              80.2621591,
              13.0054709
            ],
            [
              80.2621602,
              13.0053595
            ],
            [
              80.2620862,
              13.0053588
            ],
            [
              80.2620851,
              13.0054702
            ]
          ]
        ]
      }
    },
    {
      "type": "Feature",
      "properties": {
        "osm_id": "354817685",
        "layer": "building",
        "building": "yes"
      },
      "geometry": {
        "type": "Polygon",
        "coordinates": [
          [
            [
              80.2626602,
              13.0073963
            ],
            [
              80.2628025,
              13.0074193
            ],
            [
              80.2628295,
              13.0072601
            ],
            [
              80.2626872,
              13.0072372
            ],
            [
              80.2626602,
              13.0073963
            ]
          ]
        ]
      }
    },
    {
      "type": "Feature",
      "properties": {
        "osm_id": "354817687",
        "layer": "building",
        "building": "yes"
      },
      "geometry": {
        "type": "Polygon",
        "coordinates": [
          [
            [
              80.260245,
              13.0055962
            ],
            [
              80.2603485,
              13.005591
            ],
            [
              80.2603449,
              13.0055226
            ],
            [
              80.2602414,
              13.0055277
            ],
            [
              80.260245,
              13.0055962
            ]
          ]
        ]
      }
    },
    {
      "type": "Feature",
      "properties": {
        "osm_id": "354817689",
        "layer": "building",
        "building": "yes"
      },
      "geometry": {
        "type": "Polygon",
        "coordinates": [
          [
            [
              80.2590519,
              13.0046495
            ],
            [
              80.2591725,
              13.00464
            ],
            [
              80.2591659,
              13.0045601
            ],
            [
              80.2590453,
              13.0045696
            ],
            [
              80.2590519,
              13.0046495
            ]
          ]
        ]
      }
    },
    {
      "type": "Feature",
      "properties": {
        "osm_id": "354817693",
        "layer": "building",
        "building": "yes"
      },
      "geometry": {
        "type": "Polygon",
        "coordinates": [
          [
            [
              80.2544292,
              13.0058558
            ],
            [
              80.2545454,
              13.0058576
            ],
            [
              80.2545466,
              13.0057867
            ],
            [
              80.2544304,
              13.0057849
            ],
            [
              80.2544292,
              13.0058558
            ]
          ]
        ]
      }
    },
    {
      "type": "Feature",
      "properties": {
        "osm_id": "354817695",
        "layer": "building",
        "building": "yes"
      },
      "geometry": {
        "type": "Polygon",
        "coordinates": [
          [
            [
              80.256401,
              13.0036582
            ],
            [
              80.2566744,
              13.0036604
            ],
            [
              80.2566749,
              13.0035966
            ],
            [
              80.2564015,
              13.0035944
            ],
            [
              80.256401,
              13.0036582
            ]
          ]
        ]
      }
    },
    {
      "type": "Feature",
      "properties": {
        "osm_id": "354817697",
        "layer": "building",
        "building": "yes"
      },
      "geometry": {
        "type": "Polygon",
        "coordinates": [
          [
            [
              80.2613493,
              13.0046558
            ],
            [
              80.2614786,
              13.0046545
            ],
            [
              80.2614778,
              13.0045693
            ],
            [
              80.2613485,
              13.0045706
            ],
            [
              80.2613493,
              13.0046558
            ]
          ]
        ]
      }
    },
    {
      "type": "Feature",
      "properties": {
        "osm_id": "354817699",
        "layer": "building",
        "building": "yes"
      },
      "geometry": {
        "type": "Polygon",
        "coordinates": [
          [
            [
              80.2628586,
              13.0038737
            ],
            [
              80.2630058,
              13.0038688
            ],
            [
              80.2630023,
              13.0037689
            ],
            [
              80.2628551,
              13.0037738
            ],
            [
              80.2628586,
              13.0038737
            ]
          ]
        ]
      }
    },
    {
      "type": "Feature",
      "properties": {
        "osm_id": "354817701",
        "layer": "building",
        "building": "yes"
      },
      "geometry": {
        "type": "Polygon",
        "coordinates": [
          [
            [
              80.2597988,
              13.0039283
            ],
            [
              80.2599428,
              13.0039206
            ],
            [
              80.2599387,
              13.003847
            ],
            [
              80.2597946,
              13.0038546
            ],
            [
              80.2597988,
              13.0039283
            ]
          ]
        ]
      }
    },
    {
      "type": "Feature",
      "properties": {
        "osm_id": "354817703",
        "layer": "building",
        "building": "yes"
      },
      "geometry": {
        "type": "Polygon",
        "coordinates": [
          [
            [
              80.2626167,
              13.0053662
            ],
            [
              80.2627456,
              13.0053338
            ],
            [
              80.2627189,
              13.0052328
            ],
            [
              80.26259,
              13.0052652
            ],
            [
              80.2626167,
              13.0053662
            ]
          ]
        ]
      }
    },
    {
      "type": "Feature",
      "properties": {
        "osm_id": "354817707",
        "layer": "building",
        "building": "yes"
      },
      "geometry": {
        "type": "Polygon",
        "coordinates": [
          [
            [
              80.2622211,
              13.0074141
            ],
            [
              80.2623235,
              13.0074279
            ],
            [
              80.2623376,
              13.0073282
            ],
            [
              80.2622352,
              13.0073145
            ],
            [
              80.2622211,
              13.0074141
            ]
          ]
        ]
      }
    },
    {
      "type": "Feature",
      "properties": {
        "osm_id": "354817712",
        "layer": "building",
        "building": "yes"
      },
      "geometry": {
        "type": "Polygon",
        "coordinates": [
          [
            [
              80.2611734,
              13.0049082
            ],
            [
              80.2612607,
              13.0049057
            ],
            [
              80.2612575,
              13.0047968
            ],
            [
              80.2611702,
              13.0047993
            ],
            [
              80.2611734,
              13.0049082
            ]
          ]
        ]
      }
    },
    {
      "type": "Feature",
      "properties": {
        "osm_id": "354817714",
        "layer": "building",
        "building": "yes"
      },
      "geometry": {
        "type": "Polygon",
        "coordinates": [
          [
            [
              80.2619634,
              13.0053137
            ],
            [
              80.2620483,
              13.0053145
            ],
            [
              80.2620494,
              13.0051963
            ],
            [
              80.2619646,
              13.0051956
            ],
            [
              80.2619634,
              13.0053137
            ]
          ]
        ]
      }
    },
    {
      "type": "Feature",
      "properties": {
        "osm_id": "354817716",
        "layer": "building",
        "building": "yes"
      },
      "geometry": {
        "type": "Polygon",
        "coordinates": [
          [
            [
              80.2602501,
              13.0047445
            ],
            [
              80.2603372,
              13.0047462
            ],
            [
              80.2603397,
              13.0046191
            ],
            [
              80.2602527,
              13.0046174
            ],
            [
              80.2602501,
              13.0047445
            ]
          ]
        ]
      }
    },
    {
      "type": "Feature",
      "properties": {
        "osm_id": "354817718",
        "layer": "building",
        "building": "yes"
      },
      "geometry": {
        "type": "Polygon",
        "coordinates": [
          [
            [
              80.2547496,
              13.0034955
            ],
            [
              80.2548935,
              13.0034967
            ],
            [
              80.2548941,
              13.0034153
            ],
            [
              80.2547503,
              13.0034141
            ],
            [
              80.2547496,
              13.0034955
            ]
          ]
        ]
      }
    },
    {
      "type": "Feature",
      "properties": {
        "osm_id": "354817720",
        "layer": "building",
        "building": "yes"
      },
      "geometry": {
        "type": "Polygon",
        "coordinates": [
          [
            [
              80.2618313,
              13.0064067
            ],
            [
              80.2619381,
              13.0064075
            ],
            [
              80.2619394,
              13.0062415
            ],
            [
              80.2618326,
              13.0062407
            ],
            [
              80.2618313,
              13.0064067
            ]
          ]
        ]
      }
    },
    {
      "type": "Feature",
      "properties": {
        "osm_id": "354817722",
        "layer": "building",
        "building": "yes"
      },
      "geometry": {
        "type": "Polygon",
        "coordinates": [
          [
            [
              80.2547745,
              13.0060608
            ],
            [
              80.2549267,
              13.0060552
            ],
            [
              80.2549315,
              13.005958
            ],
            [
              80.2549328,
              13.005931
            ],
            [
              80.2547708,
              13.0059309
            ],
            [
              80.2547745,
              13.0060608
            ]
          ]
        ]
      }
    },
    {
      "type": "Feature",
      "properties": {
        "osm_id": "354817726",
        "layer": "building",
        "building": "yes"
      },
      "geometry": {
        "type": "Polygon",
        "coordinates": [
          [
            [
              80.261534,
              13.005076
            ],
            [
              80.2616246,
              13.0050794
            ],
            [
              80.2616299,
              13.0049456
            ],
            [
              80.2615394,
              13.0049422
            ],
            [
              80.261534,
              13.005076
            ]
          ]
        ]
      }
    },
    {
      "type": "Feature",
      "properties": {
        "osm_id": "354817728",
        "layer": "building",
        "building": "yes"
      },
      "geometry": {
        "type": "Polygon",
        "coordinates": [
          [
            [
              80.2540525,
              13.0056968
            ],
            [
              80.254048,
              13.0059675
            ],
            [
              80.2541577,
              13.0059692
            ],
            [
              80.2541622,
              13.0056985
            ],
            [
              80.2540525,
              13.0056968
            ]
          ]
        ]
      }
    },
    {
      "type": "Feature",
      "properties": {
        "osm_id": "354817730",
        "layer": "building",
        "building": "yes"
      },
      "geometry": {
        "type": "Polygon",
        "coordinates": [
          [
            [
              80.2604934,
              13.0057375
            ],
            [
              80.2606074,
              13.0057432
            ],
            [
              80.2606134,
              13.00563
            ],
            [
              80.2604994,
              13.0056242
            ],
            [
              80.2604934,
              13.0057375
            ]
          ]
        ]
      }
    },
    {
      "type": "Feature",
      "properties": {
        "osm_id": "354817732",
        "layer": "building",
        "building": "yes"
      },
      "geometry": {
        "type": "Polygon",
        "coordinates": [
          [
            [
              80.2601621,
              13.0034432
            ],
            [
              80.2601886,
              13.003579
            ],
            [
              80.2602676,
              13.0035643
            ],
            [
              80.2602412,
              13.0034285
            ],
            [
              80.2601621,
              13.0034432
            ]
          ]
        ]
      }
    },
    {
      "type": "Feature",
      "properties": {
        "osm_id": "354817734",
        "layer": "building",
        "building": "yes"
      },
      "geometry": {
        "type": "Polygon",
        "coordinates": [
          [
            [
              80.2594881,
              13.0041469
            ],
            [
              80.259564,
              13.0041429
            ],
            [
              80.2595597,
              13.0040668
            ],
            [
              80.2594839,
              13.0040708
            ],
            [
              80.2594881,
              13.0041469
            ]
          ]
        ]
      }
    },
    {
      "type": "Feature",
      "properties": {
        "osm_id": "354817736",
        "layer": "building",
        "building": "yes"
      },
      "geometry": {
        "type": "Polygon",
        "coordinates": [
          [
            [
              80.2526802,
              13.0047884
            ],
            [
              80.2526788,
              13.0049436
            ],
            [
              80.2527654,
              13.0049443
            ],
            [
              80.2527668,
              13.0047891
            ],
            [
              80.2526802,
              13.0047884
            ]
          ]
        ]
      }
    },
    {
      "type": "Feature",
      "properties": {
        "osm_id": "354817740",
        "layer": "building",
        "building": "yes"
      },
      "geometry": {
        "type": "Polygon",
        "coordinates": [
          [
            [
              80.2616318,
              13.004914
            ],
            [
              80.2617026,
              13.0049109
            ],
            [
              80.2616979,
              13.0048066
            ],
            [
              80.2616271,
              13.0048097
            ],
            [
              80.2616318,
              13.004914
            ]
          ]
        ]
      }
    },
    {
      "type": "Feature",
      "properties": {
        "osm_id": "354817742",
        "layer": "building",
        "building": "yes"
      },
      "geometry": {
        "type": "Polygon",
        "coordinates": [
          [
            [
              80.2586047,
              13.0036744
            ],
            [
              80.2587203,
              13.003672
            ],
            [
              80.2587185,
              13.0035885
            ],
            [
              80.2586029,
              13.003591
            ],
            [
              80.2586047,
              13.0036744
            ]
          ]
        ]
      }
    },
    {
      "type": "Feature",
      "properties": {
        "osm_id": "354817744",
        "layer": "building",
        "building": "yes"
      },
      "geometry": {
        "type": "Polygon",
        "coordinates": [
          [
            [
              80.2609739,
              13.0044337
            ],
            [
              80.2610656,
              13.0044325
            ],
            [
              80.2610643,
              13.0043332
            ],
            [
              80.2609726,
              13.0043343
            ],
            [
              80.2609739,
              13.0044337
            ]
          ]
        ]
      }
    },
    {
      "type": "Feature",
      "properties": {
        "osm_id": "354817746",
        "layer": "building",
        "building": "yes"
      },
      "geometry": {
        "type": "Polygon",
        "coordinates": [
          [
            [
              80.2627861,
              13.0063172
            ],
            [
              80.2629469,
              13.0062942
            ],
            [
              80.2629333,
              13.0062036
            ],
            [
              80.2627725,
              13.0062266
            ],
            [
              80.2627861,
              13.0063172
            ]
          ]
        ]
      }
    },
    {
      "type": "Feature",
      "properties": {
        "osm_id": "354817748",
        "layer": "building",
        "building": "yes"
      },
      "geometry": {
        "type": "Polygon",
        "coordinates": [
          [
            [
              80.2599427,
              13.0070405
            ],
            [
              80.2601215,
              13.0070291
            ],
            [
              80.2601125,
              13.0068966
            ],
            [
              80.2599338,
              13.0069081
            ],
            [
              80.2599427,
              13.0070405
            ]
          ]
        ]
      }
    },
    {
      "type": "Feature",
      "properties": {
        "osm_id": "354817753",
        "layer": "building",
        "building": "yes"
      },
      "geometry": {
        "type": "Polygon",
        "coordinates": [
          [
            [
              80.2613842,
              13.0072639
            ],
            [
              80.2615171,
              13.0072914
            ],
            [
              80.2615407,
              13.0071833
            ],
            [
              80.2614078,
              13.0071558
            ],
            [
              80.2613842,
              13.0072639
            ]
          ]
        ]
      }
    },
    {
      "type": "Feature",
      "properties": {
        "osm_id": "354817756",
        "layer": "building",
        "building": "yes"
      },
      "geometry": {
        "type": "Polygon",
        "coordinates": [
          [
            [
              80.2526926,
              13.0062337
            ],
            [
              80.2527559,
              13.0062342
            ],
            [
              80.2527569,
              13.006119
            ],
            [
              80.2526936,
              13.0061185
            ],
            [
              80.2526926,
              13.0062337
            ]
          ]
        ]
      }
    },
    {
      "type": "Feature",
      "properties": {
        "osm_id": "354817758",
        "layer": "building",
        "building": "yes"
      },
      "geometry": {
        "type": "Polygon",
        "coordinates": [
          [
            [
              80.2587716,
              13.003579
            ],
            [
              80.2588806,
              13.0035766
            ],
            [
              80.2588787,
              13.0034985
            ],
            [
              80.2587698,
              13.0035009
            ],
            [
              80.2587716,
              13.003579
            ]
          ]
        ]
      }
    },
    {
      "type": "Feature",
      "properties": {
        "osm_id": "354817761",
        "layer": "building",
        "building": "yes"
      },
      "geometry": {
        "type": "Polygon",
        "coordinates": [
          [
            [
              80.2597736,
              13.0037232
            ],
            [
              80.259969,
              13.0037207
            ],
            [
              80.2599679,
              13.0036394
            ],
            [
              80.2597726,
              13.0036419
            ],
            [
              80.2597736,
              13.0037232
            ]
          ]
        ]
      }
    },
    {
      "type": "Feature",
      "properties": {
        "osm_id": "354817763",
        "layer": "building",
        "building": "yes"
      },
      "geometry": {
        "type": "Polygon",
        "coordinates": [
          [
            [
              80.2607147,
              13.0038266
            ],
            [
              80.2607258,
              13.0039183
            ],
            [
              80.2608152,
              13.003908
            ],
            [
              80.260804,
              13.0038163
            ],
            [
              80.2607147,
              13.0038266
            ]
          ]
        ]
      }
    },
    {
      "type": "Feature",
      "properties": {
        "osm_id": "354817766",
        "layer": "building",
        "building": "yes"
      },
      "geometry": {
        "type": "Polygon",
        "coordinates": [
          [
            [
              80.2611176,
              13.0049477
            ],
            [
              80.2611192,
              13.0050943
            ],
            [
              80.2611909,
              13.0050935
            ],
            [
              80.2611892,
              13.0049469
            ],
            [
              80.2611176,
              13.0049477
            ]
          ]
        ]
      }
    },
    {
      "type": "Feature",
      "properties": {
        "osm_id": "354817768",
        "layer": "building",
        "building": "yes"
      },
      "geometry": {
        "type": "Polygon",
        "coordinates": [
          [
            [
              80.2622863,
              13.0052217
            ],
            [
              80.2622855,
              13.0053076
            ],
            [
              80.2623766,
              13.0053085
            ],
            [
              80.2623774,
              13.0052226
            ],
            [
              80.2622863,
              13.0052217
            ]
          ]
        ]
      }
    },
    {
      "type": "Feature",
      "properties": {
        "osm_id": "354817771",
        "layer": "building",
        "building": "yes"
      },
      "geometry": {
        "type": "Polygon",
        "coordinates": [
          [
            [
              80.2527903,
              13.0057359
            ],
            [
              80.2529287,
              13.005737
            ],
            [
              80.2529295,
              13.005648
            ],
            [
              80.2527911,
              13.0056468
            ],
            [
              80.2527903,
              13.0057359
            ]
          ]
        ]
      }
    },
    {
      "type": "Feature",
      "properties": {
        "osm_id": "354817773",
        "layer": "building",
        "building": "yes"
      },
      "geometry": {
        "type": "Polygon",
        "coordinates": [
          [
            [
              80.2622504,
              13.0072307
            ],
            [
              80.2623602,
              13.0072396
            ],
            [
              80.2623787,
              13.0070233
            ],
            [
              80.2622689,
              13.0070144
            ],
            [
              80.2622504,
              13.0072307
            ]
          ]
        ]
      }
    },
    {
      "type": "Feature",
      "properties": {
        "osm_id": "354817776",
        "layer": "building",
        "building": "yes"
      },
      "geometry": {
        "type": "Polygon",
        "coordinates": [
          [
            [
              80.2592254,
              13.0041306
            ],
            [
              80.2593,
              13.0041296
            ],
            [
              80.2592989,
              13.0040469
            ],
            [
              80.2592243,
              13.0040479
            ],
            [
              80.2592254,
              13.0041306
            ]
          ]
        ]
      }
    },
    {
      "type": "Feature",
      "properties": {
        "osm_id": "354817778",
        "layer": "building",
        "building": "yes"
      },
      "geometry": {
        "type": "Polygon",
        "coordinates": [
          [
            [
              80.2546954,
              13.0035872
            ],
            [
              80.2549049,
              13.0035888
            ],
            [
              80.2549055,
              13.003514
            ],
            [
              80.254696,
              13.0035123
            ],
            [
              80.2546954,
              13.0035872
            ]
          ]
        ]
      }
    },
    {
      "type": "Feature",
      "properties": {
        "osm_id": "354817782",
        "layer": "building",
        "building": "yes"
      },
      "geometry": {
        "type": "Polygon",
        "coordinates": [
          [
            [
              80.2617966,
              13.0068732
            ],
            [
              80.2619101,
              13.0068744
            ],
            [
              80.2619117,
              13.0067249
            ],
            [
              80.2617982,
              13.0067237
            ],
            [
              80.2617966,
              13.0068732
            ]
          ]
        ]
      }
    },
    {
      "type": "Feature",
      "properties": {
        "osm_id": "354817784",
        "layer": "building",
        "building": "yes"
      },
      "geometry": {
        "type": "Polygon",
        "coordinates": [
          [
            [
              80.2535669,
              13.0039796
            ],
            [
              80.2535677,
              13.0041503
            ],
            [
              80.2536665,
              13.0041499
            ],
            [
              80.2536656,
              13.0039792
            ],
            [
              80.2535669,
              13.0039796
            ]
          ]
        ]
      }
    },
    {
      "type": "Feature",
      "properties": {
        "osm_id": "354817787",
        "layer": "building",
        "building": "yes"
      },
      "geometry": {
        "type": "Polygon",
        "coordinates": [
          [
            [
              80.2556327,
              13.0049478
            ],
            [
              80.2556294,
              13.0050841
            ],
            [
              80.2557786,
              13.0050876
            ],
            [
              80.2557819,
              13.0049513
            ],
            [
              80.2556327,
              13.0049478
            ]
          ]
        ]
      }
    },
    {
      "type": "Feature",
      "properties": {
        "osm_id": "354817789",
        "layer": "building",
        "building": "yes"
      },
      "geometry": {
        "type": "Polygon",
        "coordinates": [
          [
            [
              80.2593621,
              13.0040424
            ],
            [
              80.2594682,
              13.0040368
            ],
            [
              80.2594621,
              13.0039278
            ],
            [
              80.259356,
              13.0039335
            ],
            [
              80.2593621,
              13.0040424
            ]
          ]
        ]
      }
    },
    {
      "type": "Feature",
      "properties": {
        "osm_id": "354817792",
        "layer": "building",
        "building": "yes"
      },
      "geometry": {
        "type": "Polygon",
        "coordinates": [
          [
            [
              80.2554546,
              13.0051016
            ],
            [
              80.2554485,
              13.0053481
            ],
            [
              80.2555887,
              13.0053514
            ],
            [
              80.2555947,
              13.0051049
            ],
            [
              80.2554546,
              13.0051016
            ]
          ]
        ]
      }
    },
    {
      "type": "Feature",
      "properties": {
        "osm_id": "354817795",
        "layer": "building",
        "building": "yes"
      },
      "geometry": {
        "type": "Polygon",
        "coordinates": [
          [
            [
              80.2608618,
              13.0047281
            ],
            [
              80.2609741,
              13.0047281
            ],
            [
              80.2609741,
              13.0046219
            ],
            [
              80.2608618,
              13.0046219
            ],
            [
              80.2608618,
              13.0047281
            ]
          ]
        ]
      }
    },
    {
      "type": "Feature",
      "properties": {
        "osm_id": "354817799",
        "layer": "building",
        "building": "yes"
      },
      "geometry": {
        "type": "Polygon",
        "coordinates": [
          [
            [
              80.2527494,
              13.00523
            ],
            [
              80.2528597,
              13.005231
            ],
            [
              80.2528608,
              13.005105
            ],
            [
              80.2527505,
              13.005104
            ],
            [
              80.2527494,
              13.00523
            ]
          ]
        ]
      }
    },
    {
      "type": "Feature",
      "properties": {
        "osm_id": "354817804",
        "layer": "building",
        "building": "yes"
      },
      "geometry": {
        "type": "Polygon",
        "coordinates": [
          [
            [
              80.2558926,
              13.005249
            ],
            [
              80.2558902,
              13.0053505
            ],
            [
              80.25603,
              13.0053537
            ],
            [
              80.2560324,
              13.0052522
            ],
            [
              80.2558926,
              13.005249
            ]
          ]
        ]
      }
    },
    {
      "type": "Feature",
      "properties": {
        "osm_id": "354817806",
        "layer": "building",
        "building": "yes"
      },
      "geometry": {
        "type": "Polygon",
        "coordinates": [
          [
            [
              80.2535175,
              13.0053752
            ],
            [
              80.2536319,
              13.0053771
            ],
            [
              80.2536349,
              13.0051954
            ],
            [
              80.2535205,
              13.0051935
            ],
            [
              80.2535175,
              13.0053752
            ]
          ]
        ]
      }
    },
    {
      "type": "Feature",
      "properties": {
        "osm_id": "354817812",
        "layer": "building",
        "building": "yes"
      },
      "geometry": {
        "type": "Polygon",
        "coordinates": [
          [
            [
              80.2527401,
              13.0058287
            ],
            [
              80.2528998,
              13.00583
            ],
            [
              80.2529005,
              13.0057428
            ],
            [
              80.2527408,
              13.0057415
            ],
            [
              80.2527401,
              13.0058287
            ]
          ]
        ]
      }
    },
    {
      "type": "Feature",
      "properties": {
        "osm_id": "354817814",
        "layer": "building",
        "building": "yes"
      },
      "geometry": {
        "type": "Polygon",
        "coordinates": [
          [
            [
              80.2547511,
              13.0053581
            ],
            [
              80.2549351,
              13.0053624
            ],
            [
              80.254937,
              13.0052844
            ],
            [
              80.254753,
              13.0052801
            ],
            [
              80.2547511,
              13.0053581
            ]
          ]
        ]
      }
    },
    {
      "type": "Feature",
      "properties": {
        "osm_id": "354817816",
        "layer": "building",
        "building": "yes"
      },
      "geometry": {
        "type": "Polygon",
        "coordinates": [
          [
            [
              80.2608429,
              13.0042927
            ],
            [
              80.2609461,
              13.0042911
            ],
            [
              80.2609446,
              13.0042057
            ],
            [
              80.2608415,
              13.0042073
            ],
            [
              80.2608429,
              13.0042927
            ]
          ]
        ]
      }
    },
    {
      "type": "Feature",
      "properties": {
        "osm_id": "354817824",
        "layer": "building",
        "building": "yes"
      },
      "geometry": {
        "type": "Polygon",
        "coordinates": [
          [
            [
              80.2613111,
              13.0055942
            ],
            [
              80.2613119,
              13.005736
            ],
            [
              80.2613978,
              13.0057355
            ],
            [
              80.2613969,
              13.0055937
            ],
            [
              80.2613111,
              13.0055942
            ]
          ]
        ]
      }
    },
    {
      "type": "Feature",
      "properties": {
        "osm_id": "354817828",
        "layer": "building",
        "building": "yes"
      },
      "geometry": {
        "type": "Polygon",
        "coordinates": [
          [
            [
              80.2533271,
              13.0053668
            ],
            [
              80.2533247,
              13.0055095
            ],
            [
              80.253463,
              13.0055117
            ],
            [
              80.2534654,
              13.005369
            ],
            [
              80.2533271,
              13.0053668
            ]
          ]
        ]
      }
    },
    {
      "type": "Feature",
      "properties": {
        "osm_id": "354817830",
        "layer": "building",
        "building": "yes"
      },
      "geometry": {
        "type": "Polygon",
        "coordinates": [
          [
            [
              80.2610479,
              13.0034038
            ],
            [
              80.2611067,
              13.0037269
            ],
            [
              80.2612477,
              13.0037026
            ],
            [
              80.2611889,
              13.0033794
            ],
            [
              80.2610479,
              13.0034038
            ]
          ]
        ]
      }
    },
    {
      "type": "Feature",
      "properties": {
        "osm_id": "354817832",
        "layer": "building",
        "building": "yes"
      },
      "geometry": {
        "type": "Polygon",
        "coordinates": [
          [
            [
              80.2623791,
              13.0060439
            ],
            [
              80.2623777,
              13.0062239
            ],
            [
              80.2624882,
              13.0062247
            ],
            [
              80.2624896,
              13.0060447
            ],
            [
              80.2623791,
              13.0060439
            ]
          ]
        ]
      }
    },
    {
      "type": "Feature",
      "properties": {
        "osm_id": "354817834",
        "layer": "building",
        "building": "yes"
      },
      "geometry": {
        "type": "Polygon",
        "coordinates": [
          [
            [
              80.2547204,
              13.0049428
            ],
            [
              80.2549047,
              13.0049471
            ],
            [
              80.2549066,
              13.0048671
            ],
            [
              80.2547224,
              13.0048628
            ],
            [
              80.2547204,
              13.0049428
            ]
          ]
        ]
      }
    },
    {
      "type": "Feature",
      "properties": {
        "osm_id": "354817838",
        "layer": "building",
        "building": "yes"
      },
      "geometry": {
        "type": "Polygon",
        "coordinates": [
          [
            [
              80.2586562,
              13.0042125
            ],
            [
              80.2587776,
              13.0042077
            ],
            [
              80.2587743,
              13.0041294
            ],
            [
              80.2586529,
              13.0041343
            ],
            [
              80.2586562,
              13.0042125
            ]
          ]
        ]
      }
    },
    {
      "type": "Feature",
      "properties": {
        "osm_id": "354817842",
        "layer": "building",
        "building": "yes"
      },
      "geometry": {
        "type": "Polygon",
        "coordinates": [
          [
            [
              80.2542337,
              13.0064371
            ],
            [
              80.2543429,
              13.0064388
            ],
            [
              80.2543482,
              13.0061224
            ],
            [
              80.254239,
              13.0061207
            ],
            [
              80.2542337,
              13.0064371
            ]
          ]
        ]
      }
    },
    {
      "type": "Feature",
      "properties": {
        "osm_id": "354817844",
        "layer": "building",
        "building": "yes"
      },
      "geometry": {
        "type": "Polygon",
        "coordinates": [
          [
            [
              80.2585706,
              13.0054024
            ],
            [
              80.258702,
              13.0054007
            ],
            [
              80.2587008,
              13.0053075
            ],
            [
              80.2585694,
              13.0053091
            ],
            [
              80.2585706,
              13.0054024
            ]
          ]
        ]
      }
    },
    {
      "type": "Feature",
      "properties": {
        "osm_id": "354817852",
        "layer": "building",
        "building": "yes"
      },
      "geometry": {
        "type": "Polygon",
        "coordinates": [
          [
            [
              80.2608794,
              13.005244
            ],
            [
              80.2609758,
              13.0052474
            ],
            [
              80.2609797,
              13.0051441
            ],
            [
              80.2608832,
              13.0051407
            ],
            [
              80.2608794,
              13.005244
            ]
          ]
        ]
      }
    },
    {
      "type": "Feature",
      "properties": {
        "osm_id": "354817855",
        "layer": "building",
        "building": "yes"
      },
      "geometry": {
        "type": "Polygon",
        "coordinates": [
          [
            [
              80.261982,
              13.0041647
            ],
            [
              80.2621209,
              13.0041631
            ],
            [
              80.2621198,
              13.0040737
            ],
            [
              80.2619809,
              13.0040753
            ],
            [
              80.261982,
              13.0041647
            ]
          ]
        ]
      }
    },
    {
      "type": "Feature",
      "properties": {
        "osm_id": "354817861",
        "layer": "building",
        "building": "yes"
      },
      "geometry": {
        "type": "Polygon",
        "coordinates": [
          [
            [
              80.2533033,
              13.0039879
            ],
            [
              80.2533041,
              13.0041496
            ],
            [
              80.2534004,
              13.0041492
            ],
            [
              80.2533996,
              13.0039874
            ],
            [
              80.2533033,
              13.0039879
            ]
          ]
        ]
      }
    },
    {
      "type": "Feature",
      "properties": {
        "osm_id": "354817865",
        "layer": "building",
        "building": "yes"
      },
      "geometry": {
        "type": "Polygon",
        "coordinates": [
          [
            [
              80.2526023,
              13.0035742
            ],
            [
              80.252694,
              13.0035749
            ],
            [
              80.2526948,
              13.0034708
            ],
            [
              80.252603,
              13.0034702
            ],
            [
              80.2526023,
              13.0035742
            ]
          ]
        ]
      }
    },
    {
      "type": "Feature",
      "properties": {
        "osm_id": "354817867",
        "layer": "building",
        "building": "yes"
      },
      "geometry": {
        "type": "Polygon",
        "coordinates": [
          [
            [
              80.2532701,
              13.0056773
            ],
            [
              80.2532669,
              13.0058728
            ],
            [
              80.2533596,
              13.0058742
            ],
            [
              80.2533628,
              13.0056787
            ],
            [
              80.2532701,
              13.0056773
            ]
          ]
        ]
      }
    },
    {
      "type": "Feature",
      "properties": {
        "osm_id": "354817869",
        "layer": "building",
        "building": "yes"
      },
      "geometry": {
        "type": "Polygon",
        "coordinates": [
          [
            [
              80.2524121,
              13.0051212
            ],
            [
              80.2524109,
              13.0052551
            ],
            [
              80.2525042,
              13.0052559
            ],
            [
              80.2525054,
              13.005122
            ],
            [
              80.2524121,
              13.0051212
            ]
          ]
        ]
      }
    },
    {
      "type": "Feature",
      "properties": {
        "osm_id": "354817871",
        "layer": "building",
        "building": "yes"
      },
      "geometry": {
        "type": "Polygon",
        "coordinates": [
          [
            [
              80.2593552,
              13.0044475
            ],
            [
              80.2594558,
              13.0044458
            ],
            [
              80.2594543,
              13.0043572
            ],
            [
              80.2593537,
              13.0043588
            ],
            [
              80.2593552,
              13.0044475
            ]
          ]
        ]
      }
    },
    {
      "type": "Feature",
      "properties": {
        "osm_id": "354817873",
        "layer": "building",
        "building": "yes"
      },
      "geometry": {
        "type": "Polygon",
        "coordinates": [
          [
            [
              80.2614007,
              13.0062509
            ],
            [
              80.2613995,
              13.0064033
            ],
            [
              80.2615018,
              13.0064041
            ],
            [
              80.261503,
              13.0062517
            ],
            [
              80.2614007,
              13.0062509
            ]
          ]
        ]
      }
    },
    {
      "type": "Feature",
      "properties": {
        "osm_id": "354817877",
        "layer": "building",
        "building": "yes"
      },
      "geometry": {
        "type": "Polygon",
        "coordinates": [
          [
            [
              80.2549501,
              13.0033339
            ],
            [
              80.2549479,
              13.0036007
            ],
            [
              80.2550659,
              13.0036017
            ],
            [
              80.2550681,
              13.0033349
            ],
            [
              80.2549501,
              13.0033339
            ]
          ]
        ]
      }
    },
    {
      "type": "Feature",
      "properties": {
        "osm_id": "354817879",
        "layer": "building",
        "building": "yes"
      },
      "geometry": {
        "type": "Polygon",
        "coordinates": [
          [
            [
              80.2619202,
              13.0043941
            ],
            [
              80.2619216,
              13.0045334
            ],
            [
              80.2620342,
              13.0045323
            ],
            [
              80.2620328,
              13.004393
            ],
            [
              80.2619202,
              13.0043941
            ]
          ]
        ]
      }
    },
    {
      "type": "Feature",
      "properties": {
        "osm_id": "354817881",
        "layer": "building",
        "building": "yes"
      },
      "geometry": {
        "type": "Polygon",
        "coordinates": [
          [
            [
              80.2602761,
              13.0050464
            ],
            [
              80.2604242,
              13.005051
            ],
            [
              80.2604283,
              13.0049261
            ],
            [
              80.2602801,
              13.0049215
            ],
            [
              80.2602761,
              13.0050464
            ]
          ]
        ]
      }
    },
    {
      "type": "Feature",
      "properties": {
        "osm_id": "354817887",
        "layer": "building",
        "building": "yes"
      },
      "geometry": {
        "type": "Polygon",
        "coordinates": [
          [
            [
              80.2574016,
              13.005395
            ],
            [
              80.257628,
              13.0053583
            ],
            [
              80.2576081,
              13.0052415
            ],
            [
              80.2573817,
              13.0052782
            ],
            [
              80.2574016,
              13.005395
            ]
          ]
        ]
      }
    },
    {
      "type": "Feature",
      "properties": {
        "osm_id": "354817889",
        "layer": "building",
        "building": "yes"
      },
      "geometry": {
        "type": "Polygon",
        "coordinates": [
          [
            [
              80.2541738,
              13.0047577
            ],
            [
              80.2541628,
              13.0050675
            ],
            [
              80.2542837,
              13.0050716
            ],
            [
              80.2542947,
              13.0047618
            ],
            [
              80.2541738,
              13.0047577
            ]
          ]
        ]
      }
    },
    {
      "type": "Feature",
      "properties": {
        "osm_id": "354817891",
        "layer": "building",
        "building": "yes"
      },
      "geometry": {
        "type": "Polygon",
        "coordinates": [
          [
            [
              80.258674,
              13.0056989
            ],
            [
              80.2587405,
              13.0056997
            ],
            [
              80.258742,
              13.0055874
            ],
            [
              80.2586755,
              13.0055866
            ],
            [
              80.258674,
              13.0056989
            ]
          ]
        ]
      }
    },
    {
      "type": "Feature",
      "properties": {
        "osm_id": "354817893",
        "layer": "building",
        "building": "yes"
      },
      "geometry": {
        "type": "Polygon",
        "coordinates": [
          [
            [
              80.2625112,
              13.0073202
            ],
            [
              80.2624912,
              13.007523
            ],
            [
              80.262608,
              13.007534
            ],
            [
              80.262628,
              13.0073312
            ],
            [
              80.2625112,
              13.0073202
            ]
          ]
        ]
      }
    },
    {
      "type": "Feature",
      "properties": {
        "osm_id": "354817895",
        "layer": "building",
        "building": "yes"
      },
      "geometry": {
        "type": "Polygon",
        "coordinates": [
          [
            [
              80.2617218,
              13.0049151
            ],
            [
              80.2618253,
              13.0049151
            ],
            [
              80.2618253,
              13.0047959
            ],
            [
              80.2617218,
              13.0047959
            ],
            [
              80.2617218,
              13.0049151
            ]
          ]
        ]
      }
    },
    {
      "type": "Feature",
      "properties": {
        "osm_id": "354817897",
        "layer": "building",
        "building": "yes"
      },
      "geometry": {
        "type": "Polygon",
        "coordinates": [
          [
            [
              80.2594615,
              13.0039106
            ],
            [
              80.2595771,
              13.0039044
            ],
            [
              80.2595713,
              13.0037996
            ],
            [
              80.2594556,
              13.0038057
            ],
            [
              80.2594615,
              13.0039106
            ]
          ]
        ]
      }
    },
    {
      "type": "Feature",
      "properties": {
        "osm_id": "354817899",
        "layer": "building",
        "building": "yes"
      },
      "geometry": {
        "type": "Polygon",
        "coordinates": [
          [
            [
              80.2544932,
              13.0059988
            ],
            [
              80.254596,
              13.0059932
            ],
            [
              80.254593,
              13.0059404
            ],
            [
              80.2544902,
              13.005946
            ],
            [
              80.2544932,
              13.0059988
            ]
          ]
        ]
      }
    },
    {
      "type": "Feature",
      "properties": {
        "osm_id": "354817901",
        "layer": "building",
        "building": "yes"
      },
      "geometry": {
        "type": "Polygon",
        "coordinates": [
          [
            [
              80.2620974,
              13.0063977
            ],
            [
              80.2621863,
              13.0063983
            ],
            [
              80.2621873,
              13.0062695
            ],
            [
              80.2620984,
              13.0062689
            ],
            [
              80.2620974,
              13.0063977
            ]
          ]
        ]
      }
    },
    {
      "type": "Feature",
      "properties": {
        "osm_id": "354817903",
        "layer": "building",
        "building": "yes"
      },
      "geometry": {
        "type": "Polygon",
        "coordinates": [
          [
            [
              80.2577401,
              13.0056966
            ],
            [
              80.2578665,
              13.0056682
            ],
            [
              80.2578355,
              13.005537
            ],
            [
              80.2577091,
              13.0055654
            ],
            [
              80.2577401,
              13.0056966
            ]
          ]
        ]
      }
    },
    {
      "type": "Feature",
      "properties": {
        "osm_id": "354817905",
        "layer": "building",
        "building": "yes"
      },
      "geometry": {
        "type": "Polygon",
        "coordinates": [
          [
            [
              80.2597871,
              13.0040302
            ],
            [
              80.2599528,
              13.0040214
            ],
            [
              80.2599482,
              13.0039397
            ],
            [
              80.2597825,
              13.0039485
            ],
            [
              80.2597871,
              13.0040302
            ]
          ]
        ]
      }
    },
    {
      "type": "Feature",
      "properties": {
        "osm_id": "354817907",
        "layer": "building",
        "building": "yes"
      },
      "geometry": {
        "type": "Polygon",
        "coordinates": [
          [
            [
              80.2617284,
              13.0037438
            ],
            [
              80.2618877,
              13.0037508
            ],
            [
              80.2618911,
              13.0036781
            ],
            [
              80.2617318,
              13.0036711
            ],
            [
              80.2617284,
              13.0037438
            ]
          ]
        ]
      }
    },
    {
      "type": "Feature",
      "properties": {
        "osm_id": "354817909",
        "layer": "building",
        "building": "yes"
      },
      "geometry": {
        "type": "Polygon",
        "coordinates": [
          [
            [
              80.2616866,
              13.0063907
            ],
            [
              80.2617922,
              13.0063914
            ],
            [
              80.2617932,
              13.006255
            ],
            [
              80.2616876,
              13.0062543
            ],
            [
              80.2616866,
              13.0063907
            ]
          ]
        ]
      }
    },
    {
      "type": "Feature",
      "properties": {
        "osm_id": "354817915",
        "layer": "building",
        "building": "yes"
      },
      "geometry": {
        "type": "Polygon",
        "coordinates": [
          [
            [
              80.2547749,
              13.0038754
            ],
            [
              80.2548979,
              13.0038763
            ],
            [
              80.2548986,
              13.0037977
            ],
            [
              80.2547755,
              13.0037967
            ],
            [
              80.2547749,
              13.0038754
            ]
          ]
        ]
      }
    },
    {
      "type": "Feature",
      "properties": {
        "osm_id": "354817917",
        "layer": "building",
        "building": "yes"
      },
      "geometry": {
        "type": "Polygon",
        "coordinates": [
          [
            [
              80.2572866,
              13.0051089
            ],
            [
              80.2573419,
              13.0052739
            ],
            [
              80.2575724,
              13.0052383
            ],
            [
              80.2575512,
              13.0051235
            ],
            [
              80.2572866,
              13.0051089
            ]
          ]
        ]
      }
    },
    {
      "type": "Feature",
      "properties": {
        "osm_id": "354817919",
        "layer": "building",
        "building": "yes"
      },
      "geometry": {
        "type": "Polygon",
        "coordinates": [
          [
            [
              80.2542805,
              13.0038405
            ],
            [
              80.2543815,
              13.0038401
            ],
            [
              80.2543811,
              13.0037624
            ],
            [
              80.2542801,
              13.0037628
            ],
            [
              80.2542805,
              13.0038405
            ]
          ]
        ]
      }
    },
    {
      "type": "Feature",
      "properties": {
        "osm_id": "354817922",
        "layer": "building",
        "building": "yes"
      },
      "geometry": {
        "type": "Polygon",
        "coordinates": [
          [
            [
              80.2604339,
              13.0036865
            ],
            [
              80.2605528,
              13.003675
            ],
            [
              80.260541,
              13.0035593
            ],
            [
              80.2604221,
              13.0035708
            ],
            [
              80.2604339,
              13.0036865
            ]
          ]
        ]
      }
    },
    {
      "type": "Feature",
      "properties": {
        "osm_id": "354817927",
        "layer": "building",
        "building": "yes"
      },
      "geometry": {
        "type": "Polygon",
        "coordinates": [
          [
            [
              80.261994,
              13.0050762
            ],
            [
              80.2620822,
              13.005077
            ],
            [
              80.2620835,
              13.0049435
            ],
            [
              80.2619953,
              13.0049427
            ],
            [
              80.261994,
              13.0050762
            ]
          ]
        ]
      }
    },
    {
      "type": "Feature",
      "properties": {
        "osm_id": "354817930",
        "layer": "building",
        "building": "yes"
      },
      "geometry": {
        "type": "Polygon",
        "coordinates": [
          [
            [
              80.2603128,
              13.0035532
            ],
            [
              80.2603874,
              13.0035475
            ],
            [
              80.2603798,
              13.0034526
            ],
            [
              80.2603051,
              13.0034584
            ],
            [
              80.2603128,
              13.0035532
            ]
          ]
        ]
      }
    },
    {
      "type": "Feature",
      "properties": {
        "osm_id": "354817933",
        "layer": "building",
        "building": "yes"
      },
      "geometry": {
        "type": "Polygon",
        "coordinates": [
          [
            [
              80.2619839,
              13.0034856
            ],
            [
              80.2621365,
              13.0034823
            ],
            [
              80.2621343,
              13.0033851
            ],
            [
              80.2619817,
              13.0033883
            ],
            [
              80.2619839,
              13.0034856
            ]
          ]
        ]
      }
    },
    {
      "type": "Feature",
      "properties": {
        "osm_id": "354817940",
        "layer": "building",
        "building": "yes"
      },
      "geometry": {
        "type": "Polygon",
        "coordinates": [
          [
            [
              80.2616293,
              13.0052957
            ],
            [
              80.2617014,
              13.0052963
            ],
            [
              80.2617025,
              13.0051853
            ],
            [
              80.2616304,
              13.0051847
            ],
            [
              80.2616293,
              13.0052957
            ]
          ]
        ]
      }
    },
    {
      "type": "Feature",
      "properties": {
        "osm_id": "354817943",
        "layer": "building",
        "building": "yes"
      },
      "geometry": {
        "type": "Polygon",
        "coordinates": [
          [
            [
              80.2615135,
              13.0066917
            ],
            [
              80.261637,
              13.0066929
            ],
            [
              80.2616388,
              13.0065291
            ],
            [
              80.2615153,
              13.0065279
            ],
            [
              80.2615135,
              13.0066917
            ]
          ]
        ]
      }
    },
    {
      "type": "Feature",
      "properties": {
        "osm_id": "354817949",
        "layer": "building",
        "building": "yes"
      },
      "geometry": {
        "type": "Polygon",
        "coordinates": [
          [
            [
              80.2606554,
              13.0036137
            ],
            [
              80.260776,
              13.0036034
            ],
            [
              80.260766,
              13.0034922
            ],
            [
              80.2606454,
              13.0035025
            ],
            [
              80.2606554,
              13.0036137
            ]
          ]
        ]
      }
    },
    {
      "type": "Feature",
      "properties": {
        "osm_id": "354817953",
        "layer": "building",
        "building": "yes"
      },
      "geometry": {
        "type": "Polygon",
        "coordinates": [
          [
            [
              80.25504,
              13.0043338
            ],
            [
              80.2551587,
              13.0043347
            ],
            [
              80.2551595,
              13.0042344
            ],
            [
              80.2550408,
              13.0042335
            ],
            [
              80.25504,
              13.0043338
            ]
          ]
        ]
      }
    },
    {
      "type": "Feature",
      "properties": {
        "osm_id": "354817959",
        "layer": "building",
        "building": "yes"
      },
      "geometry": {
        "type": "Polygon",
        "coordinates": [
          [
            [
              80.2616418,
              13.0044791
            ],
            [
              80.2617267,
              13.0044783
            ],
            [
              80.2617254,
              13.0043535
            ],
            [
              80.2616406,
              13.0043543
            ],
            [
              80.2616418,
              13.0044791
            ]
          ]
        ]
      }
    },
    {
      "type": "Feature",
      "properties": {
        "osm_id": "354817965",
        "layer": "building",
        "building": "yes"
      },
      "geometry": {
        "type": "Polygon",
        "coordinates": [
          [
            [
              80.2530038,
              13.004059
            ],
            [
              80.2531743,
              13.0040628
            ],
            [
              80.2531769,
              13.0039528
            ],
            [
              80.2530064,
              13.003949
            ],
            [
              80.2530038,
              13.004059
            ]
          ]
        ]
      }
    },
    {
      "type": "Feature",
      "properties": {
        "osm_id": "354817969",
        "layer": "building",
        "building": "yes"
      },
      "geometry": {
        "type": "Polygon",
        "coordinates": [
          [
            [
              80.2627812,
              13.0061785
            ],
            [
              80.2628865,
              13.0061584
            ],
            [
              80.2628687,
              13.00607
            ],
            [
              80.2627635,
              13.0060902
            ],
            [
              80.2627812,
              13.0061785
            ]
          ]
        ]
      }
    },
    {
      "type": "Feature",
      "properties": {
        "osm_id": "354817975",
        "layer": "building",
        "building": "yes"
      },
      "geometry": {
        "type": "Polygon",
        "coordinates": [
          [
            [
              80.2540671,
              13.0039833
            ],
            [
              80.254068,
              13.0041713
            ],
            [
              80.2541527,
              13.0041709
            ],
            [
              80.2541518,
              13.0039829
            ],
            [
              80.2540671,
              13.0039833
            ]
          ]
        ]
      }
    },
    {
      "type": "Feature",
      "properties": {
        "osm_id": "354817978",
        "layer": "building",
        "building": "yes"
      },
      "geometry": {
        "type": "Polygon",
        "coordinates": [
          [
            [
              80.2526792,
              13.0037569
            ],
            [
              80.2526751,
              13.0039303
            ],
            [
              80.2527565,
              13.0039321
            ],
            [
              80.2527606,
              13.0037587
            ],
            [
              80.2526792,
              13.0037569
            ]
          ]
        ]
      }
    },
    {
      "type": "Feature",
      "properties": {
        "osm_id": "354817981",
        "layer": "building",
        "building": "yes"
      },
      "geometry": {
        "type": "Polygon",
        "coordinates": [
          [
            [
              80.259719,
              13.0036263
            ],
            [
              80.2598001,
              13.0036219
            ],
            [
              80.2597954,
              13.003538
            ],
            [
              80.2597143,
              13.0035424
            ],
            [
              80.259719,
              13.0036263
            ]
          ]
        ]
      }
    },
    {
      "type": "Feature",
      "properties": {
        "osm_id": "354817999",
        "layer": "building",
        "building": "yes"
      },
      "geometry": {
        "type": "Polygon",
        "coordinates": [
          [
            [
              80.2554989,
              13.0063443
            ],
            [
              80.2557088,
              13.0063444
            ],
            [
              80.255709,
              13.0060743
            ],
            [
              80.255499,
              13.0060742
            ],
            [
              80.2554989,
              13.0063443
            ]
          ]
        ]
      }
    },
    {
      "type": "Feature",
      "properties": {
        "osm_id": "354818002",
        "layer": "building",
        "building": "yes"
      },
      "geometry": {
        "type": "Polygon",
        "coordinates": [
          [
            [
              80.2559036,
              13.0051968
            ],
            [
              80.2560016,
              13.0051991
            ],
            [
              80.2560041,
              13.0050978
            ],
            [
              80.2559061,
              13.0050956
            ],
            [
              80.2559036,
              13.0051968
            ]
          ]
        ]
      }
    },
    {
      "type": "Feature",
      "properties": {
        "osm_id": "354818005",
        "layer": "building",
        "building": "yes"
      },
      "geometry": {
        "type": "Polygon",
        "coordinates": [
          [
            [
              80.2542443,
              13.0055139
            ],
            [
              80.2543568,
              13.0055156
            ],
            [
              80.2543621,
              13.0052032
            ],
            [
              80.2542496,
              13.0052015
            ],
            [
              80.2542443,
              13.0055139
            ]
          ]
        ]
      }
    },
    {
      "type": "Feature",
      "properties": {
        "osm_id": "354818008",
        "layer": "building",
        "building": "yes"
      },
      "geometry": {
        "type": "Polygon",
        "coordinates": [
          [
            [
              80.2603713,
              13.0047176
            ],
            [
              80.2604713,
              13.0047188
            ],
            [
              80.2604726,
              13.00461
            ],
            [
              80.2603726,
              13.0046089
            ],
            [
              80.2603713,
              13.0047176
            ]
          ]
        ]
      }
    },
    {
      "type": "Feature",
      "properties": {
        "osm_id": "354818011",
        "layer": "building",
        "building": "yes"
      },
      "geometry": {
        "type": "Polygon",
        "coordinates": [
          [
            [
              80.2554199,
              13.0050766
            ],
            [
              80.2556011,
              13.0050808
            ],
            [
              80.2556043,
              13.0049515
            ],
            [
              80.2554231,
              13.0049473
            ],
            [
              80.2554199,
              13.0050766
            ]
          ]
        ]
      }
    },
    {
      "type": "Feature",
      "properties": {
        "osm_id": "354818013",
        "layer": "building",
        "building": "yes"
      },
      "geometry": {
        "type": "Polygon",
        "coordinates": [
          [
            [
              80.2593751,
              13.0041579
            ],
            [
              80.2594748,
              13.0041526
            ],
            [
              80.2594692,
              13.0040536
            ],
            [
              80.2593696,
              13.0040589
            ],
            [
              80.2593751,
              13.0041579
            ]
          ]
        ]
      }
    },
    {
      "type": "Feature",
      "properties": {
        "osm_id": "354818016",
        "layer": "building",
        "building": "yes"
      },
      "geometry": {
        "type": "Polygon",
        "coordinates": [
          [
            [
              80.2547287,
              13.0036063
            ],
            [
              80.2547281,
              13.0036832
            ],
            [
              80.254892,
              13.0036845
            ],
            [
              80.2548926,
              13.0036076
            ],
            [
              80.2547287,
              13.0036063
            ]
          ]
        ]
      }
    },
    {
      "type": "Feature",
      "properties": {
        "osm_id": "354818022",
        "layer": "building",
        "building": "yes"
      },
      "geometry": {
        "type": "Polygon",
        "coordinates": [
          [
            [
              80.2549373,
              13.0049106
            ],
            [
              80.2551148,
              13.0049148
            ],
            [
              80.255118,
              13.0047875
            ],
            [
              80.2549405,
              13.0047833
            ],
            [
              80.2549373,
              13.0049106
            ]
          ]
        ]
      }
    },
    {
      "type": "Feature",
      "properties": {
        "osm_id": "354818025",
        "layer": "building",
        "building": "yes"
      },
      "geometry": {
        "type": "Polygon",
        "coordinates": [
          [
            [
              80.2622044,
              13.0051015
            ],
            [
              80.2623125,
              13.0051023
            ],
            [
              80.2623134,
              13.0049882
            ],
            [
              80.2622053,
              13.0049874
            ],
            [
              80.2622044,
              13.0051015
            ]
          ]
        ]
      }
    },
    {
      "type": "Feature",
      "properties": {
        "osm_id": "354818028",
        "layer": "building",
        "building": "yes"
      },
      "geometry": {
        "type": "Polygon",
        "coordinates": [
          [
            [
              80.2570041,
              13.0054681
            ],
            [
              80.257004,
              13.0056933
            ],
            [
              80.2571189,
              13.0056934
            ],
            [
              80.257119,
              13.0054682
            ],
            [
              80.2570041,
              13.0054681
            ]
          ]
        ]
      }
    },
    {
      "type": "Feature",
      "properties": {
        "osm_id": "354818031",
        "layer": "building",
        "building": "yes"
      },
      "geometry": {
        "type": "Polygon",
        "coordinates": [
          [
            [
              80.2527614,
              13.0035674
            ],
            [
              80.2528477,
              13.003568
            ],
            [
              80.2528487,
              13.0034385
            ],
            [
              80.2527623,
              13.0034379
            ],
            [
              80.2527614,
              13.0035674
            ]
          ]
        ]
      }
    },
    {
      "type": "Feature",
      "properties": {
        "osm_id": "354818035",
        "layer": "building",
        "building": "yes"
      },
      "geometry": {
        "type": "Polygon",
        "coordinates": [
          [
            [
              80.2605071,
              13.0042555
            ],
            [
              80.2606078,
              13.0042547
            ],
            [
              80.2606072,
              13.004189
            ],
            [
              80.2605066,
              13.0041898
            ],
            [
              80.2605071,
              13.0042555
            ]
          ]
        ]
      }
    },
    {
      "type": "Feature",
      "properties": {
        "osm_id": "354818038",
        "layer": "building",
        "building": "yes"
      },
      "geometry": {
        "type": "Polygon",
        "coordinates": [
          [
            [
              80.2552278,
              13.0043834
            ],
            [
              80.2552267,
              13.0045163
            ],
            [
              80.2553395,
              13.0045172
            ],
            [
              80.2553406,
              13.0043843
            ],
            [
              80.2552278,
              13.0043834
            ]
          ]
        ]
      }
    },
    {
      "type": "Feature",
      "properties": {
        "osm_id": "354818040",
        "layer": "building",
        "building": "yes"
      },
      "geometry": {
        "type": "Polygon",
        "coordinates": [
          [
            [
              80.2607375,
              13.0053898
            ],
            [
              80.2608352,
              13.0053918
            ],
            [
              80.2608376,
              13.0052829
            ],
            [
              80.2607399,
              13.0052809
            ],
            [
              80.2607375,
              13.0053898
            ]
          ]
        ]
      }
    },
    {
      "type": "Feature",
      "properties": {
        "osm_id": "354818049",
        "layer": "building",
        "building": "yes"
      },
      "geometry": {
        "type": "Polygon",
        "coordinates": [
          [
            [
              80.2603576,
              13.0042641
            ],
            [
              80.2604408,
              13.0042628
            ],
            [
              80.2604394,
              13.0041732
            ],
            [
              80.2603561,
              13.0041745
            ],
            [
              80.2603576,
              13.0042641
            ]
          ]
        ]
      }
    },
    {
      "type": "Feature",
      "properties": {
        "osm_id": "354818060",
        "layer": "building",
        "building": "yes"
      },
      "geometry": {
        "type": "Polygon",
        "coordinates": [
          [
            [
              80.2622664,
              13.0036886
            ],
            [
              80.2622723,
              13.0038135
            ],
            [
              80.2623507,
              13.00381
            ],
            [
              80.2623448,
              13.0036851
            ],
            [
              80.2622664,
              13.0036886
            ]
          ]
        ]
      }
    },
    {
      "type": "Feature",
      "properties": {
        "osm_id": "354818065",
        "layer": "building",
        "building": "yes"
      },
      "geometry": {
        "type": "Polygon",
        "coordinates": [
          [
            [
              80.262849,
              13.0064646
            ],
            [
              80.2629667,
              13.0064476
            ],
            [
              80.2629501,
              13.0063384
            ],
            [
              80.2628325,
              13.0063554
            ],
            [
              80.262849,
              13.0064646
            ]
          ]
        ]
      }
    },
    {
      "type": "Feature",
      "properties": {
        "osm_id": "354818068",
        "layer": "building",
        "building": "yes"
      },
      "geometry": {
        "type": "Polygon",
        "coordinates": [
          [
            [
              80.2589694,
              13.0040175
            ],
            [
              80.2589702,
              13.004135
            ],
            [
              80.2590655,
              13.0041344
            ],
            [
              80.2590646,
              13.0040169
            ],
            [
              80.2589694,
              13.0040175
            ]
          ]
        ]
      }
    },
    {
      "type": "Feature",
      "properties": {
        "osm_id": "354818071",
        "layer": "building",
        "building": "yes"
      },
      "geometry": {
        "type": "Polygon",
        "coordinates": [
          [
            [
              80.256056,
              13.0042527
            ],
            [
              80.2561657,
              13.0042535
            ],
            [
              80.2561661,
              13.0042072
            ],
            [
              80.2560564,
              13.0042064
            ],
            [
              80.256056,
              13.0042527
            ]
          ]
        ]
      }
    },
    {
      "type": "Feature",
      "properties": {
        "osm_id": "354818074",
        "layer": "building",
        "building": "yes"
      },
      "geometry": {
        "type": "Polygon",
        "coordinates": [
          [
            [
              80.2622478,
              13.0060716
            ],
            [
              80.2622468,
              13.0061965
            ],
            [
              80.2623485,
              13.0061972
            ],
            [
              80.2623495,
              13.0060723
            ],
            [
              80.2622478,
              13.0060716
            ]
          ]
        ]
      }
    },
    {
      "type": "Feature",
      "properties": {
        "osm_id": "354818080",
        "layer": "building",
        "building": "yes"
      },
      "geometry": {
        "type": "Polygon",
        "coordinates": [
          [
            [
              80.2608539,
              13.0057334
            ],
            [
              80.2609629,
              13.0057358
            ],
            [
              80.2609655,
              13.0056261
            ],
            [
              80.2608565,
              13.0056237
            ],
            [
              80.2608539,
              13.0057334
            ]
          ]
        ]
      }
    },
    {
      "type": "Feature",
      "properties": {
        "osm_id": "354818084",
        "layer": "building",
        "building": "yes"
      },
      "geometry": {
        "type": "Polygon",
        "coordinates": [
          [
            [
              80.2537074,
              13.0039834
            ],
            [
              80.2537082,
              13.004161
            ],
            [
              80.2537794,
              13.0041607
            ],
            [
              80.2537785,
              13.003983
            ],
            [
              80.2537074,
              13.0039834
            ]
          ]
        ]
      }
    },
    {
      "type": "Feature",
      "properties": {
        "osm_id": "354818087",
        "layer": "building",
        "building": "yes"
      },
      "geometry": {
        "type": "Polygon",
        "coordinates": [
          [
            [
              80.2628427,
              13.0033235
            ],
            [
              80.2628726,
              13.0035293
            ],
            [
              80.2629592,
              13.0035173
            ],
            [
              80.2629293,
              13.0033115
            ],
            [
              80.2628427,
              13.0033235
            ]
          ]
        ]
      }
    },
    {
      "type": "Feature",
      "properties": {
        "osm_id": "354818095",
        "layer": "building",
        "building": "yes"
      },
      "geometry": {
        "type": "Polygon",
        "coordinates": [
          [
            [
              80.2541427,
              13.0034304
            ],
            [
              80.2541357,
              13.003587
            ],
            [
              80.2542227,
              13.0035907
            ],
            [
              80.2542297,
              13.0034341
            ],
            [
              80.2541427,
              13.0034304
            ]
          ]
        ]
      }
    },
    {
      "type": "Feature",
      "properties": {
        "osm_id": "354818098",
        "layer": "building",
        "building": "yes"
      },
      "geometry": {
        "type": "Polygon",
        "coordinates": [
          [
            [
              80.2526526,
              13.0039795
            ],
            [
              80.2526482,
              13.0041654
            ],
            [
              80.252767,
              13.0041681
            ],
            [
              80.2527714,
              13.0039822
            ],
            [
              80.2526526,
              13.0039795
            ]
          ]
        ]
      }
    },
    {
      "type": "Feature",
      "properties": {
        "osm_id": "354818101",
        "layer": "building",
        "building": "yes"
      },
      "geometry": {
        "type": "Polygon",
        "coordinates": [
          [
            [
              80.2528111,
              13.0038895
            ],
            [
              80.2528898,
              13.0039041
            ],
            [
              80.2529147,
              13.0037768
            ],
            [
              80.2528361,
              13.0037621
            ],
            [
              80.2528111,
              13.0038895
            ]
          ]
        ]
      }
    },
    {
      "type": "Feature",
      "properties": {
        "osm_id": "354818105",
        "layer": "building",
        "building": "yes"
      },
      "geometry": {
        "type": "Polygon",
        "coordinates": [
          [
            [
              80.2538861,
              13.0053908
            ],
            [
              80.254001,
              13.0053926
            ],
            [
              80.2540042,
              13.0052019
            ],
            [
              80.2538893,
              13.0052001
            ],
            [
              80.2538861,
              13.0053908
            ]
          ]
        ]
      }
    },
    {
      "type": "Feature",
      "properties": {
        "osm_id": "354818111",
        "layer": "building",
        "building": "yes"
      },
      "geometry": {
        "type": "Polygon",
        "coordinates": [
          [
            [
              80.2607214,
              13.0069582
            ],
            [
              80.260718,
              13.0070876
            ],
            [
              80.2608579,
              13.0071071
            ],
            [
              80.2608637,
              13.0069594
            ],
            [
              80.2607214,
              13.0069582
            ]
          ]
        ]
      }
    },
    {
      "type": "Feature",
      "properties": {
        "osm_id": "354818114",
        "layer": "building",
        "building": "yes"
      },
      "geometry": {
        "type": "Polygon",
        "coordinates": [
          [
            [
              80.2544534,
              13.003758
            ],
            [
              80.2544543,
              13.0039516
            ],
            [
              80.2545686,
              13.0039511
            ],
            [
              80.2545677,
              13.0037575
            ],
            [
              80.2544534,
              13.003758
            ]
          ]
        ]
      }
    },
    {
      "type": "Feature",
      "properties": {
        "osm_id": "354818120",
        "layer": "building",
        "building": "yes"
      },
      "geometry": {
        "type": "Polygon",
        "coordinates": [
          [
            [
              80.2542465,
              13.0034497
            ],
            [
              80.2542394,
              13.0036108
            ],
            [
              80.2543324,
              13.0036147
            ],
            [
              80.2543395,
              13.0034536
            ],
            [
              80.2542465,
              13.0034497
            ]
          ]
        ]
      }
    },
    {
      "type": "Feature",
      "properties": {
        "osm_id": "354818129",
        "layer": "building",
        "building": "yes"
      },
      "geometry": {
        "type": "Polygon",
        "coordinates": [
          [
            [
              80.2534346,
              13.0039778
            ],
            [
              80.2534355,
              13.0041623
            ],
            [
              80.253516,
              13.004162
            ],
            [
              80.2535152,
              13.0039775
            ],
            [
              80.2534346,
              13.0039778
            ]
          ]
        ]
      }
    },
    {
      "type": "Feature",
      "properties": {
        "osm_id": "354818132",
        "layer": "building",
        "building": "yes"
      },
      "geometry": {
        "type": "Polygon",
        "coordinates": [
          [
            [
              80.2616624,
              13.0066855
            ],
            [
              80.2617776,
              13.0066867
            ],
            [
              80.2617794,
              13.0065228
            ],
            [
              80.2616642,
              13.0065216
            ],
            [
              80.2616624,
              13.0066855
            ]
          ]
        ]
      }
    },
    {
      "type": "Feature",
      "properties": {
        "osm_id": "354818139",
        "layer": "building",
        "building": "yes"
      },
      "geometry": {
        "type": "Polygon",
        "coordinates": [
          [
            [
              80.2580207,
              13.0053418
            ],
            [
              80.2581136,
              13.005336
            ],
            [
              80.2581073,
              13.0052398
            ],
            [
              80.2580144,
              13.0052455
            ],
            [
              80.2580207,
              13.0053418
            ]
          ]
        ]
      }
    },
    {
      "type": "Feature",
      "properties": {
        "osm_id": "354818142",
        "layer": "building",
        "building": "yes"
      },
      "geometry": {
        "type": "Polygon",
        "coordinates": [
          [
            [
              80.2524457,
              13.0035781
            ],
            [
              80.2525446,
              13.0035788
            ],
            [
              80.2525456,
              13.0034357
            ],
            [
              80.2524467,
              13.0034351
            ],
            [
              80.2524457,
              13.0035781
            ]
          ]
        ]
      }
    },
    {
      "type": "Feature",
      "properties": {
        "osm_id": "354818149",
        "layer": "building",
        "building": "yes"
      },
      "geometry": {
        "type": "Polygon",
        "coordinates": [
          [
            [
              80.262369,
              13.0057763
            ],
            [
              80.2623702,
              13.0059012
            ],
            [
              80.2624327,
              13.0059007
            ],
            [
              80.2624315,
              13.0057758
            ],
            [
              80.262369,
              13.0057763
            ]
          ]
        ]
      }
    },
    {
      "type": "Feature",
      "properties": {
        "osm_id": "354818158",
        "layer": "building",
        "building": "yes"
      },
      "geometry": {
        "type": "Polygon",
        "coordinates": [
          [
            [
              80.2629084,
              13.0068578
            ],
            [
              80.2630671,
              13.0068325
            ],
            [
              80.2630511,
              13.0067367
            ],
            [
              80.2628923,
              13.0067619
            ],
            [
              80.2629084,
              13.0068578
            ]
          ]
        ]
      }
    },
    {
      "type": "Feature",
      "properties": {
        "osm_id": "354818162",
        "layer": "building",
        "building": "yes"
      },
      "geometry": {
        "type": "Polygon",
        "coordinates": [
          [
            [
              80.2557274,
              13.0050998
            ],
            [
              80.2557214,
              13.0053419
            ],
            [
              80.2558658,
              13.0053453
            ],
            [
              80.2558718,
              13.0051031
            ],
            [
              80.2557274,
              13.0050998
            ]
          ]
        ]
      }
    },
    {
      "type": "Feature",
      "properties": {
        "osm_id": "354818166",
        "layer": "building",
        "building": "yes"
      },
      "geometry": {
        "type": "Polygon",
        "coordinates": [
          [
            [
              80.2619613,
              13.0062022
            ],
            [
              80.262066,
              13.006203
            ],
            [
              80.262067,
              13.0060645
            ],
            [
              80.2619623,
              13.0060637
            ],
            [
              80.2619613,
              13.0062022
            ]
          ]
        ]
      }
    },
    {
      "type": "Feature",
      "properties": {
        "osm_id": "354818174",
        "layer": "building",
        "building": "yes"
      },
      "geometry": {
        "type": "Polygon",
        "coordinates": [
          [
            [
              80.2602619,
              13.0048315
            ],
            [
              80.2603392,
              13.0048315
            ],
            [
              80.2603392,
              13.0047578
            ],
            [
              80.2602619,
              13.0047578
            ],
            [
              80.2602619,
              13.0048315
            ]
          ]
        ]
      }
    },
    {
      "type": "Feature",
      "properties": {
        "osm_id": "354818178",
        "layer": "building",
        "building": "yes"
      },
      "geometry": {
        "type": "Polygon",
        "coordinates": [
          [
            [
              80.2560592,
              13.0061312
            ],
            [
              80.2561897,
              13.0061313
            ],
            [
              80.2561898,
              13.0060479
            ],
            [
              80.2560592,
              13.0060478
            ],
            [
              80.2560592,
              13.0061312
            ]
          ]
        ]
      }
    },
    {
      "type": "Feature",
      "properties": {
        "osm_id": "354818186",
        "layer": "building",
        "building": "yes"
      },
      "geometry": {
        "type": "Polygon",
        "coordinates": [
          [
            [
              80.2575054,
              13.0055405
            ],
            [
              80.2576601,
              13.0055259
            ],
            [
              80.2576467,
              13.0053911
            ],
            [
              80.257492,
              13.0054057
            ],
            [
              80.2575054,
              13.0055405
            ]
          ]
        ]
      }
    },
    {
      "type": "Feature",
      "properties": {
        "osm_id": "354818190",
        "layer": "building",
        "building": "yes"
      },
      "geometry": {
        "type": "Polygon",
        "coordinates": [
          [
            [
              80.2543705,
              13.0050587
            ],
            [
              80.2544776,
              13.0050558
            ],
            [
              80.2544695,
              13.0047801
            ],
            [
              80.2543625,
              13.0047831
            ],
            [
              80.2543705,
              13.0050587
            ]
          ]
        ]
      }
    },
    {
      "type": "Feature",
      "properties": {
        "osm_id": "354818193",
        "layer": "building",
        "building": "yes"
      },
      "geometry": {
        "type": "Polygon",
        "coordinates": [
          [
            [
              80.2565201,
              13.0057395
            ],
            [
              80.25652,
              13.0059423
            ],
            [
              80.2566306,
              13.0059424
            ],
            [
              80.2566307,
              13.0057396
            ],
            [
              80.2565201,
              13.0057395
            ]
          ]
        ]
      }
    },
    {
      "type": "Feature",
      "properties": {
        "osm_id": "354818200",
        "layer": "building",
        "building": "yes"
      },
      "geometry": {
        "type": "Polygon",
        "coordinates": [
          [
            [
              80.2549715,
              13.004608
            ],
            [
              80.255073,
              13.0046088
            ],
            [
              80.2550747,
              13.0044063
            ],
            [
              80.2549732,
              13.0044055
            ],
            [
              80.2549715,
              13.004608
            ]
          ]
        ]
      }
    },
    {
      "type": "Feature",
      "properties": {
        "osm_id": "354818203",
        "layer": "building",
        "building": "yes"
      },
      "geometry": {
        "type": "Polygon",
        "coordinates": [
          [
            [
              80.2629354,
              13.0070031
            ],
            [
              80.2630953,
              13.0069733
            ],
            [
              80.2630726,
              13.0068574
            ],
            [
              80.2629127,
              13.0068872
            ],
            [
              80.2629354,
              13.0070031
            ]
          ]
        ]
      }
    },
    {
      "type": "Feature",
      "properties": {
        "osm_id": "354818206",
        "layer": "building",
        "building": "yes"
      },
      "geometry": {
        "type": "Polygon",
        "coordinates": [
          [
            [
              80.2596662,
              13.0041499
            ],
            [
              80.2597495,
              13.0041454
            ],
            [
              80.259745,
              13.0040651
            ],
            [
              80.2596616,
              13.0040695
            ],
            [
              80.2596662,
              13.0041499
            ]
          ]
        ]
      }
    },
    {
      "type": "Feature",
      "properties": {
        "osm_id": "354818209",
        "layer": "building",
        "building": "yes"
      },
      "geometry": {
        "type": "Polygon",
        "coordinates": [
          [
            [
              80.2602662,
              13.0040692
            ],
            [
              80.2603502,
              13.0040668
            ],
            [
              80.2603469,
              13.0039572
            ],
            [
              80.2602629,
              13.0039596
            ],
            [
              80.2602662,
              13.0040692
            ]
          ]
        ]
      }
    },
    {
      "type": "Feature",
      "properties": {
        "osm_id": "354818212",
        "layer": "building",
        "building": "yes"
      },
      "geometry": {
        "type": "Polygon",
        "coordinates": [
          [
            [
              80.2623763,
              13.0062629
            ],
            [
              80.2623751,
              13.0064142
            ],
            [
              80.2624683,
              13.0064149
            ],
            [
              80.2624695,
              13.0062636
            ],
            [
              80.2623763,
              13.0062629
            ]
          ]
        ]
      }
    },
    {
      "type": "Feature",
      "properties": {
        "osm_id": "354818218",
        "layer": "building",
        "building": "yes"
      },
      "geometry": {
        "type": "Polygon",
        "coordinates": [
          [
            [
              80.2577866,
              13.0060199
            ],
            [
              80.2579006,
              13.005994
            ],
            [
              80.2578749,
              13.005887
            ],
            [
              80.257761,
              13.005913
            ],
            [
              80.2577866,
              13.0060199
            ]
          ]
        ]
      }
    },
    {
      "type": "Feature",
      "properties": {
        "osm_id": "354818221",
        "layer": "building",
        "building": "yes"
      },
      "geometry": {
        "type": "Polygon",
        "coordinates": [
          [
            [
              80.2618238,
              13.0046937
            ],
            [
              80.2619286,
              13.0046927
            ],
            [
              80.2619274,
              13.0045702
            ],
            [
              80.2618226,
              13.0045712
            ],
            [
              80.2618238,
              13.0046937
            ]
          ]
        ]
      }
    },
    {
      "type": "Feature",
      "properties": {
        "osm_id": "354818236",
        "layer": "building",
        "building": "yes"
      },
      "geometry": {
        "type": "Polygon",
        "coordinates": [
          [
            [
              80.2620942,
              13.0056078
            ],
            [
              80.2620919,
              13.0057345
            ],
            [
              80.2621786,
              13.005736
            ],
            [
              80.2621809,
              13.0056094
            ],
            [
              80.2620942,
              13.0056078
            ]
          ]
        ]
      }
    },
    {
      "type": "Feature",
      "properties": {
        "osm_id": "354818242",
        "layer": "building",
        "building": "yes"
      },
      "geometry": {
        "type": "Polygon",
        "coordinates": [
          [
            [
              80.2553843,
              13.0042538
            ],
            [
              80.2553834,
              13.0043539
            ],
            [
              80.2554599,
              13.0043545
            ],
            [
              80.2554608,
              13.0042544
            ],
            [
              80.2553843,
              13.0042538
            ]
          ]
        ]
      }
    },
    {
      "type": "Feature",
      "properties": {
        "osm_id": "354818252",
        "layer": "building",
        "building": "yes"
      },
      "geometry": {
        "type": "Polygon",
        "coordinates": [
          [
            [
              80.2542594,
              13.0039581
            ],
            [
              80.2543841,
              13.0039575
            ],
            [
              80.2543836,
              13.0038591
            ],
            [
              80.254259,
              13.0038597
            ],
            [
              80.2542594,
              13.0039581
            ]
          ]
        ]
      }
    },
    {
      "type": "Feature",
      "properties": {
        "osm_id": "354818254",
        "layer": "building",
        "building": "yes"
      },
      "geometry": {
        "type": "Polygon",
        "coordinates": [
          [
            [
              80.2539196,
              13.0063778
            ],
            [
              80.2540302,
              13.0063796
            ],
            [
              80.2540343,
              13.0061347
            ],
            [
              80.2539237,
              13.006133
            ],
            [
              80.2539196,
              13.0063778
            ]
          ]
        ]
      }
    },
    {
      "type": "Feature",
      "properties": {
        "osm_id": "354818258",
        "layer": "building",
        "building": "yes"
      },
      "geometry": {
        "type": "Polygon",
        "coordinates": [
          [
            [
              80.2600035,
              13.0058647
            ],
            [
              80.2600682,
              13.0058624
            ],
            [
              80.2600652,
              13.0057813
            ],
            [
              80.2600005,
              13.0057836
            ],
            [
              80.2600035,
              13.0058647
            ]
          ]
        ]
      }
    },
    {
      "type": "Feature",
      "properties": {
        "osm_id": "354818264",
        "layer": "building",
        "building": "yes"
      },
      "geometry": {
        "type": "Polygon",
        "coordinates": [
          [
            [
              80.2619317,
              13.0071959
            ],
            [
              80.2620633,
              13.0072061
            ],
            [
              80.2620791,
              13.0070108
            ],
            [
              80.2619475,
              13.0070007
            ],
            [
              80.2619317,
              13.0071959
            ]
          ]
        ]
      }
    },
    {
      "type": "Feature",
      "properties": {
        "osm_id": "354818269",
        "layer": "building",
        "building": "yes"
      },
      "geometry": {
        "type": "Polygon",
        "coordinates": [
          [
            [
              80.2539353,
              13.0045806
            ],
            [
              80.2539341,
              13.0046861
            ],
            [
              80.2541127,
              13.004688
            ],
            [
              80.2541139,
              13.0045825
            ],
            [
              80.2539353,
              13.0045806
            ]
          ]
        ]
      }
    },
    {
      "type": "Feature",
      "properties": {
        "osm_id": "354818271",
        "layer": "building",
        "building": "yes"
      },
      "geometry": {
        "type": "Polygon",
        "coordinates": [
          [
            [
              80.2617204,
              13.0052968
            ],
            [
              80.2617997,
              13.0052976
            ],
            [
              80.2618007,
              13.0051907
            ],
            [
              80.2617214,
              13.00519
            ],
            [
              80.2617204,
              13.0052968
            ]
          ]
        ]
      }
    },
    {
      "type": "Feature",
      "properties": {
        "osm_id": "354818273",
        "layer": "building",
        "building": "yes"
      },
      "geometry": {
        "type": "Polygon",
        "coordinates": [
          [
            [
              80.2529522,
              13.0064079
            ],
            [
              80.2530734,
              13.0064098
            ],
            [
              80.2530785,
              13.0061056
            ],
            [
              80.2529573,
              13.0061036
            ],
            [
              80.2529522,
              13.0064079
            ]
          ]
        ]
      }
    },
    {
      "type": "Feature",
      "properties": {
        "osm_id": "354818277",
        "layer": "building",
        "building": "yes"
      },
      "geometry": {
        "type": "Polygon",
        "coordinates": [
          [
            [
              80.2529796,
              13.0041706
            ],
            [
              80.2531383,
              13.0041741
            ],
            [
              80.2531407,
              13.0040745
            ],
            [
              80.252982,
              13.004071
            ],
            [
              80.2529796,
              13.0041706
            ]
          ]
        ]
      }
    },
    {
      "type": "Feature",
      "properties": {
        "osm_id": "354818279",
        "layer": "building",
        "building": "yes"
      },
      "geometry": {
        "type": "Polygon",
        "coordinates": [
          [
            [
              80.2579447,
              13.0056733
            ],
            [
              80.2580486,
              13.0056634
            ],
            [
              80.2580393,
              13.0055716
            ],
            [
              80.2579354,
              13.0055815
            ],
            [
              80.2579447,
              13.0056733
            ]
          ]
        ]
      }
    },
    {
      "type": "Feature",
      "properties": {
        "osm_id": "354818281",
        "layer": "building",
        "building": "yes"
      },
      "geometry": {
        "type": "Polygon",
        "coordinates": [
          [
            [
              80.2548937,
              13.0041712
            ],
            [
              80.2548921,
              13.0043632
            ],
            [
              80.2549954,
              13.0043641
            ],
            [
              80.254997,
              13.0041721
            ],
            [
              80.2548937,
              13.0041712
            ]
          ]
        ]
      }
    },
    {
      "type": "Feature",
      "properties": {
        "osm_id": "354818283",
        "layer": "building",
        "building": "yes"
      },
      "geometry": {
        "type": "Polygon",
        "coordinates": [
          [
            [
              80.2619058,
              13.0050619
            ],
            [
              80.2619702,
              13.0050608
            ],
            [
              80.2619681,
              13.0049451
            ],
            [
              80.2619037,
              13.0049462
            ],
            [
              80.2619058,
              13.0050619
            ]
          ]
        ]
      }
    },
    {
      "type": "Feature",
      "properties": {
        "osm_id": "354818285",
        "layer": "building",
        "building": "yes"
      },
      "geometry": {
        "type": "Polygon",
        "coordinates": [
          [
            [
              80.2615413,
              13.0060349
            ],
            [
              80.2615403,
              13.006161
            ],
            [
              80.2616539,
              13.0061618
            ],
            [
              80.2616549,
              13.0060358
            ],
            [
              80.2615413,
              13.0060349
            ]
          ]
        ]
      }
    },
    {
      "type": "Feature",
      "properties": {
        "osm_id": "354818289",
        "layer": "building",
        "building": "yes"
      },
      "geometry": {
        "type": "Polygon",
        "coordinates": [
          [
            [
              80.2604596,
              13.0063815
            ],
            [
              80.2605407,
              13.0063815
            ],
            [
              80.2605407,
              13.0063104
            ],
            [
              80.2604596,
              13.0063104
            ],
            [
              80.2604596,
              13.0063815
            ]
          ]
        ]
      }
    },
    {
      "type": "Feature",
      "properties": {
        "osm_id": "354818292",
        "layer": "building",
        "building": "yes"
      },
      "geometry": {
        "type": "Polygon",
        "coordinates": [
          [
            [
              80.2556501,
              13.0049327
            ],
            [
              80.2557959,
              13.0049361
            ],
            [
              80.2557996,
              13.0047862
            ],
            [
              80.2556538,
              13.0047828
            ],
            [
              80.2556501,
              13.0049327
            ]
          ]
        ]
      }
    },
    {
      "type": "Feature",
      "properties": {
        "osm_id": "354818298",
        "layer": "building",
        "building": "yes"
      },
      "geometry": {
        "type": "Polygon",
        "coordinates": [
          [
            [
              80.2630319,
              13.0074051
            ],
            [
              80.2631741,
              13.0073687
            ],
            [
              80.2631443,
              13.0072584
            ],
            [
              80.2630021,
              13.0072949
            ],
            [
              80.2630319,
              13.0074051
            ]
          ]
        ]
      }
    },
    {
      "type": "Feature",
      "properties": {
        "osm_id": "354818302",
        "layer": "building",
        "building": "yes"
      },
      "geometry": {
        "type": "Polygon",
        "coordinates": [
          [
            [
              80.2618383,
              13.0049234
            ],
            [
              80.2619084,
              13.0049231
            ],
            [
              80.2619078,
              13.0047924
            ],
            [
              80.2618379,
              13.0047927
            ],
            [
              80.2618383,
              13.0049234
            ]
          ]
        ]
      }
    },
    {
      "type": "Feature",
      "properties": {
        "osm_id": "354818306",
        "layer": "building",
        "building": "yes"
      },
      "geometry": {
        "type": "Polygon",
        "coordinates": [
          [
            [
              80.2609213,
              13.0062732
            ],
            [
              80.2610706,
              13.0062777
            ],
            [
              80.2610757,
              13.0061224
            ],
            [
              80.2609263,
              13.0061178
            ],
            [
              80.2609213,
              13.0062732
            ]
          ]
        ]
      }
    },
    {
      "type": "Feature",
      "properties": {
        "osm_id": "354818309",
        "layer": "building",
        "building": "yes"
      },
      "geometry": {
        "type": "Polygon",
        "coordinates": [
          [
            [
              80.254181,
              13.0039976
            ],
            [
              80.2541819,
              13.0041897
            ],
            [
              80.2542819,
              13.0041893
            ],
            [
              80.2542809,
              13.0039972
            ],
            [
              80.254181,
              13.0039976
            ]
          ]
        ]
      }
    },
    {
      "type": "Feature",
      "properties": {
        "osm_id": "354818312",
        "layer": "building",
        "building": "yes"
      },
      "geometry": {
        "type": "Polygon",
        "coordinates": [
          [
            [
              80.2584602,
              13.0068868
            ],
            [
              80.25857,
              13.0069354
            ],
            [
              80.2586686,
              13.006724
            ],
            [
              80.2585588,
              13.0066754
            ],
            [
              80.2584602,
              13.0068868
            ]
          ]
        ]
      }
    },
    {
      "type": "Feature",
      "properties": {
        "osm_id": "354818315",
        "layer": "building",
        "building": "yes"
      },
      "geometry": {
        "type": "Polygon",
        "coordinates": [
          [
            [
              80.2544249,
              13.0055254
            ],
            [
              80.2545242,
              13.005527
            ],
            [
              80.2545293,
              13.0052241
            ],
            [
              80.25443,
              13.0052225
            ],
            [
              80.2544249,
              13.0055254
            ]
          ]
        ]
      }
    },
    {
      "type": "Feature",
      "properties": {
        "osm_id": "354818321",
        "layer": "building",
        "building": "yes"
      },
      "geometry": {
        "type": "Polygon",
        "coordinates": [
          [
            [
              80.2533493,
              13.0061428
            ],
            [
              80.2533461,
              13.0063333
            ],
            [
              80.2534737,
              13.0063353
            ],
            [
              80.2534769,
              13.0061448
            ],
            [
              80.2533493,
              13.0061428
            ]
          ]
        ]
      }
    },
    {
      "type": "Feature",
      "properties": {
        "osm_id": "354818324",
        "layer": "building",
        "building": "yes"
      },
      "geometry": {
        "type": "Polygon",
        "coordinates": [
          [
            [
              80.2615051,
              13.0049338
            ],
            [
              80.2615957,
              13.004933
            ],
            [
              80.2615944,
              13.0047884
            ],
            [
              80.2615037,
              13.0047892
            ],
            [
              80.2615051,
              13.0049338
            ]
          ]
        ]
      }
    },
    {
      "type": "Feature",
      "properties": {
        "osm_id": "354818330",
        "layer": "building",
        "building": "yes"
      },
      "geometry": {
        "type": "Polygon",
        "coordinates": [
          [
            [
              80.2619398,
              13.006881
            ],
            [
              80.2620617,
              13.0068823
            ],
            [
              80.2620635,
              13.0067151
            ],
            [
              80.2619416,
              13.0067138
            ],
            [
              80.2619398,
              13.006881
            ]
          ]
        ]
      }
    },
    {
      "type": "Feature",
      "properties": {
        "osm_id": "354818333",
        "layer": "building",
        "building": "yes"
      },
      "geometry": {
        "type": "Polygon",
        "coordinates": [
          [
            [
              80.2552175,
              13.0042395
            ],
            [
              80.2552165,
              13.0043504
            ],
            [
              80.2553295,
              13.0043513
            ],
            [
              80.2553305,
              13.0042404
            ],
            [
              80.2552175,
              13.0042395
            ]
          ]
        ]
      }
    },
    {
      "type": "Feature",
      "properties": {
        "osm_id": "354818336",
        "layer": "building",
        "building": "yes"
      },
      "geometry": {
        "type": "Polygon",
        "coordinates": [
          [
            [
              80.2537165,
              13.0064179
            ],
            [
              80.2538129,
              13.0064194
            ],
            [
              80.2538179,
              13.0061167
            ],
            [
              80.2537215,
              13.0061152
            ],
            [
              80.2537165,
              13.0064179
            ]
          ]
        ]
      }
    },
    {
      "type": "Feature",
      "properties": {
        "osm_id": "354818340",
        "layer": "building",
        "building": "yes"
      },
      "geometry": {
        "type": "Polygon",
        "coordinates": [
          [
            [
              80.2601969,
              13.0070383
            ],
            [
              80.2603352,
              13.0070431
            ],
            [
              80.2603419,
              13.0068633
            ],
            [
              80.2602035,
              13.0068584
            ],
            [
              80.2601969,
              13.0070383
            ]
          ]
        ]
      }
    },
    {
      "type": "Feature",
      "properties": {
        "osm_id": "354818343",
        "layer": "building",
        "building": "yes"
      },
      "geometry": {
        "type": "Polygon",
        "coordinates": [
          [
            [
              80.2621052,
              13.0050796
            ],
            [
              80.2621775,
              13.005082
            ],
            [
              80.2621821,
              13.0049527
            ],
            [
              80.2621098,
              13.0049503
            ],
            [
              80.2621052,
              13.0050796
            ]
          ]
        ]
      }
    },
    {
      "type": "Feature",
      "properties": {
        "osm_id": "354818352",
        "layer": "building",
        "building": "yes"
      },
      "geometry": {
        "type": "Polygon",
        "coordinates": [
          [
            [
              80.2614899,
              13.0089731
            ],
            [
              80.2616898,
              13.008988
            ],
            [
              80.2616962,
              13.0089073
            ],
            [
              80.2614962,
              13.0088925
            ],
            [
              80.2614899,
              13.0089731
            ]
          ]
        ]
      }
    },
    {
      "type": "Feature",
      "properties": {
        "osm_id": "354818362",
        "layer": "building",
        "building": "yes"
      },
      "geometry": {
        "type": "Polygon",
        "coordinates": [
          [
            [
              80.2616366,
              13.0054754
            ],
            [
              80.2617145,
              13.0054761
            ],
            [
              80.2617158,
              13.0053425
            ],
            [
              80.2616379,
              13.0053418
            ],
            [
              80.2616366,
              13.0054754
            ]
          ]
        ]
      }
    },
    {
      "type": "Feature",
      "properties": {
        "osm_id": "354818366",
        "layer": "building",
        "building": "yes"
      },
      "geometry": {
        "type": "Polygon",
        "coordinates": [
          [
            [
              80.2609099,
              13.0066221
            ],
            [
              80.2609091,
              13.0067485
            ],
            [
              80.261052,
              13.0067494
            ],
            [
              80.2610524,
              13.0066862
            ],
            [
              80.2610242,
              13.006686
            ],
            [
              80.2610244,
              13.0066429
            ],
            [
              80.26097,
              13.0066425
            ],
            [
              80.2609701,
              13.0066224
            ],
            [
              80.2609099,
              13.0066221
            ]
          ]
        ]
      }
    },
    {
      "type": "Feature",
      "properties": {
        "osm_id": "354818373",
        "layer": "building",
        "building": "yes"
      },
      "geometry": {
        "type": "Polygon",
        "coordinates": [
          [
            [
              80.2590978,
              13.0041485
            ],
            [
              80.2591966,
              13.0041416
            ],
            [
              80.2591901,
              13.0040528
            ],
            [
              80.2590913,
              13.0040596
            ],
            [
              80.2590978,
              13.0041485
            ]
          ]
        ]
      }
    },
    {
      "type": "Feature",
      "properties": {
        "osm_id": "354818376",
        "layer": "building",
        "building": "yes"
      },
      "geometry": {
        "type": "Polygon",
        "coordinates": [
          [
            [
              80.2528504,
              13.0039597
            ],
            [
              80.2528455,
              13.0041684
            ],
            [
              80.2529478,
              13.0041707
            ],
            [
              80.2529528,
              13.0039619
            ],
            [
              80.2528504,
              13.0039597
            ]
          ]
        ]
      }
    },
    {
      "type": "Feature",
      "properties": {
        "osm_id": "354818379",
        "layer": "building",
        "building": "yes"
      },
      "geometry": {
        "type": "Polygon",
        "coordinates": [
          [
            [
              80.2628411,
              13.0066013
            ],
            [
              80.2630187,
              13.006568
            ],
            [
              80.2629962,
              13.0064541
            ],
            [
              80.2628187,
              13.0064874
            ],
            [
              80.2628411,
              13.0066013
            ]
          ]
        ]
      }
    },
    {
      "type": "Feature",
      "properties": {
        "osm_id": "354818382",
        "layer": "building",
        "building": "yes"
      },
      "geometry": {
        "type": "Polygon",
        "coordinates": [
          [
            [
              80.2588592,
              13.0040339
            ],
            [
              80.2588649,
              13.004122
            ],
            [
              80.2589447,
              13.0041171
            ],
            [
              80.2589391,
              13.0040291
            ],
            [
              80.2588592,
              13.0040339
            ]
          ]
        ]
      }
    },
    {
      "type": "Feature",
      "properties": {
        "osm_id": "354818387",
        "layer": "building",
        "building": "yes"
      },
      "geometry": {
        "type": "Polygon",
        "coordinates": [
          [
            [
              80.2534747,
              13.0059831
            ],
            [
              80.2535986,
              13.0059851
            ],
            [
              80.2536036,
              13.0056853
            ],
            [
              80.2534798,
              13.0056833
            ],
            [
              80.2534747,
              13.0059831
            ]
          ]
        ]
      }
    },
    {
      "type": "Feature",
      "properties": {
        "osm_id": "354818393",
        "layer": "building",
        "building": "yes"
      },
      "geometry": {
        "type": "Polygon",
        "coordinates": [
          [
            [
              80.2535933,
              13.0037793
            ],
            [
              80.253594,
              13.0039317
            ],
            [
              80.2537172,
              13.0039312
            ],
            [
              80.2537164,
              13.0037788
            ],
            [
              80.2535933,
              13.0037793
            ]
          ]
        ]
      }
    },
    {
      "type": "Feature",
      "properties": {
        "osm_id": "354818397",
        "layer": "building",
        "building": "yes"
      },
      "geometry": {
        "type": "Polygon",
        "coordinates": [
          [
            [
              80.2588884,
              13.0044842
            ],
            [
              80.2590123,
              13.0044745
            ],
            [
              80.2590039,
              13.0043726
            ],
            [
              80.25888,
              13.0043823
            ],
            [
              80.2588884,
              13.0044842
            ]
          ]
        ]
      }
    },
    {
      "type": "Feature",
      "properties": {
        "osm_id": "354818399",
        "layer": "building",
        "building": "yes"
      },
      "geometry": {
        "type": "Polygon",
        "coordinates": [
          [
            [
              80.2540983,
              13.0064512
            ],
            [
              80.2542046,
              13.0064529
            ],
            [
              80.2542097,
              13.0061494
            ],
            [
              80.2541034,
              13.0061477
            ],
            [
              80.2540983,
              13.0064512
            ]
          ]
        ]
      }
    },
    {
      "type": "Feature",
      "properties": {
        "osm_id": "354818401",
        "layer": "building",
        "building": "yes"
      },
      "geometry": {
        "type": "Polygon",
        "coordinates": [
          [
            [
              80.2557908,
              13.0042707
            ],
            [
              80.2558896,
              13.0042715
            ],
            [
              80.25589,
              13.0042181
            ],
            [
              80.2557912,
              13.0042173
            ],
            [
              80.2557908,
              13.0042707
            ]
          ]
        ]
      }
    },
    {
      "type": "Feature",
      "properties": {
        "osm_id": "354818402",
        "layer": "building",
        "building": "yes"
      },
      "geometry": {
        "type": "Polygon",
        "coordinates": [
          [
            [
              80.2551833,
              13.0048017
            ],
            [
              80.2551804,
              13.0049219
            ],
            [
              80.2553787,
              13.0049265
            ],
            [
              80.2553816,
              13.0048063
            ],
            [
              80.2551833,
              13.0048017
            ]
          ]
        ]
      }
    },
    {
      "type": "Feature",
      "properties": {
        "osm_id": "354818404",
        "layer": "building",
        "building": "yes"
      },
      "geometry": {
        "type": "Polygon",
        "coordinates": [
          [
            [
              80.255155,
              13.0057319
            ],
            [
              80.2551549,
              13.0059304
            ],
            [
              80.255245,
              13.0059304
            ],
            [
              80.2552452,
              13.0057319
            ],
            [
              80.255155,
              13.0057319
            ]
          ]
        ]
      }
    },
    {
      "type": "Feature",
      "properties": {
        "osm_id": "354818410",
        "layer": "building",
        "building": "yes"
      },
      "geometry": {
        "type": "Polygon",
        "coordinates": [
          [
            [
              80.2610912,
              13.0065495
            ],
            [
              80.2612582,
              13.0065507
            ],
            [
              80.2612589,
              13.0064569
            ],
            [
              80.2610919,
              13.0064558
            ],
            [
              80.2610912,
              13.0065495
            ]
          ]
        ]
      }
    },
    {
      "type": "Feature",
      "properties": {
        "osm_id": "354818412",
        "layer": "building",
        "building": "yes"
      },
      "geometry": {
        "type": "Polygon",
        "coordinates": [
          [
            [
              80.2538115,
              13.003971
            ],
            [
              80.2538125,
              13.0041922
            ],
            [
              80.2539052,
              13.0041917
            ],
            [
              80.2539042,
              13.0039706
            ],
            [
              80.2538115,
              13.003971
            ]
          ]
        ]
      }
    },
    {
      "type": "Feature",
      "properties": {
        "osm_id": "354818420",
        "layer": "building",
        "building": "yes"
      },
      "geometry": {
        "type": "Polygon",
        "coordinates": [
          [
            [
              80.2536323,
              13.0034309
            ],
            [
              80.2536256,
              13.0035798
            ],
            [
              80.2537106,
              13.0035834
            ],
            [
              80.2537172,
              13.0034345
            ],
            [
              80.2536323,
              13.0034309
            ]
          ]
        ]
      }
    },
    {
      "type": "Feature",
      "properties": {
        "osm_id": "354818422",
        "layer": "building",
        "building": "yes"
      },
      "geometry": {
        "type": "Polygon",
        "coordinates": [
          [
            [
              80.2596156,
              13.0063724
            ],
            [
              80.2596173,
              13.0065328
            ],
            [
              80.259726,
              13.0065318
            ],
            [
              80.2597244,
              13.0063714
            ],
            [
              80.2596156,
              13.0063724
            ]
          ]
        ]
      }
    },
    {
      "type": "Feature",
      "properties": {
        "osm_id": "354818434",
        "layer": "building",
        "building": "yes"
      },
      "geometry": {
        "type": "Polygon",
        "coordinates": [
          [
            [
              80.2552757,
              13.0061799
            ],
            [
              80.2554162,
              13.0061799
            ],
            [
              80.2554162,
              13.0060643
            ],
            [
              80.2552757,
              13.0060643
            ],
            [
              80.2552757,
              13.0061799
            ]
          ]
        ]
      }
    },
    {
      "type": "Feature",
      "properties": {
        "osm_id": "354818436",
        "layer": "building",
        "building": "yes"
      },
      "geometry": {
        "type": "Polygon",
        "coordinates": [
          [
            [
              80.254066,
              13.0054965
            ],
            [
              80.2541778,
              13.0054983
            ],
            [
              80.2541823,
              13.0052302
            ],
            [
              80.2540705,
              13.0052284
            ],
            [
              80.254066,
              13.0054965
            ]
          ]
        ]
      }
    },
    {
      "type": "Feature",
      "properties": {
        "osm_id": "354818441",
        "layer": "building",
        "building": "yes"
      },
      "geometry": {
        "type": "Polygon",
        "coordinates": [
          [
            [
              80.2587527,
              13.0051385
            ],
            [
              80.25886,
              13.0051385
            ],
            [
              80.25886,
              13.0050485
            ],
            [
              80.2587527,
              13.0050485
            ],
            [
              80.2587527,
              13.0051385
            ]
          ]
        ]
      }
    },
    {
      "type": "Feature",
      "properties": {
        "osm_id": "354818443",
        "layer": "building",
        "building": "yes"
      },
      "geometry": {
        "type": "Polygon",
        "coordinates": [
          [
            [
              80.2600889,
              13.0040812
            ],
            [
              80.2602183,
              13.0040754
            ],
            [
              80.2602141,
              13.0039851
            ],
            [
              80.2600847,
              13.0039908
            ],
            [
              80.2600889,
              13.0040812
            ]
          ]
        ]
      }
    },
    {
      "type": "Feature",
      "properties": {
        "osm_id": "354818445",
        "layer": "building",
        "building": "yes"
      },
      "geometry": {
        "type": "Polygon",
        "coordinates": [
          [
            [
              80.2551812,
              13.0050641
            ],
            [
              80.2553763,
              13.0050687
            ],
            [
              80.2553793,
              13.0049469
            ],
            [
              80.2551842,
              13.0049423
            ],
            [
              80.2551812,
              13.0050641
            ]
          ]
        ]
      }
    },
    {
      "type": "Feature",
      "properties": {
        "osm_id": "354818447",
        "layer": "building",
        "building": "yes"
      },
      "geometry": {
        "type": "Polygon",
        "coordinates": [
          [
            [
              80.2580584,
              13.0054503
            ],
            [
              80.2581391,
              13.0054432
            ],
            [
              80.2581309,
              13.0053549
            ],
            [
              80.2580502,
              13.0053621
            ],
            [
              80.2580584,
              13.0054503
            ]
          ]
        ]
      }
    },
    {
      "type": "Feature",
      "properties": {
        "osm_id": "354818451",
        "layer": "building",
        "building": "yes"
      },
      "geometry": {
        "type": "Polygon",
        "coordinates": [
          [
            [
              80.2551083,
              13.0039094
            ],
            [
              80.2551071,
              13.004048
            ],
            [
              80.2551906,
              13.0040487
            ],
            [
              80.2551918,
              13.0039101
            ],
            [
              80.2551083,
              13.0039094
            ]
          ]
        ]
      }
    },
    {
      "type": "Feature",
      "properties": {
        "osm_id": "354818452",
        "layer": "building",
        "building": "yes"
      },
      "geometry": {
        "type": "Polygon",
        "coordinates": [
          [
            [
              80.2627181,
              13.0059099
            ],
            [
              80.2628263,
              13.0058781
            ],
            [
              80.2628483,
              13.0057885
            ],
            [
              80.2626963,
              13.0058179
            ],
            [
              80.2626802,
              13.0058719
            ],
            [
              80.2627181,
              13.0059099
            ]
          ]
        ]
      }
    },
    {
      "type": "Feature",
      "properties": {
        "osm_id": "354818454",
        "layer": "building",
        "building": "yes"
      },
      "geometry": {
        "type": "Polygon",
        "coordinates": [
          [
            [
              80.2619765,
              13.0034981
            ],
            [
              80.261976,
              13.0035623
            ],
            [
              80.2620854,
              13.0036034
            ],
            [
              80.2621315,
              13.0036028
            ],
            [
              80.2621303,
              13.0034964
            ],
            [
              80.2619765,
              13.0034981
            ]
          ]
        ]
      }
    },
    {
      "type": "Feature",
      "properties": {
        "osm_id": "354818458",
        "layer": "building",
        "building": "yes"
      },
      "geometry": {
        "type": "Polygon",
        "coordinates": [
          [
            [
              80.2532777,
              13.0045866
            ],
            [
              80.2533654,
              13.0045899
            ],
            [
              80.2533758,
              13.0043308
            ],
            [
              80.253288,
              13.0043275
            ],
            [
              80.2532777,
              13.0045866
            ]
          ]
        ]
      }
    },
    {
      "type": "Feature",
      "properties": {
        "osm_id": "354818460",
        "layer": "building",
        "building": "yes"
      },
      "geometry": {
        "type": "Polygon",
        "coordinates": [
          [
            [
              80.2615653,
              13.0088731
            ],
            [
              80.261675,
              13.0088742
            ],
            [
              80.2616759,
              13.0087967
            ],
            [
              80.2618105,
              13.0087981
            ],
            [
              80.2618113,
              13.0087282
            ],
            [
              80.2615669,
              13.0087256
            ],
            [
              80.2615653,
              13.0088731
            ]
          ]
        ]
      }
    },
    {
      "type": "Feature",
      "properties": {
        "osm_id": "354818462",
        "layer": "building",
        "building": "yes"
      },
      "geometry": {
        "type": "Polygon",
        "coordinates": [
          [
            [
              80.2527918,
              13.0043218
            ],
            [
              80.2527895,
              13.0045764
            ],
            [
              80.2528449,
              13.0045769
            ],
            [
              80.2528456,
              13.0045053
            ],
            [
              80.2528771,
              13.0045056
            ],
            [
              80.2528787,
              13.0043225
            ],
            [
              80.2527918,
              13.0043218
            ]
          ]
        ]
      }
    },
    {
      "type": "Feature",
      "properties": {
        "osm_id": "354818463",
        "layer": "building",
        "building": "yes"
      },
      "geometry": {
        "type": "Polygon",
        "coordinates": [
          [
            [
              80.261799,
              13.0071407
            ],
            [
              80.2619037,
              13.0071456
            ],
            [
              80.2619073,
              13.007072
            ],
            [
              80.2618779,
              13.0070707
            ],
            [
              80.2618792,
              13.0070437
            ],
            [
              80.2618039,
              13.0070402
            ],
            [
              80.261799,
              13.0071407
            ]
          ]
        ]
      }
    },
    {
      "type": "Feature",
      "properties": {
        "osm_id": "354818465",
        "layer": "building",
        "building": "yes"
      },
      "geometry": {
        "type": "Polygon",
        "coordinates": [
          [
            [
              80.2538465,
              13.0059901
            ],
            [
              80.2540069,
              13.0059927
            ],
            [
              80.2540093,
              13.0058492
            ],
            [
              80.2538854,
              13.0058472
            ],
            [
              80.253885,
              13.0058758
            ],
            [
              80.2538485,
              13.0058753
            ],
            [
              80.2538465,
              13.0059901
            ]
          ]
        ]
      }
    },
    {
      "type": "Feature",
      "properties": {
        "osm_id": "354818467",
        "layer": "building",
        "building": "yes"
      },
      "geometry": {
        "type": "Polygon",
        "coordinates": [
          [
            [
              80.2549996,
              13.0053262
            ],
            [
              80.2552097,
              13.0053311
            ],
            [
              80.2552105,
              13.0052985
            ],
            [
              80.2553711,
              13.0053022
            ],
            [
              80.2553757,
              13.0051174
            ],
            [
              80.255005,
              13.0051088
            ],
            [
              80.2549996,
              13.0053262
            ]
          ]
        ]
      }
    },
    {
      "type": "Feature",
      "properties": {
        "osm_id": "354818469",
        "layer": "building",
        "building": "yes"
      },
      "geometry": {
        "type": "Polygon",
        "coordinates": [
          [
            [
              80.2620084,
              13.0038087
            ],
            [
              80.2621331,
              13.0038111
            ],
            [
              80.2621356,
              13.0036889
            ],
            [
              80.2621052,
              13.0036883
            ],
            [
              80.2621061,
              13.0036449
            ],
            [
              80.2620613,
              13.003644
            ],
            [
              80.2620596,
              13.0037275
            ],
            [
              80.2620101,
              13.0037265
            ],
            [
              80.2620084,
              13.0038087
            ]
          ]
        ]
      }
    },
    {
      "type": "Feature",
      "properties": {
        "osm_id": "354818471",
        "layer": "building",
        "building": "yes"
      },
      "geometry": {
        "type": "Polygon",
        "coordinates": [
          [
            [
              80.2613552,
              13.005805
            ],
            [
              80.2613552,
              13.0058998
            ],
            [
              80.2614799,
              13.0058998
            ],
            [
              80.2614799,
              13.0058302
            ],
            [
              80.261445,
              13.0058302
            ],
            [
              80.261445,
              13.005805
            ],
            [
              80.2613552,
              13.005805
            ]
          ]
        ]
      }
    },
    {
      "type": "Feature",
      "properties": {
        "osm_id": "354818472",
        "layer": "building",
        "building": "yes"
      },
      "geometry": {
        "type": "Polygon",
        "coordinates": [
          [
            [
              80.253834,
              13.0058188
            ],
            [
              80.2539531,
              13.0058207
            ],
            [
              80.2539542,
              13.0057594
            ],
            [
              80.2539966,
              13.0057601
            ],
            [
              80.2539975,
              13.0057064
            ],
            [
              80.2539526,
              13.0057057
            ],
            [
              80.253953,
              13.0056813
            ],
            [
              80.2538659,
              13.00568
            ],
            [
              80.2538655,
              13.005699
            ],
            [
              80.253836,
              13.0056986
            ],
            [
              80.253834,
              13.0058188
            ]
          ]
        ]
      }
    },
    {
      "type": "Feature",
      "properties": {
        "osm_id": "354818476",
        "layer": "building",
        "building": "yes"
      },
      "geometry": {
        "type": "Polygon",
        "coordinates": [
          [
            [
              80.254939,
              13.0050679
            ],
            [
              80.2551183,
              13.0050721
            ],
            [
              80.2551198,
              13.0050115
            ],
            [
              80.2551032,
              13.0050112
            ],
            [
              80.2551047,
              13.0049501
            ],
            [
              80.2549419,
              13.0049464
            ],
            [
              80.254939,
              13.0050679
            ]
          ]
        ]
      }
    },
    {
      "type": "Feature",
      "properties": {
        "osm_id": "354818478",
        "layer": "building",
        "building": "yes"
      },
      "geometry": {
        "type": "Polygon",
        "coordinates": [
          [
            [
              80.2600235,
              13.0056103
            ],
            [
              80.2600242,
              13.0056923
            ],
            [
              80.2600754,
              13.0056919
            ],
            [
              80.2600758,
              13.0057359
            ],
            [
              80.2601975,
              13.0057349
            ],
            [
              80.2601964,
              13.0056087
            ],
            [
              80.2600235,
              13.0056103
            ]
          ]
        ]
      }
    },
    {
      "type": "Feature",
      "properties": {
        "osm_id": "354818479",
        "layer": "building",
        "building": "yes"
      },
      "geometry": {
        "type": "Polygon",
        "coordinates": [
          [
            [
              80.2604359,
              13.0034355
            ],
            [
              80.2604474,
              13.0035493
            ],
            [
              80.2605164,
              13.0035427
            ],
            [
              80.2605122,
              13.0035007
            ],
            [
              80.260539,
              13.0034982
            ],
            [
              80.2605318,
              13.0034263
            ],
            [
              80.2604359,
              13.0034355
            ]
          ]
        ]
      }
    },
    {
      "type": "Feature",
      "properties": {
        "osm_id": "354818481",
        "layer": "building",
        "building": "yes"
      },
      "geometry": {
        "type": "Polygon",
        "coordinates": [
          [
            [
              80.2615006,
              13.0057633
            ],
            [
              80.2614995,
              13.0059019
            ],
            [
              80.2616239,
              13.0059029
            ],
            [
              80.2616245,
              13.0058264
            ],
            [
              80.2615825,
              13.0058261
            ],
            [
              80.2615831,
              13.005764
            ],
            [
              80.2615006,
              13.0057633
            ]
          ]
        ]
      }
    },
    {
      "type": "Feature",
      "properties": {
        "osm_id": "354818483",
        "layer": "building",
        "building": "yes"
      },
      "geometry": {
        "type": "Polygon",
        "coordinates": [
          [
            [
              80.2561971,
              13.0061291
            ],
            [
              80.2562015,
              13.006275
            ],
            [
              80.2563259,
              13.0062714
            ],
            [
              80.2563281,
              13.0063427
            ],
            [
              80.2564829,
              13.0063381
            ],
            [
              80.2564762,
              13.0061209
            ],
            [
              80.2561971,
              13.0061291
            ]
          ]
        ]
      }
    },
    {
      "type": "Feature",
      "properties": {
        "osm_id": "354818485",
        "layer": "building",
        "building": "yes"
      },
      "geometry": {
        "type": "Polygon",
        "coordinates": [
          [
            [
              80.2622579,
              13.003558
            ],
            [
              80.2623729,
              13.0035542
            ],
            [
              80.2623712,
              13.0035041
            ],
            [
              80.2624026,
              13.0035031
            ],
            [
              80.2624009,
              13.003455
            ],
            [
              80.2622545,
              13.0034598
            ],
            [
              80.2622579,
              13.003558
            ]
          ]
        ]
      }
    },
    {
      "type": "Feature",
      "properties": {
        "osm_id": "354818487",
        "layer": "building",
        "building": "yes"
      },
      "geometry": {
        "type": "Polygon",
        "coordinates": [
          [
            [
              80.260726,
              13.0047346
            ],
            [
              80.2608383,
              13.0047334
            ],
            [
              80.2608374,
              13.0046549
            ],
            [
              80.2608204,
              13.0046551
            ],
            [
              80.26082,
              13.004617
            ],
            [
              80.2607247,
              13.004618
            ],
            [
              80.260726,
              13.0047346
            ]
          ]
        ]
      }
    },
    {
      "type": "Feature",
      "properties": {
        "osm_id": "354818488",
        "layer": "building",
        "building": "yes"
      },
      "geometry": {
        "type": "Polygon",
        "coordinates": [
          [
            [
              80.2622853,
              13.0038633
            ],
            [
              80.2622982,
              13.0039836
            ],
            [
              80.2624934,
              13.0039637
            ],
            [
              80.2624839,
              13.0038754
            ],
            [
              80.2623389,
              13.0038902
            ],
            [
              80.2623355,
              13.0038581
            ],
            [
              80.2622853,
              13.0038633
            ]
          ]
        ]
      }
    },
    {
      "type": "Feature",
      "properties": {
        "osm_id": "354818490",
        "layer": "building",
        "building": "yes"
      },
      "geometry": {
        "type": "Polygon",
        "coordinates": [
          [
            [
              80.2622408,
              13.0068764
            ],
            [
              80.2622887,
              13.0068769
            ],
            [
              80.2622893,
              13.0068295
            ],
            [
              80.2623375,
              13.00683
            ],
            [
              80.2623385,
              13.0067406
            ],
            [
              80.2622423,
              13.0067396
            ],
            [
              80.2622408,
              13.0068764
            ]
          ]
        ]
      }
    },
    {
      "type": "Feature",
      "properties": {
        "osm_id": "354818496",
        "layer": "building",
        "building": "yes"
      },
      "geometry": {
        "type": "Polygon",
        "coordinates": [
          [
            [
              80.2597431,
              13.00536
            ],
            [
              80.2597442,
              13.0055399
            ],
            [
              80.2598468,
              13.0055393
            ],
            [
              80.2598456,
              13.0053444
            ],
            [
              80.25979,
              13.0053447
            ],
            [
              80.2597901,
              13.0053597
            ],
            [
              80.2597431,
              13.00536
            ]
          ]
        ]
      }
    },
    {
      "type": "Feature",
      "properties": {
        "osm_id": "354818497",
        "layer": "building",
        "building": "yes"
      },
      "geometry": {
        "type": "Polygon",
        "coordinates": [
          [
            [
              80.2570716,
              13.0057334
            ],
            [
              80.2570716,
              13.0059133
            ],
            [
              80.2572445,
              13.0059133
            ],
            [
              80.2572445,
              13.0058641
            ],
            [
              80.2572269,
              13.0058641
            ],
            [
              80.2572269,
              13.0057334
            ],
            [
              80.2570716,
              13.0057334
            ]
          ]
        ]
      }
    },
    {
      "type": "Feature",
      "properties": {
        "osm_id": "354818499",
        "layer": "building",
        "building": "yes"
      },
      "geometry": {
        "type": "Polygon",
        "coordinates": [
          [
            [
              80.2622032,
              13.0058882
            ],
            [
              80.2623267,
              13.0058894
            ],
            [
              80.2623278,
              13.0057798
            ],
            [
              80.2622595,
              13.0057791
            ],
            [
              80.2622597,
              13.0057618
            ],
            [
              80.2622045,
              13.0057613
            ],
            [
              80.2622032,
              13.0058882
            ]
          ]
        ]
      }
    },
    {
      "type": "Feature",
      "properties": {
        "osm_id": "354818501",
        "layer": "building",
        "building": "yes"
      },
      "geometry": {
        "type": "Polygon",
        "coordinates": [
          [
            [
              80.2610069,
              13.0047578
            ],
            [
              80.261094,
              13.0047571
            ],
            [
              80.2610929,
              13.0046347
            ],
            [
              80.2610206,
              13.0046353
            ],
            [
              80.2610213,
              13.0047229
            ],
            [
              80.2610066,
              13.004723
            ],
            [
              80.2610069,
              13.0047578
            ]
          ]
        ]
      }
    },
    {
      "type": "Feature",
      "properties": {
        "osm_id": "354818507",
        "layer": "building",
        "building": "yes"
      },
      "geometry": {
        "type": "Polygon",
        "coordinates": [
          [
            [
              80.2610948,
              13.0060413
            ],
            [
              80.2610913,
              13.0061605
            ],
            [
              80.2612088,
              13.0061638
            ],
            [
              80.2612105,
              13.006109
            ],
            [
              80.2612835,
              13.006111
            ],
            [
              80.2612854,
              13.0060467
            ],
            [
              80.2610948,
              13.0060413
            ]
          ]
        ]
      }
    },
    {
      "type": "Feature",
      "properties": {
        "osm_id": "354818509",
        "layer": "building",
        "building": "yes"
      },
      "geometry": {
        "type": "Polygon",
        "coordinates": [
          [
            [
              80.2608089,
              13.003634
            ],
            [
              80.2608138,
              13.0036822
            ],
            [
              80.2608502,
              13.0036787
            ],
            [
              80.260858,
              13.0037547
            ],
            [
              80.2609274,
              13.0037479
            ],
            [
              80.2609146,
              13.0036237
            ],
            [
              80.2608089,
              13.003634
            ]
          ]
        ]
      }
    },
    {
      "type": "Feature",
      "properties": {
        "osm_id": "354818513",
        "layer": "building",
        "building": "yes"
      },
      "geometry": {
        "type": "Polygon",
        "coordinates": [
          [
            [
              80.2624669,
              13.0057772
            ],
            [
              80.262474,
              13.0059296
            ],
            [
              80.2625585,
              13.0059259
            ],
            [
              80.2625541,
              13.0058328
            ],
            [
              80.2625416,
              13.0058333
            ],
            [
              80.2625389,
              13.0057741
            ],
            [
              80.2624669,
              13.0057772
            ]
          ]
        ]
      }
    },
    {
      "type": "Feature",
      "properties": {
        "osm_id": "354818514",
        "layer": "building",
        "building": "yes"
      },
      "geometry": {
        "type": "Polygon",
        "coordinates": [
          [
            [
              80.2613567,
              13.0037461
            ],
            [
              80.261437,
              13.003737
            ],
            [
              80.2614328,
              13.0037023
            ],
            [
              80.261483,
              13.0036966
            ],
            [
              80.2614729,
              13.0036131
            ],
            [
              80.2613425,
              13.0036281
            ],
            [
              80.2613567,
              13.0037461
            ]
          ]
        ]
      }
    },
    {
      "type": "Feature",
      "properties": {
        "osm_id": "354818516",
        "layer": "building",
        "building": "yes"
      },
      "geometry": {
        "type": "Polygon",
        "coordinates": [
          [
            [
              80.2600579,
              13.0034589
            ],
            [
              80.2600623,
              13.0035365
            ],
            [
              80.2601119,
              13.0035339
            ],
            [
              80.2601103,
              13.0035051
            ],
            [
              80.2601513,
              13.0035029
            ],
            [
              80.2601485,
              13.003454
            ],
            [
              80.2600579,
              13.0034589
            ]
          ]
        ]
      }
    },
    {
      "type": "Feature",
      "properties": {
        "osm_id": "354818518",
        "layer": "building",
        "building": "yes"
      },
      "geometry": {
        "type": "Polygon",
        "coordinates": [
          [
            [
              80.2593138,
              13.0054211
            ],
            [
              80.2593192,
              13.0056868
            ],
            [
              80.2596722,
              13.00568
            ],
            [
              80.2596691,
              13.005529
            ],
            [
              80.2596445,
              13.0055295
            ],
            [
              80.2596422,
              13.0054148
            ],
            [
              80.2593138,
              13.0054211
            ]
          ]
        ]
      }
    },
    {
      "type": "Feature",
      "properties": {
        "osm_id": "354818522",
        "layer": "building",
        "building": "yes"
      },
      "geometry": {
        "type": "Polygon",
        "coordinates": [
          [
            [
              80.2588659,
              13.0038986
            ],
            [
              80.2588758,
              13.0040177
            ],
            [
              80.2589208,
              13.0040141
            ],
            [
              80.2589188,
              13.00399
            ],
            [
              80.2589463,
              13.0039879
            ],
            [
              80.2589384,
              13.0038929
            ],
            [
              80.2588659,
              13.0038986
            ]
          ]
        ]
      }
    },
    {
      "type": "Feature",
      "properties": {
        "osm_id": "354818524",
        "layer": "building",
        "building": "yes"
      },
      "geometry": {
        "type": "Polygon",
        "coordinates": [
          [
            [
              80.2608774,
              13.0056075
            ],
            [
              80.2609904,
              13.0056097
            ],
            [
              80.2609911,
              13.0055766
            ],
            [
              80.2609741,
              13.0055763
            ],
            [
              80.2609758,
              13.0054948
            ],
            [
              80.2608797,
              13.0054929
            ],
            [
              80.2608774,
              13.0056075
            ]
          ]
        ]
      }
    },
    {
      "type": "Feature",
      "properties": {
        "osm_id": "354818526",
        "layer": "building",
        "building": "yes"
      },
      "geometry": {
        "type": "Polygon",
        "coordinates": [
          [
            [
              80.2626343,
              13.0067394
            ],
            [
              80.2626324,
              13.0069131
            ],
            [
              80.2627787,
              13.0069146
            ],
            [
              80.2627792,
              13.0068654
            ],
            [
              80.2627562,
              13.0068652
            ],
            [
              80.2627576,
              13.0067407
            ],
            [
              80.2626343,
              13.0067394
            ]
          ]
        ]
      }
    },
    {
      "type": "Feature",
      "properties": {
        "osm_id": "354818528",
        "layer": "building",
        "building": "yes"
      },
      "geometry": {
        "type": "Polygon",
        "coordinates": [
          [
            [
              80.2620205,
              13.004179
            ],
            [
              80.2620191,
              13.0042139
            ],
            [
              80.2620501,
              13.004215
            ],
            [
              80.2620477,
              13.0042765
            ],
            [
              80.2621481,
              13.0042802
            ],
            [
              80.2621519,
              13.0041839
            ],
            [
              80.2620205,
              13.004179
            ]
          ]
        ]
      }
    },
    {
      "type": "Feature",
      "properties": {
        "osm_id": "354818530",
        "layer": "building",
        "building": "yes"
      },
      "geometry": {
        "type": "Polygon",
        "coordinates": [
          [
            [
              80.2622242,
              13.0066978
            ],
            [
              80.2623423,
              13.006699
            ],
            [
              80.2623441,
              13.0065293
            ],
            [
              80.2622688,
              13.0065285
            ],
            [
              80.2622686,
              13.0065446
            ],
            [
              80.2622258,
              13.0065442
            ],
            [
              80.2622242,
              13.0066978
            ]
          ]
        ]
      }
    },
    {
      "type": "Feature",
      "properties": {
        "osm_id": "354818532",
        "layer": "building",
        "building": "yes"
      },
      "geometry": {
        "type": "Polygon",
        "coordinates": [
          [
            [
              80.2604611,
              13.0067182
            ],
            [
              80.2605905,
              13.0067205
            ],
            [
              80.2605915,
              13.0066643
            ],
            [
              80.2605735,
              13.006664
            ],
            [
              80.2605746,
              13.0066053
            ],
            [
              80.2604633,
              13.0066033
            ],
            [
              80.2604611,
              13.0067182
            ]
          ]
        ]
      }
    },
    {
      "type": "Feature",
      "properties": {
        "osm_id": "354818540",
        "layer": "building",
        "building": "yes"
      },
      "geometry": {
        "type": "Polygon",
        "coordinates": [
          [
            [
              80.2540311,
              13.0037652
            ],
            [
              80.2540317,
              13.0038784
            ],
            [
              80.2540395,
              13.0038784
            ],
            [
              80.2540399,
              13.0039435
            ],
            [
              80.2541196,
              13.0039431
            ],
            [
              80.2541194,
              13.0038825
            ],
            [
              80.254104,
              13.0038825
            ],
            [
              80.2541034,
              13.0037648
            ],
            [
              80.2540311,
              13.0037652
            ]
          ]
        ]
      }
    },
    {
      "type": "Feature",
      "properties": {
        "osm_id": "354818543",
        "layer": "building",
        "building": "yes"
      },
      "geometry": {
        "type": "Polygon",
        "coordinates": [
          [
            [
              80.2624135,
              13.0070365
            ],
            [
              80.262391,
              13.0072528
            ],
            [
              80.2624804,
              13.0072616
            ],
            [
              80.2624825,
              13.007242
            ],
            [
              80.2625611,
              13.0072498
            ],
            [
              80.2625671,
              13.0071913
            ],
            [
              80.2625281,
              13.0071875
            ],
            [
              80.2625318,
              13.0071522
            ],
            [
              80.2624908,
              13.0071482
            ],
            [
              80.2625015,
              13.0070452
            ],
            [
              80.2624135,
              13.0070365
            ]
          ]
        ]
      }
    },
    {
      "type": "Feature",
      "properties": {
        "osm_id": "354818545",
        "layer": "building",
        "building": "yes"
      },
      "geometry": {
        "type": "Polygon",
        "coordinates": [
          [
            [
              80.258674,
              13.0057113
            ],
            [
              80.2586744,
              13.0057787
            ],
            [
              80.2588209,
              13.0057778
            ],
            [
              80.2588218,
              13.0059124
            ],
            [
              80.2589287,
              13.0059117
            ],
            [
              80.258927,
              13.0056427
            ],
            [
              80.2588205,
              13.0056434
            ],
            [
              80.2588209,
              13.0057104
            ],
            [
              80.258674,
              13.0057113
            ]
          ]
        ]
      }
    },
    {
      "type": "Feature",
      "properties": {
        "osm_id": "354818551",
        "layer": "building",
        "building": "yes"
      },
      "geometry": {
        "type": "Polygon",
        "coordinates": [
          [
            [
              80.259546,
              13.0067764
            ],
            [
              80.2597346,
              13.0067751
            ],
            [
              80.2597344,
              13.0067463
            ],
            [
              80.2598026,
              13.0067458
            ],
            [
              80.2598017,
              13.0066125
            ],
            [
              80.2597353,
              13.0066129
            ],
            [
              80.2597355,
              13.0066364
            ],
            [
              80.2595821,
              13.0066374
            ],
            [
              80.2595829,
              13.0067451
            ],
            [
              80.2595458,
              13.0067454
            ],
            [
              80.259546,
              13.0067764
            ]
          ]
        ]
      }
    },
    {
      "type": "Feature",
      "properties": {
        "osm_id": "354818557",
        "layer": "building",
        "building": "yes"
      },
      "geometry": {
        "type": "Polygon",
        "coordinates": [
          [
            [
              80.261985,
              13.0040535
            ],
            [
              80.2621202,
              13.0040512
            ],
            [
              80.2621167,
              13.003854
            ],
            [
              80.2620567,
              13.003855
            ],
            [
              80.2620572,
              13.0038797
            ],
            [
              80.2620083,
              13.0038806
            ],
            [
              80.2620102,
              13.0039889
            ],
            [
              80.2619839,
              13.0039893
            ],
            [
              80.261985,
              13.0040535
            ]
          ]
        ]
      }
    },
    {
      "type": "Feature",
      "properties": {
        "osm_id": "354818559",
        "layer": "building",
        "building": "yes"
      },
      "geometry": {
        "type": "Polygon",
        "coordinates": [
          [
            [
              80.2608445,
              13.0038272
            ],
            [
              80.2608527,
              13.0039132
            ],
            [
              80.2609666,
              13.0039028
            ],
            [
              80.2609583,
              13.0038169
            ],
            [
              80.2609253,
              13.0038199
            ],
            [
              80.2609218,
              13.003783
            ],
            [
              80.2608794,
              13.0037868
            ],
            [
              80.2608829,
              13.0038238
            ],
            [
              80.2608445,
              13.0038272
            ]
          ]
        ]
      }
    },
    {
      "type": "Feature",
      "properties": {
        "osm_id": "354818561",
        "layer": "building",
        "building": "yes"
      },
      "geometry": {
        "type": "Polygon",
        "coordinates": [
          [
            [
              80.2533025,
              13.0059987
            ],
            [
              80.2534296,
              13.0060007
            ],
            [
              80.2534308,
              13.005928
            ],
            [
              80.2533738,
              13.0059271
            ],
            [
              80.2533742,
              13.0059087
            ],
            [
              80.2533309,
              13.005908
            ],
            [
              80.2533306,
              13.0059272
            ],
            [
              80.2533037,
              13.0059267
            ],
            [
              80.2533025,
              13.0059987
            ]
          ]
        ]
      }
    },
    {
      "type": "Feature",
      "properties": {
        "osm_id": "354818563",
        "layer": "building",
        "building": "yes"
      },
      "geometry": {
        "type": "Polygon",
        "coordinates": [
          [
            [
              80.2600863,
              13.0037418
            ],
            [
              80.2600884,
              13.0037877
            ],
            [
              80.2601007,
              13.0037871
            ],
            [
              80.2601021,
              13.0038171
            ],
            [
              80.2601292,
              13.003816
            ],
            [
              80.2601304,
              13.0038402
            ],
            [
              80.2601967,
              13.0038373
            ],
            [
              80.2601921,
              13.0037372
            ],
            [
              80.2600863,
              13.0037418
            ]
          ]
        ]
      }
    },
    {
      "type": "Feature",
      "properties": {
        "osm_id": "354818565",
        "layer": "building",
        "building": "yes"
      },
      "geometry": {
        "type": "Polygon",
        "coordinates": [
          [
            [
              80.2613922,
              13.0068697
            ],
            [
              80.2614315,
              13.0068702
            ],
            [
              80.2614317,
              13.0068532
            ],
            [
              80.2614996,
              13.0068539
            ],
            [
              80.261501,
              13.0067247
            ],
            [
              80.2614027,
              13.0067236
            ],
            [
              80.261402,
              13.0067949
            ],
            [
              80.2613931,
              13.0067949
            ],
            [
              80.2613922,
              13.0068697
            ]
          ]
        ]
      }
    },
    {
      "type": "Feature",
      "properties": {
        "osm_id": "354818569",
        "layer": "building",
        "building": "yes"
      },
      "geometry": {
        "type": "Polygon",
        "coordinates": [
          [
            [
              80.2613776,
              13.007101
            ],
            [
              80.261413,
              13.0071026
            ],
            [
              80.2614116,
              13.007131
            ],
            [
              80.2615833,
              13.0071386
            ],
            [
              80.2615894,
              13.007008
            ],
            [
              80.2614206,
              13.0070006
            ],
            [
              80.2614192,
              13.0070315
            ],
            [
              80.2613809,
              13.0070298
            ],
            [
              80.2613776,
              13.007101
            ]
          ]
        ]
      }
    },
    {
      "type": "Feature",
      "properties": {
        "osm_id": "354818571",
        "layer": "building",
        "building": "yes"
      },
      "geometry": {
        "type": "Polygon",
        "coordinates": [
          [
            [
              80.2595495,
              13.0071771
            ],
            [
              80.259734,
              13.0071673
            ],
            [
              80.2597326,
              13.0071409
            ],
            [
              80.2597831,
              13.0071382
            ],
            [
              80.2597724,
              13.006947
            ],
            [
              80.2596855,
              13.0069517
            ],
            [
              80.2596891,
              13.0070146
            ],
            [
              80.2595409,
              13.0070225
            ],
            [
              80.2595495,
              13.0071771
            ]
          ]
        ]
      }
    },
    {
      "type": "Feature",
      "properties": {
        "osm_id": "354818573",
        "layer": "building",
        "building": "yes"
      },
      "geometry": {
        "type": "Polygon",
        "coordinates": [
          [
            [
              80.2607949,
              13.0034779
            ],
            [
              80.2608097,
              13.0035868
            ],
            [
              80.2608441,
              13.0035824
            ],
            [
              80.260846,
              13.003596
            ],
            [
              80.2609129,
              13.0035874
            ],
            [
              80.2608949,
              13.0034543
            ],
            [
              80.260841,
              13.0034612
            ],
            [
              80.2608424,
              13.0034718
            ],
            [
              80.2607949,
              13.0034779
            ]
          ]
        ]
      }
    },
    {
      "type": "Feature",
      "properties": {
        "osm_id": "354818575",
        "layer": "building",
        "building": "yes"
      },
      "geometry": {
        "type": "Polygon",
        "coordinates": [
          [
            [
              80.2564786,
              13.0052795
            ],
            [
              80.2570224,
              13.0052922
            ],
            [
              80.2570249,
              13.0051865
            ],
            [
              80.2569831,
              13.0051856
            ],
            [
              80.2569844,
              13.0051356
            ],
            [
              80.2565435,
              13.0051253
            ],
            [
              80.2565423,
              13.0051767
            ],
            [
              80.2564812,
              13.0051753
            ],
            [
              80.2564786,
              13.0052795
            ]
          ]
        ]
      }
    },
    {
      "type": "Feature",
      "properties": {
        "osm_id": "354818577",
        "layer": "building",
        "building": "yes"
      },
      "geometry": {
        "type": "Polygon",
        "coordinates": [
          [
            [
              80.2628437,
              13.0039294
            ],
            [
              80.2628484,
              13.004052
            ],
            [
              80.2629932,
              13.0040467
            ],
            [
              80.2629921,
              13.0040161
            ],
            [
              80.2630336,
              13.0040146
            ],
            [
              80.2630309,
              13.0039448
            ],
            [
              80.2629185,
              13.0039489
            ],
            [
              80.2629176,
              13.0039267
            ],
            [
              80.2628437,
              13.0039294
            ]
          ]
        ]
      }
    },
    {
      "type": "Feature",
      "properties": {
        "osm_id": "354818579",
        "layer": "building",
        "building": "yes"
      },
      "geometry": {
        "type": "Polygon",
        "coordinates": [
          [
            [
              80.2604238,
              13.0065681
            ],
            [
              80.2606025,
              13.0065773
            ],
            [
              80.2606057,
              13.0065185
            ],
            [
              80.2605547,
              13.0065159
            ],
            [
              80.260556,
              13.0064925
            ],
            [
              80.2605134,
              13.0064903
            ],
            [
              80.2605129,
              13.0064995
            ],
            [
              80.2604278,
              13.0064951
            ],
            [
              80.2604238,
              13.0065681
            ]
          ]
        ]
      }
    },
    {
      "type": "Feature",
      "properties": {
        "osm_id": "354818581",
        "layer": "building",
        "building": "yes"
      },
      "geometry": {
        "type": "Polygon",
        "coordinates": [
          [
            [
              80.2536126,
              13.0050346
            ],
            [
              80.2537027,
              13.0050388
            ],
            [
              80.2537151,
              13.0047849
            ],
            [
              80.2536286,
              13.0047809
            ],
            [
              80.2536233,
              13.0048906
            ],
            [
              80.2535906,
              13.0048891
            ],
            [
              80.2535859,
              13.0049859
            ],
            [
              80.2536149,
              13.0049872
            ],
            [
              80.2536141,
              13.0050038
            ],
            [
              80.2536126,
              13.0050346
            ]
          ]
        ]
      }
    },
    {
      "type": "Feature",
      "properties": {
        "osm_id": "355609422",
        "layer": "building",
        "building": "yes"
      },
      "geometry": {
        "type": "Polygon",
        "coordinates": [
          [
            [
              80.2616244,
              13.002521
            ],
            [
              80.2616903,
              13.0025192
            ],
            [
              80.2616866,
              13.002387
            ],
            [
              80.2616207,
              13.0023888
            ],
            [
              80.2616244,
              13.002521
            ]
          ]
        ]
      }
    },
    {
      "type": "Feature",
      "properties": {
        "osm_id": "355609437",
        "layer": "building",
        "building": "yes"
      },
      "geometry": {
        "type": "Polygon",
        "coordinates": [
          [
            [
              80.2634647,
              13.0032588
            ],
            [
              80.2636935,
              13.0032196
            ],
            [
              80.2636767,
              13.0031267
            ],
            [
              80.2634557,
              13.0031734
            ],
            [
              80.2634647,
              13.0032588
            ]
          ]
        ]
      }
    },
    {
      "type": "Feature",
      "properties": {
        "osm_id": "355609441",
        "layer": "building",
        "building": "yes"
      },
      "geometry": {
        "type": "Polygon",
        "coordinates": [
          [
            [
              80.2619519,
              13.0029723
            ],
            [
              80.2619401,
              13.0027834
            ],
            [
              80.2618388,
              13.0027895
            ],
            [
              80.2618507,
              13.0029783
            ],
            [
              80.2619519,
              13.0029723
            ]
          ]
        ]
      }
    },
    {
      "type": "Feature",
      "properties": {
        "osm_id": "355609443",
        "layer": "building",
        "building": "yes"
      },
      "geometry": {
        "type": "Polygon",
        "coordinates": [
          [
            [
              80.2616305,
              13.0027013
            ],
            [
              80.2617131,
              13.0026996
            ],
            [
              80.2617093,
              13.0025319
            ],
            [
              80.2616267,
              13.0025337
            ],
            [
              80.2616305,
              13.0027013
            ]
          ]
        ]
      }
    },
    {
      "type": "Feature",
      "properties": {
        "osm_id": "355609537",
        "layer": "building",
        "building": "yes"
      },
      "geometry": {
        "type": "Polygon",
        "coordinates": [
          [
            [
              80.2619693,
              13.002855
            ],
            [
              80.2621436,
              13.0028514
            ],
            [
              80.2621417,
              13.0027632
            ],
            [
              80.2619673,
              13.0027668
            ],
            [
              80.2619693,
              13.002855
            ]
          ]
        ]
      }
    },
    {
      "type": "Feature",
      "properties": {
        "osm_id": "355609556",
        "layer": "building",
        "building": "yes"
      },
      "geometry": {
        "type": "Polygon",
        "coordinates": [
          [
            [
              80.2634236,
              13.0027451
            ],
            [
              80.2635865,
              13.0027149
            ],
            [
              80.263569,
              13.0026252
            ],
            [
              80.2634061,
              13.0026554
            ],
            [
              80.2634236,
              13.0027451
            ]
          ]
        ]
      }
    },
    {
      "type": "Feature",
      "properties": {
        "osm_id": "355609560",
        "layer": "building",
        "building": "yes"
      },
      "geometry": {
        "type": "Polygon",
        "coordinates": [
          [
            [
              80.2620136,
              13.0028818
            ],
            [
              80.2620173,
              13.0029716
            ],
            [
              80.2621656,
              13.0029657
            ],
            [
              80.2621618,
              13.0028759
            ],
            [
              80.2620136,
              13.0028818
            ]
          ]
        ]
      }
    },
    {
      "type": "Feature",
      "properties": {
        "osm_id": "355632453",
        "layer": "building",
        "building": "yes"
      },
      "geometry": {
        "type": "Polygon",
        "coordinates": [
          [
            [
              80.2568378,
              13.0026881
            ],
            [
              80.2570875,
              13.0026515
            ],
            [
              80.257076,
              13.0025768
            ],
            [
              80.256933,
              13.0025977
            ],
            [
              80.2569144,
              13.002477
            ],
            [
              80.2570574,
              13.002456
            ],
            [
              80.2570487,
              13.0024
            ],
            [
              80.256916,
              13.0024195
            ],
            [
              80.2569147,
              13.0024111
            ],
            [
              80.2567977,
              13.0024282
            ],
            [
              80.2568378,
              13.0026881
            ]
          ]
        ]
      }
    },
    {
      "type": "Feature",
      "properties": {
        "osm_id": "355632606",
        "layer": "building",
        "building": "yes"
      },
      "geometry": {
        "type": "Polygon",
        "coordinates": [
          [
            [
              80.2559416,
              13.0026914
            ],
            [
              80.2560497,
              13.0026832
            ],
            [
              80.2560394,
              13.0025539
            ],
            [
              80.2559313,
              13.0025621
            ],
            [
              80.2559416,
              13.0026914
            ]
          ]
        ]
      }
    },
    {
      "type": "Feature",
      "properties": {
        "osm_id": "355632620",
        "layer": "building",
        "building": "yes"
      },
      "geometry": {
        "type": "Polygon",
        "coordinates": [
          [
            [
              80.2535686,
              13.0028574
            ],
            [
              80.2535723,
              13.0026457
            ],
            [
              80.2534589,
              13.0026438
            ],
            [
              80.2534552,
              13.0028555
            ],
            [
              80.2535686,
              13.0028574
            ]
          ]
        ]
      }
    },
    {
      "type": "Feature",
      "properties": {
        "osm_id": "355632622",
        "layer": "building",
        "building": "yes"
      },
      "geometry": {
        "type": "Polygon",
        "coordinates": [
          [
            [
              80.2600371,
              13.002547
            ],
            [
              80.260341,
              13.0025415
            ],
            [
              80.2603391,
              13.0024409
            ],
            [
              80.2600352,
              13.0024464
            ],
            [
              80.2600371,
              13.002547
            ]
          ]
        ]
      }
    },
    {
      "type": "Feature",
      "properties": {
        "osm_id": "355632634",
        "layer": "building",
        "building": "yes"
      },
      "geometry": {
        "type": "Polygon",
        "coordinates": [
          [
            [
              80.2548567,
              13.0029314
            ],
            [
              80.2548484,
              13.0028087
            ],
            [
              80.2547292,
              13.0028165
            ],
            [
              80.2547376,
              13.0029391
            ],
            [
              80.2548567,
              13.0029314
            ]
          ]
        ]
      }
    },
    {
      "type": "Feature",
      "properties": {
        "osm_id": "355632646",
        "layer": "building",
        "building": "yes"
      },
      "geometry": {
        "type": "Polygon",
        "coordinates": [
          [
            [
              80.2592774,
              13.0031003
            ],
            [
              80.2592616,
              13.0028966
            ],
            [
              80.2591601,
              13.0029041
            ],
            [
              80.2591759,
              13.0031078
            ],
            [
              80.2592774,
              13.0031003
            ]
          ]
        ]
      }
    },
    {
      "type": "Feature",
      "properties": {
        "osm_id": "355632648",
        "layer": "building",
        "building": "yes"
      },
      "geometry": {
        "type": "Polygon",
        "coordinates": [
          [
            [
              80.2530802,
              13.0028584
            ],
            [
              80.2530802,
              13.0026612
            ],
            [
              80.252962,
              13.0026612
            ],
            [
              80.2529619,
              13.0028583
            ],
            [
              80.2530802,
              13.0028584
            ]
          ]
        ]
      }
    },
    {
      "type": "Feature",
      "properties": {
        "osm_id": "355632650",
        "layer": "building",
        "building": "yes"
      },
      "geometry": {
        "type": "Polygon",
        "coordinates": [
          [
            [
              80.2600492,
              13.0028223
            ],
            [
              80.2600169,
              13.0025968
            ],
            [
              80.2599475,
              13.0026063
            ],
            [
              80.2599798,
              13.0028318
            ],
            [
              80.2600492,
              13.0028223
            ]
          ]
        ]
      }
    },
    {
      "type": "Feature",
      "properties": {
        "osm_id": "355632656",
        "layer": "building",
        "building": "yes"
      },
      "geometry": {
        "type": "Polygon",
        "coordinates": [
          [
            [
              80.2547206,
              13.0027624
            ],
            [
              80.2548595,
              13.0027615
            ],
            [
              80.2548587,
              13.0026325
            ],
            [
              80.2547197,
              13.0026334
            ],
            [
              80.2547206,
              13.0027624
            ]
          ]
        ]
      }
    },
    {
      "type": "Feature",
      "properties": {
        "osm_id": "355632676",
        "layer": "building",
        "building": "yes"
      },
      "geometry": {
        "type": "Polygon",
        "coordinates": [
          [
            [
              80.2581797,
              13.0028702
            ],
            [
              80.2581713,
              13.0026549
            ],
            [
              80.2580506,
              13.0026594
            ],
            [
              80.258059,
              13.0028747
            ],
            [
              80.2581797,
              13.0028702
            ]
          ]
        ]
      }
    },
    {
      "type": "Feature",
      "properties": {
        "osm_id": "355632680",
        "layer": "building",
        "building": "yes"
      },
      "geometry": {
        "type": "Polygon",
        "coordinates": [
          [
            [
              80.2592929,
              13.0031025
            ],
            [
              80.2594116,
              13.0030942
            ],
            [
              80.2593964,
              13.0028879
            ],
            [
              80.2592778,
              13.0028962
            ],
            [
              80.2592929,
              13.0031025
            ]
          ]
        ]
      }
    },
    {
      "type": "Feature",
      "properties": {
        "osm_id": "355632683",
        "layer": "building",
        "building": "yes"
      },
      "geometry": {
        "type": "Polygon",
        "coordinates": [
          [
            [
              80.2542915,
              13.0027565
            ],
            [
              80.254489,
              13.0027597
            ],
            [
              80.2544906,
              13.0026651
            ],
            [
              80.2542931,
              13.0026619
            ],
            [
              80.2542915,
              13.0027565
            ]
          ]
        ]
      }
    },
    {
      "type": "Feature",
      "properties": {
        "osm_id": "355632693",
        "layer": "building",
        "building": "yes"
      },
      "geometry": {
        "type": "Polygon",
        "coordinates": [
          [
            [
              80.2578,
              13.0025318
            ],
            [
              80.2579135,
              13.002518
            ],
            [
              80.2578781,
              13.0022418
            ],
            [
              80.2577646,
              13.0022556
            ],
            [
              80.2578,
              13.0025318
            ]
          ]
        ]
      }
    },
    {
      "type": "Feature",
      "properties": {
        "osm_id": "355632698",
        "layer": "building",
        "building": "yes"
      },
      "geometry": {
        "type": "Polygon",
        "coordinates": [
          [
            [
              80.2555096,
              13.002932
            ],
            [
              80.2556033,
              13.0029314
            ],
            [
              80.2556026,
              13.0028344
            ],
            [
              80.2555089,
              13.002835
            ],
            [
              80.2555096,
              13.002932
            ]
          ]
        ]
      }
    },
    {
      "type": "Feature",
      "properties": {
        "osm_id": "355632705",
        "layer": "building",
        "building": "yes"
      },
      "geometry": {
        "type": "Polygon",
        "coordinates": [
          [
            [
              80.2578012,
              13.0029946
            ],
            [
              80.2579513,
              13.0029919
            ],
            [
              80.2579497,
              13.0029074
            ],
            [
              80.2577996,
              13.0029102
            ],
            [
              80.2578012,
              13.0029946
            ]
          ]
        ]
      }
    },
    {
      "type": "Feature",
      "properties": {
        "osm_id": "355632709",
        "layer": "building",
        "building": "yes"
      },
      "geometry": {
        "type": "Polygon",
        "coordinates": [
          [
            [
              80.258038,
              13.0028857
            ],
            [
              80.258024,
              13.0026622
            ],
            [
              80.2579417,
              13.002667
            ],
            [
              80.2579556,
              13.0028906
            ],
            [
              80.258038,
              13.0028857
            ]
          ]
        ]
      }
    },
    {
      "type": "Feature",
      "properties": {
        "osm_id": "355632720",
        "layer": "building",
        "building": "yes"
      },
      "geometry": {
        "type": "Polygon",
        "coordinates": [
          [
            [
              80.2573909,
              13.002881
            ],
            [
              80.2573732,
              13.0027284
            ],
            [
              80.2572509,
              13.0027419
            ],
            [
              80.2572686,
              13.0028945
            ],
            [
              80.2573909,
              13.002881
            ]
          ]
        ]
      }
    },
    {
      "type": "Feature",
      "properties": {
        "osm_id": "355632725",
        "layer": "building",
        "building": "yes"
      },
      "geometry": {
        "type": "Polygon",
        "coordinates": [
          [
            [
              80.2582155,
              13.0031115
            ],
            [
              80.2582131,
              13.002977
            ],
            [
              80.2581152,
              13.0029787
            ],
            [
              80.2581177,
              13.0031132
            ],
            [
              80.2582155,
              13.0031115
            ]
          ]
        ]
      }
    },
    {
      "type": "Feature",
      "properties": {
        "osm_id": "355632747",
        "layer": "building",
        "building": "yes"
      },
      "geometry": {
        "type": "Polygon",
        "coordinates": [
          [
            [
              80.2573531,
              13.002559
            ],
            [
              80.2576393,
              13.0025193
            ],
            [
              80.2575786,
              13.0021043
            ],
            [
              80.2572925,
              13.002144
            ],
            [
              80.2573531,
              13.002559
            ]
          ]
        ]
      }
    },
    {
      "type": "Feature",
      "properties": {
        "osm_id": "355632813",
        "layer": "building",
        "building": "yes"
      },
      "geometry": {
        "type": "Polygon",
        "coordinates": [
          [
            [
              80.2560692,
              13.0028481
            ],
            [
              80.2560547,
              13.0027168
            ],
            [
              80.2559463,
              13.0027281
            ],
            [
              80.2559608,
              13.0028594
            ],
            [
              80.2560692,
              13.0028481
            ]
          ]
        ]
      }
    },
    {
      "type": "Feature",
      "properties": {
        "osm_id": "355632855",
        "layer": "building",
        "building": "yes"
      },
      "geometry": {
        "type": "Polygon",
        "coordinates": [
          [
            [
              80.2529254,
              13.0028386
            ],
            [
              80.2529255,
              13.0026596
            ],
            [
              80.252782,
              13.0026596
            ],
            [
              80.2527819,
              13.0028386
            ],
            [
              80.2529254,
              13.0028386
            ]
          ]
        ]
      }
    },
    {
      "type": "Feature",
      "properties": {
        "osm_id": "355632859",
        "layer": "building",
        "building": "yes"
      },
      "geometry": {
        "type": "Polygon",
        "coordinates": [
          [
            [
              80.2603433,
              13.0030202
            ],
            [
              80.260455,
              13.0030045
            ],
            [
              80.2604365,
              13.0028799
            ],
            [
              80.2603248,
              13.0028956
            ],
            [
              80.2603433,
              13.0030202
            ]
          ]
        ]
      }
    },
    {
      "type": "Feature",
      "properties": {
        "osm_id": "355632868",
        "layer": "building",
        "building": "yes"
      },
      "geometry": {
        "type": "Polygon",
        "coordinates": [
          [
            [
              80.2552931,
              13.0029514
            ],
            [
              80.2552819,
              13.0026179
            ],
            [
              80.2551932,
              13.0026208
            ],
            [
              80.2552044,
              13.0029542
            ],
            [
              80.2552931,
              13.0029514
            ]
          ]
        ]
      }
    },
    {
      "type": "Feature",
      "properties": {
        "osm_id": "355632872",
        "layer": "building",
        "building": "yes"
      },
      "geometry": {
        "type": "Polygon",
        "coordinates": [
          [
            [
              80.2550209,
              13.002965
            ],
            [
              80.2550003,
              13.0026325
            ],
            [
              80.2549163,
              13.0026374
            ],
            [
              80.2549368,
              13.0029699
            ],
            [
              80.2550209,
              13.002965
            ]
          ]
        ]
      }
    },
    {
      "type": "Feature",
      "properties": {
        "osm_id": "355632889",
        "layer": "building",
        "building": "yes"
      },
      "geometry": {
        "type": "Polygon",
        "coordinates": [
          [
            [
              80.2590998,
              13.0030793
            ],
            [
              80.2590971,
              13.0029174
            ],
            [
              80.2589902,
              13.0029191
            ],
            [
              80.2589928,
              13.003081
            ],
            [
              80.2590998,
              13.0030793
            ]
          ]
        ]
      }
    },
    {
      "type": "Feature",
      "properties": {
        "osm_id": "355632893",
        "layer": "building",
        "building": "yes"
      },
      "geometry": {
        "type": "Polygon",
        "coordinates": [
          [
            [
              80.2603354,
              13.0028731
            ],
            [
              80.2604401,
              13.0028567
            ],
            [
              80.260421,
              13.002741
            ],
            [
              80.2603163,
              13.0027575
            ],
            [
              80.2603354,
              13.0028731
            ]
          ]
        ]
      }
    },
    {
      "type": "Feature",
      "properties": {
        "osm_id": "355632897",
        "layer": "building",
        "building": "yes"
      },
      "geometry": {
        "type": "Polygon",
        "coordinates": [
          [
            [
              80.2541611,
              13.0030714
            ],
            [
              80.2541647,
              13.0028692
            ],
            [
              80.2540497,
              13.0028673
            ],
            [
              80.2540461,
              13.0030695
            ],
            [
              80.2541611,
              13.0030714
            ]
          ]
        ]
      }
    },
    {
      "type": "Feature",
      "properties": {
        "osm_id": "355632918",
        "layer": "building",
        "building": "yes"
      },
      "geometry": {
        "type": "Polygon",
        "coordinates": [
          [
            [
              80.2559022,
              13.0028593
            ],
            [
              80.2558715,
              13.0025504
            ],
            [
              80.2557663,
              13.0025604
            ],
            [
              80.2557971,
              13.0028693
            ],
            [
              80.2559022,
              13.0028593
            ]
          ]
        ]
      }
    },
    {
      "type": "Feature",
      "properties": {
        "osm_id": "355632925",
        "layer": "building",
        "building": "yes"
      },
      "geometry": {
        "type": "Polygon",
        "coordinates": [
          [
            [
              80.2579251,
              13.0028811
            ],
            [
              80.2579093,
              13.0026903
            ],
            [
              80.257819,
              13.0026974
            ],
            [
              80.2578349,
              13.0028882
            ],
            [
              80.2579251,
              13.0028811
            ]
          ]
        ]
      }
    },
    {
      "type": "Feature",
      "properties": {
        "osm_id": "355632934",
        "layer": "building",
        "building": "yes"
      },
      "geometry": {
        "type": "Polygon",
        "coordinates": [
          [
            [
              80.2589494,
              13.0030993
            ],
            [
              80.2589469,
              13.0029893
            ],
            [
              80.2589013,
              13.0029903
            ],
            [
              80.2589015,
              13.003
            ],
            [
              80.2588217,
              13.0030018
            ],
            [
              80.2588239,
              13.003102
            ],
            [
              80.2589494,
              13.0030993
            ]
          ]
        ]
      }
    },
    {
      "type": "Feature",
      "properties": {
        "osm_id": "355632937",
        "layer": "building",
        "building": "yes"
      },
      "geometry": {
        "type": "Polygon",
        "coordinates": [
          [
            [
              80.2536278,
              13.0028394
            ],
            [
              80.2538009,
              13.0028423
            ],
            [
              80.2538041,
              13.0026598
            ],
            [
              80.253631,
              13.0026569
            ],
            [
              80.2536278,
              13.0028394
            ]
          ]
        ]
      }
    },
    {
      "type": "Feature",
      "properties": {
        "osm_id": "355632959",
        "layer": "building",
        "building": "yes"
      },
      "geometry": {
        "type": "Polygon",
        "coordinates": [
          [
            [
              80.2556111,
              13.0027932
            ],
            [
              80.2555933,
              13.0025754
            ],
            [
              80.2554865,
              13.0025837
            ],
            [
              80.2555043,
              13.0028015
            ],
            [
              80.2556111,
              13.0027932
            ]
          ]
        ]
      }
    },
    {
      "type": "Feature",
      "properties": {
        "osm_id": "355632965",
        "layer": "building",
        "building": "yes"
      },
      "geometry": {
        "type": "Polygon",
        "coordinates": [
          [
            [
              80.2574963,
              13.0030373
            ],
            [
              80.2575037,
              13.0031645
            ],
            [
              80.2576501,
              13.0031563
            ],
            [
              80.2576427,
              13.0030291
            ],
            [
              80.2574963,
              13.0030373
            ]
          ]
        ]
      }
    },
    {
      "type": "Feature",
      "properties": {
        "osm_id": "355632976",
        "layer": "building",
        "building": "yes"
      },
      "geometry": {
        "type": "Polygon",
        "coordinates": [
          [
            [
              80.2578197,
              13.002888
            ],
            [
              80.2578035,
              13.0026623
            ],
            [
              80.2577096,
              13.0026687
            ],
            [
              80.2577259,
              13.0028944
            ],
            [
              80.2578197,
              13.002888
            ]
          ]
        ]
      }
    },
    {
      "type": "Feature",
      "properties": {
        "osm_id": "355633010",
        "layer": "building",
        "building": "yes"
      },
      "geometry": {
        "type": "Polygon",
        "coordinates": [
          [
            [
              80.2576515,
              13.003028
            ],
            [
              80.2576487,
              13.0029136
            ],
            [
              80.2575159,
              13.0029167
            ],
            [
              80.2575182,
              13.003012
            ],
            [
              80.2576049,
              13.00301
            ],
            [
              80.2576054,
              13.0030291
            ],
            [
              80.2576515,
              13.003028
            ]
          ]
        ]
      }
    },
    {
      "type": "Feature",
      "properties": {
        "osm_id": "355663435",
        "layer": "building",
        "building": "yes"
      },
      "geometry": {
        "type": "Polygon",
        "coordinates": [
          [
            [
              80.2592485,
              13.0028675
            ],
            [
              80.25924,
              13.0026375
            ],
            [
              80.2591391,
              13.002641
            ],
            [
              80.2591476,
              13.002871
            ],
            [
              80.2592485,
              13.0028675
            ]
          ]
        ]
      }
    },
    {
      "type": "Feature",
      "properties": {
        "osm_id": "355663475",
        "layer": "building",
        "building": "yes"
      },
      "geometry": {
        "type": "Polygon",
        "coordinates": [
          [
            [
              80.2587758,
              13.0031032
            ],
            [
              80.2587699,
              13.0030062
            ],
            [
              80.2586876,
              13.003011
            ],
            [
              80.2586935,
              13.003108
            ],
            [
              80.2587758,
              13.0031032
            ]
          ]
        ]
      }
    },
    {
      "type": "Feature",
      "properties": {
        "osm_id": "355663530",
        "layer": "building",
        "building": "yes"
      },
      "geometry": {
        "type": "Polygon",
        "coordinates": [
          [
            [
              80.2542501,
              13.0025039
            ],
            [
              80.2543651,
              13.0024994
            ],
            [
              80.2543592,
              13.0023542
            ],
            [
              80.2542442,
              13.0023587
            ],
            [
              80.2542501,
              13.0025039
            ]
          ]
        ]
      }
    },
    {
      "type": "Feature",
      "properties": {
        "osm_id": "355663532",
        "layer": "building",
        "building": "yes"
      },
      "geometry": {
        "type": "Polygon",
        "coordinates": [
          [
            [
              80.2592614,
              13.0027592
            ],
            [
              80.2594063,
              13.0027542
            ],
            [
              80.2594019,
              13.002636
            ],
            [
              80.2592571,
              13.0026411
            ],
            [
              80.2592614,
              13.0027592
            ]
          ]
        ]
      }
    },
    {
      "type": "Feature",
      "properties": {
        "osm_id": "355989465",
        "layer": "building",
        "building": "yes"
      },
      "geometry": {
        "type": "Polygon",
        "coordinates": [
          [
            [
              80.2634509,
              13.0029567
            ],
            [
              80.2636191,
              13.0029274
            ],
            [
              80.2636148,
              13.0028493
            ],
            [
              80.2635742,
              13.0028541
            ],
            [
              80.2635733,
              13.0028471
            ],
            [
              80.2635342,
              13.0028517
            ],
            [
              80.2635322,
              13.0028355
            ],
            [
              80.2634372,
              13.0028467
            ],
            [
              80.2634509,
              13.0029567
            ]
          ]
        ]
      }
    },
    {
      "type": "Feature",
      "properties": {
        "osm_id": "355989468",
        "layer": "building",
        "building": "yes"
      },
      "geometry": {
        "type": "Polygon",
        "coordinates": [
          [
            [
              80.2557365,
              13.0031946
            ],
            [
              80.2557188,
              13.0029729
            ],
            [
              80.2556191,
              13.0029804
            ],
            [
              80.2556368,
              13.0032021
            ],
            [
              80.2557365,
              13.0031946
            ]
          ]
        ]
      }
    },
    {
      "type": "Feature",
      "properties": {
        "osm_id": "355989473",
        "layer": "building",
        "building": "yes"
      },
      "geometry": {
        "type": "Polygon",
        "coordinates": [
          [
            [
              80.2584526,
              13.0034672
            ],
            [
              80.2584322,
              13.0032533
            ],
            [
              80.2583622,
              13.0032596
            ],
            [
              80.2583827,
              13.0034735
            ],
            [
              80.2584526,
              13.0034672
            ]
          ]
        ]
      }
    },
    {
      "type": "Feature",
      "properties": {
        "osm_id": "355989479",
        "layer": "building",
        "building": "yes"
      },
      "geometry": {
        "type": "Polygon",
        "coordinates": [
          [
            [
              80.2619687,
              13.003288
            ],
            [
              80.2621236,
              13.0032912
            ],
            [
              80.2621253,
              13.0032141
            ],
            [
              80.2619703,
              13.0032109
            ],
            [
              80.2619687,
              13.003288
            ]
          ]
        ]
      }
    },
    {
      "type": "Feature",
      "properties": {
        "osm_id": "355989481",
        "layer": "building",
        "building": "yes"
      },
      "geometry": {
        "type": "Polygon",
        "coordinates": [
          [
            [
              80.2617763,
              13.0032913
            ],
            [
              80.2617558,
              13.0031077
            ],
            [
              80.2616058,
              13.0031236
            ],
            [
              80.2616263,
              13.0033072
            ],
            [
              80.2617763,
              13.0032913
            ]
          ]
        ]
      }
    },
    {
      "type": "Feature",
      "properties": {
        "osm_id": "355989482",
        "layer": "building",
        "building": "yes"
      },
      "geometry": {
        "type": "Polygon",
        "coordinates": [
          [
            [
              80.2619655,
              13.0027229
            ],
            [
              80.2621772,
              13.0027056
            ],
            [
              80.2621687,
              13.0026065
            ],
            [
              80.261957,
              13.0026238
            ],
            [
              80.2619655,
              13.0027229
            ]
          ]
        ]
      }
    },
    {
      "type": "Feature",
      "properties": {
        "osm_id": "355989483",
        "layer": "building",
        "building": "yes"
      },
      "geometry": {
        "type": "Polygon",
        "coordinates": [
          [
            [
              80.2527121,
              13.0027983
            ],
            [
              80.2527122,
              13.0026994
            ],
            [
              80.2525809,
              13.0026993
            ],
            [
              80.2525808,
              13.0027983
            ],
            [
              80.2527121,
              13.0027983
            ]
          ]
        ]
      }
    },
    {
      "type": "Feature",
      "properties": {
        "osm_id": "355989490",
        "layer": "building",
        "building": "yes"
      },
      "geometry": {
        "type": "Polygon",
        "coordinates": [
          [
            [
              80.2619687,
              13.0031903
            ],
            [
              80.2620953,
              13.0031923
            ],
            [
              80.2620965,
              13.0031177
            ],
            [
              80.2619699,
              13.0031158
            ],
            [
              80.2619687,
              13.0031903
            ]
          ]
        ]
      }
    },
    {
      "type": "Feature",
      "properties": {
        "osm_id": "355989493",
        "layer": "building",
        "building": "yes"
      },
      "geometry": {
        "type": "Polygon",
        "coordinates": [
          [
            [
              80.2548439,
              13.0030994
            ],
            [
              80.2548366,
              13.0029928
            ],
            [
              80.2547467,
              13.0029986
            ],
            [
              80.254754,
              13.0031052
            ],
            [
              80.2548439,
              13.0030994
            ]
          ]
        ]
      }
    },
    {
      "type": "Feature",
      "properties": {
        "osm_id": "355989499",
        "layer": "building",
        "building": "yes"
      },
      "geometry": {
        "type": "Polygon",
        "coordinates": [
          [
            [
              80.2619394,
              13.0034369
            ],
            [
              80.261942,
              13.0033119
            ],
            [
              80.2618458,
              13.00331
            ],
            [
              80.2618432,
              13.003435
            ],
            [
              80.2619394,
              13.0034369
            ]
          ]
        ]
      }
    },
    {
      "type": "Feature",
      "properties": {
        "osm_id": "355989500",
        "layer": "building",
        "building": "yes"
      },
      "geometry": {
        "type": "Polygon",
        "coordinates": [
          [
            [
              80.2615897,
              13.0026948
            ],
            [
              80.2615948,
              13.0025508
            ],
            [
              80.2614988,
              13.0025476
            ],
            [
              80.2614936,
              13.0026916
            ],
            [
              80.2615897,
              13.0026948
            ]
          ]
        ]
      }
    },
    {
      "type": "Feature",
      "properties": {
        "osm_id": "355989505",
        "layer": "building",
        "building": "yes"
      },
      "geometry": {
        "type": "Polygon",
        "coordinates": [
          [
            [
              80.2587604,
              13.0027792
            ],
            [
              80.2587548,
              13.0026366
            ],
            [
              80.2586396,
              13.0026409
            ],
            [
              80.2586452,
              13.0027835
            ],
            [
              80.2587604,
              13.0027792
            ]
          ]
        ]
      }
    },
    {
      "type": "Feature",
      "properties": {
        "osm_id": "355989511",
        "layer": "building",
        "building": "yes"
      },
      "geometry": {
        "type": "Polygon",
        "coordinates": [
          [
            [
              80.2598288,
              13.0033505
            ],
            [
              80.2598242,
              13.0032297
            ],
            [
              80.2597711,
              13.0032316
            ],
            [
              80.2597757,
              13.0033524
            ],
            [
              80.2598288,
              13.0033505
            ]
          ]
        ]
      }
    },
    {
      "type": "Feature",
      "properties": {
        "osm_id": "355989514",
        "layer": "building",
        "building": "yes"
      },
      "geometry": {
        "type": "Polygon",
        "coordinates": [
          [
            [
              80.2540285,
              13.0030572
            ],
            [
              80.2540298,
              13.0029842
            ],
            [
              80.2539431,
              13.0029827
            ],
            [
              80.2539418,
              13.0030558
            ],
            [
              80.2540285,
              13.0030572
            ]
          ]
        ]
      }
    },
    {
      "type": "Feature",
      "properties": {
        "osm_id": "355989517",
        "layer": "building",
        "building": "yes"
      },
      "geometry": {
        "type": "Polygon",
        "coordinates": [
          [
            [
              80.2597276,
              13.0031218
            ],
            [
              80.2597223,
              13.003012
            ],
            [
              80.259614,
              13.0030169
            ],
            [
              80.2596193,
              13.0031268
            ],
            [
              80.2597276,
              13.0031218
            ]
          ]
        ]
      }
    },
    {
      "type": "Feature",
      "properties": {
        "osm_id": "355989527",
        "layer": "building",
        "building": "yes"
      },
      "geometry": {
        "type": "Polygon",
        "coordinates": [
          [
            [
              80.2599101,
              13.003346
            ],
            [
              80.2599081,
              13.0032278
            ],
            [
              80.2598336,
              13.003229
            ],
            [
              80.2598356,
              13.0033472
            ],
            [
              80.2599101,
              13.003346
            ]
          ]
        ]
      }
    },
    {
      "type": "Feature",
      "properties": {
        "osm_id": "355989540",
        "layer": "building",
        "building": "yes"
      },
      "geometry": {
        "type": "Polygon",
        "coordinates": [
          [
            [
              80.2623986,
              13.0029995
            ],
            [
              80.262395,
              13.0028912
            ],
            [
              80.2622597,
              13.0028954
            ],
            [
              80.2622633,
              13.0030037
            ],
            [
              80.2623986,
              13.0029995
            ]
          ]
        ]
      }
    },
    {
      "type": "Feature",
      "properties": {
        "osm_id": "355989544",
        "layer": "building",
        "building": "yes"
      },
      "geometry": {
        "type": "Polygon",
        "coordinates": [
          [
            [
              80.2628852,
              13.0029719
            ],
            [
              80.2628753,
              13.0028562
            ],
            [
              80.2627908,
              13.0028631
            ],
            [
              80.2628007,
              13.0029787
            ],
            [
              80.2628852,
              13.0029719
            ]
          ]
        ]
      }
    },
    {
      "type": "Feature",
      "properties": {
        "osm_id": "355989549",
        "layer": "building",
        "building": "yes"
      },
      "geometry": {
        "type": "Polygon",
        "coordinates": [
          [
            [
              80.2596562,
              13.0033512
            ],
            [
              80.259645,
              13.0032188
            ],
            [
              80.2595894,
              13.0032233
            ],
            [
              80.2596006,
              13.0033556
            ],
            [
              80.2596562,
              13.0033512
            ]
          ]
        ]
      }
    },
    {
      "type": "Feature",
      "properties": {
        "osm_id": "355989552",
        "layer": "building",
        "building": "yes"
      },
      "geometry": {
        "type": "Polygon",
        "coordinates": [
          [
            [
              80.2598348,
              13.0027121
            ],
            [
              80.2599047,
              13.002711
            ],
            [
              80.2599028,
              13.0026042
            ],
            [
              80.259833,
              13.0026054
            ],
            [
              80.2598348,
              13.0027121
            ]
          ]
        ]
      }
    },
    {
      "type": "Feature",
      "properties": {
        "osm_id": "355989562",
        "layer": "building",
        "building": "yes"
      },
      "geometry": {
        "type": "Polygon",
        "coordinates": [
          [
            [
              80.2541572,
              13.0027829
            ],
            [
              80.2541591,
              13.0026734
            ],
            [
              80.2540576,
              13.0026717
            ],
            [
              80.2540557,
              13.0027812
            ],
            [
              80.2541572,
              13.0027829
            ]
          ]
        ]
      }
    },
    {
      "type": "Feature",
      "properties": {
        "osm_id": "355989578",
        "layer": "building",
        "building": "yes"
      },
      "geometry": {
        "type": "Polygon",
        "coordinates": [
          [
            [
              80.2617865,
              13.0034599
            ],
            [
              80.2617762,
              13.0033019
            ],
            [
              80.2616715,
              13.0033083
            ],
            [
              80.2616818,
              13.0034664
            ],
            [
              80.2617865,
              13.0034599
            ]
          ]
        ]
      }
    },
    {
      "type": "Feature",
      "properties": {
        "osm_id": "355989580",
        "layer": "building",
        "building": "yes"
      },
      "geometry": {
        "type": "Polygon",
        "coordinates": [
          [
            [
              80.2558689,
              13.0031119
            ],
            [
              80.2558642,
              13.0029829
            ],
            [
              80.2557831,
              13.0029857
            ],
            [
              80.2557877,
              13.0031147
            ],
            [
              80.2558689,
              13.0031119
            ]
          ]
        ]
      }
    },
    {
      "type": "Feature",
      "properties": {
        "osm_id": "355989598",
        "layer": "building",
        "building": "yes"
      },
      "geometry": {
        "type": "Polygon",
        "coordinates": [
          [
            [
              80.2544243,
              13.0030435
            ],
            [
              80.2545292,
              13.0030453
            ],
            [
              80.2545313,
              13.0029268
            ],
            [
              80.2544264,
              13.002925
            ],
            [
              80.2544243,
              13.0030435
            ]
          ]
        ]
      }
    },
    {
      "type": "Feature",
      "properties": {
        "osm_id": "355989601",
        "layer": "building",
        "building": "yes"
      },
      "geometry": {
        "type": "Polygon",
        "coordinates": [
          [
            [
              80.2605674,
              13.0025155
            ],
            [
              80.2605604,
              13.0024151
            ],
            [
              80.2604558,
              13.002422
            ],
            [
              80.2604628,
              13.0025224
            ],
            [
              80.2605674,
              13.0025155
            ]
          ]
        ]
      }
    },
    {
      "type": "Feature",
      "properties": {
        "osm_id": "355989608",
        "layer": "building",
        "building": "yes"
      },
      "geometry": {
        "type": "Polygon",
        "coordinates": [
          [
            [
              80.2615556,
              13.0025304
            ],
            [
              80.261557,
              13.002385
            ],
            [
              80.2613998,
              13.0023836
            ],
            [
              80.2613984,
              13.002529
            ],
            [
              80.2615556,
              13.0025304
            ]
          ]
        ]
      }
    },
    {
      "type": "Feature",
      "properties": {
        "osm_id": "355989609",
        "layer": "building",
        "building": "yes"
      },
      "geometry": {
        "type": "Polygon",
        "coordinates": [
          [
            [
              80.2557449,
              13.0027978
            ],
            [
              80.2557299,
              13.0025925
            ],
            [
              80.2556199,
              13.0026001
            ],
            [
              80.2556349,
              13.0028054
            ],
            [
              80.2557449,
              13.0027978
            ]
          ]
        ]
      }
    },
    {
      "type": "Feature",
      "properties": {
        "osm_id": "355989610",
        "layer": "building",
        "building": "yes"
      },
      "geometry": {
        "type": "Polygon",
        "coordinates": [
          [
            [
              80.2544975,
              13.0029018
            ],
            [
              80.2544995,
              13.0027896
            ],
            [
              80.2543633,
              13.0027873
            ],
            [
              80.2543614,
              13.0028995
            ],
            [
              80.2544975,
              13.0029018
            ]
          ]
        ]
      }
    },
    {
      "type": "Feature",
      "properties": {
        "osm_id": "355989611",
        "layer": "building",
        "building": "yes"
      },
      "geometry": {
        "type": "Polygon",
        "coordinates": [
          [
            [
              80.2592773,
              13.0028794
            ],
            [
              80.2593841,
              13.0028779
            ],
            [
              80.2593828,
              13.0027881
            ],
            [
              80.2592761,
              13.0027896
            ],
            [
              80.2592773,
              13.0028794
            ]
          ]
        ]
      }
    },
    {
      "type": "Feature",
      "properties": {
        "osm_id": "355989618",
        "layer": "building",
        "building": "yes"
      },
      "geometry": {
        "type": "Polygon",
        "coordinates": [
          [
            [
              80.2529773,
              13.0025105
            ],
            [
              80.253099,
              13.0025052
            ],
            [
              80.2530928,
              13.0023706
            ],
            [
              80.2529711,
              13.0023759
            ],
            [
              80.2529773,
              13.0025105
            ]
          ]
        ]
      }
    },
    {
      "type": "Feature",
      "properties": {
        "osm_id": "355989619",
        "layer": "building",
        "building": "yes"
      },
      "geometry": {
        "type": "Polygon",
        "coordinates": [
          [
            [
              80.2592894,
              13.0033638
            ],
            [
              80.2592801,
              13.0032448
            ],
            [
              80.2591651,
              13.0032534
            ],
            [
              80.2591745,
              13.0033724
            ],
            [
              80.2592894,
              13.0033638
            ]
          ]
        ]
      }
    },
    {
      "type": "Feature",
      "properties": {
        "osm_id": "355989623",
        "layer": "building",
        "building": "yes"
      },
      "geometry": {
        "type": "Polygon",
        "coordinates": [
          [
            [
              80.2625618,
              13.0032957
            ],
            [
              80.2625611,
              13.0031916
            ],
            [
              80.2624425,
              13.0031923
            ],
            [
              80.2624432,
              13.0032964
            ],
            [
              80.2625618,
              13.0032957
            ]
          ]
        ]
      }
    },
    {
      "type": "Feature",
      "properties": {
        "osm_id": "355989624",
        "layer": "building",
        "building": "yes"
      },
      "geometry": {
        "type": "Polygon",
        "coordinates": [
          [
            [
              80.2538097,
              13.00305
            ],
            [
              80.2538908,
              13.0030514
            ],
            [
              80.2538935,
              13.0028979
            ],
            [
              80.2538124,
              13.0028966
            ],
            [
              80.2538097,
              13.00305
            ]
          ]
        ]
      }
    },
    {
      "type": "Feature",
      "properties": {
        "osm_id": "355989625",
        "layer": "building",
        "building": "yes"
      },
      "geometry": {
        "type": "Polygon",
        "coordinates": [
          [
            [
              80.2586461,
              13.0028047
            ],
            [
              80.2586523,
              13.0028798
            ],
            [
              80.2587898,
              13.0028734
            ],
            [
              80.258779,
              13.002791
            ],
            [
              80.2586461,
              13.0028047
            ]
          ]
        ]
      }
    },
    {
      "type": "Feature",
      "properties": {
        "osm_id": "355989636",
        "layer": "building",
        "building": "yes"
      },
      "geometry": {
        "type": "Polygon",
        "coordinates": [
          [
            [
              80.2539527,
              13.0028478
            ],
            [
              80.2540466,
              13.0028494
            ],
            [
              80.2540495,
              13.0026836
            ],
            [
              80.2539556,
              13.002682
            ],
            [
              80.2539527,
              13.0028478
            ]
          ]
        ]
      }
    },
    {
      "type": "Feature",
      "properties": {
        "osm_id": "355989637",
        "layer": "building",
        "building": "yes"
      },
      "geometry": {
        "type": "Polygon",
        "coordinates": [
          [
            [
              80.2535602,
              13.003053
            ],
            [
              80.25367,
              13.0030548
            ],
            [
              80.253673,
              13.0028866
            ],
            [
              80.2535631,
              13.0028848
            ],
            [
              80.2535602,
              13.003053
            ]
          ]
        ]
      }
    },
    {
      "type": "Feature",
      "properties": {
        "osm_id": "355989642",
        "layer": "building",
        "building": "yes"
      },
      "geometry": {
        "type": "Polygon",
        "coordinates": [
          [
            [
              80.2576947,
              13.0035
            ],
            [
              80.2576873,
              13.0033047
            ],
            [
              80.2575859,
              13.0033083
            ],
            [
              80.2575933,
              13.0035037
            ],
            [
              80.2576947,
              13.0035
            ]
          ]
        ]
      }
    },
    {
      "type": "Feature",
      "properties": {
        "osm_id": "355989645",
        "layer": "building",
        "building": "yes"
      },
      "geometry": {
        "type": "Polygon",
        "coordinates": [
          [
            [
              80.2634714,
              13.0031437
            ],
            [
              80.2636868,
              13.0031119
            ],
            [
              80.2636701,
              13.0030048
            ],
            [
              80.2634676,
              13.0030353
            ],
            [
              80.2634714,
              13.0031437
            ]
          ]
        ]
      }
    },
    {
      "type": "Feature",
      "properties": {
        "osm_id": "355989651",
        "layer": "building",
        "building": "yes"
      },
      "geometry": {
        "type": "Polygon",
        "coordinates": [
          [
            [
              80.2622648,
              13.00288
            ],
            [
              80.2624363,
              13.0028746
            ],
            [
              80.2624326,
              13.0027619
            ],
            [
              80.2622611,
              13.0027673
            ],
            [
              80.2622648,
              13.00288
            ]
          ]
        ]
      }
    },
    {
      "type": "Feature",
      "properties": {
        "osm_id": "355989652",
        "layer": "building",
        "building": "yes"
      },
      "geometry": {
        "type": "Polygon",
        "coordinates": [
          [
            [
              80.2553649,
              13.0032275
            ],
            [
              80.2553519,
              13.0031176
            ],
            [
              80.2551852,
              13.0031364
            ],
            [
              80.2551983,
              13.0032463
            ],
            [
              80.2553649,
              13.0032275
            ]
          ]
        ]
      }
    },
    {
      "type": "Feature",
      "properties": {
        "osm_id": "355989662",
        "layer": "building",
        "building": "yes"
      },
      "geometry": {
        "type": "Polygon",
        "coordinates": [
          [
            [
              80.2560619,
              13.003111
            ],
            [
              80.2560544,
              13.0029456
            ],
            [
              80.2559806,
              13.0029488
            ],
            [
              80.255988,
              13.0031141
            ],
            [
              80.2560619,
              13.003111
            ]
          ]
        ]
      }
    },
    {
      "type": "Feature",
      "properties": {
        "osm_id": "355989663",
        "layer": "building",
        "building": "yes"
      },
      "geometry": {
        "type": "Polygon",
        "coordinates": [
          [
            [
              80.2530788,
              13.0030547
            ],
            [
              80.2532672,
              13.0030547
            ],
            [
              80.2532673,
              13.0028957
            ],
            [
              80.2530789,
              13.0028957
            ],
            [
              80.2530788,
              13.0030547
            ]
          ]
        ]
      }
    },
    {
      "type": "Feature",
      "properties": {
        "osm_id": "355989664",
        "layer": "building",
        "building": "yes"
      },
      "geometry": {
        "type": "Polygon",
        "coordinates": [
          [
            [
              80.2596637,
              13.0028389
            ],
            [
              80.2596623,
              13.0027212
            ],
            [
              80.2596058,
              13.0027218
            ],
            [
              80.2596072,
              13.0028395
            ],
            [
              80.2596637,
              13.0028389
            ]
          ]
        ]
      }
    },
    {
      "type": "Feature",
      "properties": {
        "osm_id": "355989678",
        "layer": "building",
        "building": "retail"
      },
      "geometry": {
        "type": "Polygon",
        "coordinates": [
          [
            [
              80.2566452,
              13.0026801
            ],
            [
              80.2566195,
              13.002497
            ],
            [
              80.256535,
              13.0025083
            ],
            [
              80.2565607,
              13.0026914
            ],
            [
              80.2566452,
              13.0026801
            ]
          ]
        ]
      }
    },
    {
      "type": "Feature",
      "properties": {
        "osm_id": "355989686",
        "layer": "building",
        "building": "yes"
      },
      "geometry": {
        "type": "Polygon",
        "coordinates": [
          [
            [
              80.2619497,
              13.0032804
            ],
            [
              80.2619525,
              13.0031368
            ],
            [
              80.2618881,
              13.0031356
            ],
            [
              80.2618853,
              13.0032792
            ],
            [
              80.2619497,
              13.0032804
            ]
          ]
        ]
      }
    },
    {
      "type": "Feature",
      "properties": {
        "osm_id": "355989687",
        "layer": "building",
        "building": "yes"
      },
      "geometry": {
        "type": "Polygon",
        "coordinates": [
          [
            [
              80.2610182,
              13.0026815
            ],
            [
              80.261007,
              13.0024842
            ],
            [
              80.260902,
              13.0024899
            ],
            [
              80.2609133,
              13.0026871
            ],
            [
              80.2610182,
              13.0026815
            ]
          ]
        ]
      }
    },
    {
      "type": "Feature",
      "properties": {
        "osm_id": "355989696",
        "layer": "building",
        "building": "yes"
      },
      "geometry": {
        "type": "Polygon",
        "coordinates": [
          [
            [
              80.2619506,
              13.0026084
            ],
            [
              80.2621371,
              13.0025966
            ],
            [
              80.2621318,
              13.0025166
            ],
            [
              80.2619453,
              13.0025284
            ],
            [
              80.2619506,
              13.0026084
            ]
          ]
        ]
      }
    },
    {
      "type": "Feature",
      "properties": {
        "osm_id": "355989705",
        "layer": "building",
        "building": "yes"
      },
      "geometry": {
        "type": "Polygon",
        "coordinates": [
          [
            [
              80.2529242,
              13.0025006
            ],
            [
              80.2529172,
              13.0023495
            ],
            [
              80.2528002,
              13.0023547
            ],
            [
              80.2528072,
              13.0025058
            ],
            [
              80.2529242,
              13.0025006
            ]
          ]
        ]
      }
    },
    {
      "type": "Feature",
      "properties": {
        "osm_id": "355989706",
        "layer": "building",
        "building": "yes"
      },
      "geometry": {
        "type": "Polygon",
        "coordinates": [
          [
            [
              80.2582858,
              13.0034698
            ],
            [
              80.2582757,
              13.0032844
            ],
            [
              80.2581951,
              13.0032886
            ],
            [
              80.2582052,
              13.003474
            ],
            [
              80.2582858,
              13.0034698
            ]
          ]
        ]
      }
    },
    {
      "type": "Feature",
      "properties": {
        "osm_id": "355989709",
        "layer": "building",
        "building": "yes"
      },
      "geometry": {
        "type": "Polygon",
        "coordinates": [
          [
            [
              80.2619522,
              13.0033799
            ],
            [
              80.2621012,
              13.0033799
            ],
            [
              80.2621012,
              13.0033053
            ],
            [
              80.2619522,
              13.0033053
            ],
            [
              80.2619522,
              13.0033799
            ]
          ]
        ]
      }
    },
    {
      "type": "Feature",
      "properties": {
        "osm_id": "355989713",
        "layer": "building",
        "building": "yes"
      },
      "geometry": {
        "type": "Polygon",
        "coordinates": [
          [
            [
              80.2526394,
              13.0030842
            ],
            [
              80.2526394,
              13.0028907
            ],
            [
              80.2525164,
              13.0028906
            ],
            [
              80.2525164,
              13.0030841
            ],
            [
              80.2526394,
              13.0030842
            ]
          ]
        ]
      }
    },
    {
      "type": "Feature",
      "properties": {
        "osm_id": "355989733",
        "layer": "building",
        "building": "yes"
      },
      "geometry": {
        "type": "Polygon",
        "coordinates": [
          [
            [
              80.262525,
              13.0030263
            ],
            [
              80.262517,
              13.0029481
            ],
            [
              80.2624205,
              13.0029574
            ],
            [
              80.2624284,
              13.0030356
            ],
            [
              80.262525,
              13.0030263
            ]
          ]
        ]
      }
    },
    {
      "type": "Feature",
      "properties": {
        "osm_id": "355989735",
        "layer": "building",
        "building": "yes"
      },
      "geometry": {
        "type": "Polygon",
        "coordinates": [
          [
            [
              80.2581928,
              13.0027819
            ],
            [
              80.258194,
              13.0028692
            ],
            [
              80.2583313,
              13.0028674
            ],
            [
              80.25833,
              13.0027801
            ],
            [
              80.2581928,
              13.0027819
            ]
          ]
        ]
      }
    },
    {
      "type": "Feature",
      "properties": {
        "osm_id": "355989737",
        "layer": "building",
        "building": "yes"
      },
      "geometry": {
        "type": "Polygon",
        "coordinates": [
          [
            [
              80.262248,
              13.002736
            ],
            [
              80.2623563,
              13.0027346
            ],
            [
              80.2623549,
              13.002627
            ],
            [
              80.2622466,
              13.0026283
            ],
            [
              80.262248,
              13.002736
            ]
          ]
        ]
      }
    },
    {
      "type": "Feature",
      "properties": {
        "osm_id": "355989747",
        "layer": "building",
        "building": "yes"
      },
      "geometry": {
        "type": "Polygon",
        "coordinates": [
          [
            [
              80.2529516,
              13.0030491
            ],
            [
              80.2530589,
              13.0030491
            ],
            [
              80.2530589,
              13.0028856
            ],
            [
              80.2529516,
              13.0028856
            ],
            [
              80.2529516,
              13.0030491
            ]
          ]
        ]
      }
    },
    {
      "type": "Feature",
      "properties": {
        "osm_id": "355989748",
        "layer": "building",
        "building": "yes"
      },
      "geometry": {
        "type": "Polygon",
        "coordinates": [
          [
            [
              80.259536,
              13.0030542
            ],
            [
              80.2595336,
              13.0030088
            ],
            [
              80.2594786,
              13.0030114
            ],
            [
              80.259481,
              13.0030569
            ],
            [
              80.259536,
              13.0030542
            ]
          ]
        ]
      }
    },
    {
      "type": "Feature",
      "properties": {
        "osm_id": "355989757",
        "layer": "building",
        "building": "yes"
      },
      "geometry": {
        "type": "Polygon",
        "coordinates": [
          [
            [
              80.2539037,
              13.0027705
            ],
            [
              80.2539052,
              13.0026859
            ],
            [
              80.2538266,
              13.0026846
            ],
            [
              80.2538251,
              13.0027692
            ],
            [
              80.2539037,
              13.0027705
            ]
          ]
        ]
      }
    },
    {
      "type": "Feature",
      "properties": {
        "osm_id": "355989758",
        "layer": "building",
        "building": "yes"
      },
      "geometry": {
        "type": "Polygon",
        "coordinates": [
          [
            [
              80.2599762,
              13.0031096
            ],
            [
              80.259965,
              13.0030068
            ],
            [
              80.2598746,
              13.0030162
            ],
            [
              80.2598859,
              13.003119
            ],
            [
              80.2599762,
              13.0031096
            ]
          ]
        ]
      }
    },
    {
      "type": "Feature",
      "properties": {
        "osm_id": "355989759",
        "layer": "building",
        "building": "yes"
      },
      "geometry": {
        "type": "Polygon",
        "coordinates": [
          [
            [
              80.2602369,
              13.0032298
            ],
            [
              80.2603562,
              13.0032118
            ],
            [
              80.2603445,
              13.0031384
            ],
            [
              80.2602252,
              13.0031564
            ],
            [
              80.2602369,
              13.0032298
            ]
          ]
        ]
      }
    },
    {
      "type": "Feature",
      "properties": {
        "osm_id": "355989766",
        "layer": "building",
        "building": "yes"
      },
      "geometry": {
        "type": "Polygon",
        "coordinates": [
          [
            [
              80.2592671,
              13.0025301
            ],
            [
              80.2592611,
              13.0023795
            ],
            [
              80.2591575,
              13.0023834
            ],
            [
              80.2591634,
              13.002534
            ],
            [
              80.2592671,
              13.0025301
            ]
          ]
        ]
      }
    },
    {
      "type": "Feature",
      "properties": {
        "osm_id": "355989767",
        "layer": "building",
        "building": "yes"
      },
      "geometry": {
        "type": "Polygon",
        "coordinates": [
          [
            [
              80.2598529,
              13.0031096
            ],
            [
              80.259843,
              13.0030087
            ],
            [
              80.2597755,
              13.003015
            ],
            [
              80.2597854,
              13.0031159
            ],
            [
              80.2598529,
              13.0031096
            ]
          ]
        ]
      }
    },
    {
      "type": "Feature",
      "properties": {
        "osm_id": "355989769",
        "layer": "building",
        "building": "yes"
      },
      "geometry": {
        "type": "Polygon",
        "coordinates": [
          [
            [
              80.2556274,
              13.0031837
            ],
            [
              80.2556115,
              13.0029938
            ],
            [
              80.2555381,
              13.0029996
            ],
            [
              80.255554,
              13.0031895
            ],
            [
              80.2556274,
              13.0031837
            ]
          ]
        ]
      }
    },
    {
      "type": "Feature",
      "properties": {
        "osm_id": "355989771",
        "layer": "building",
        "building": "yes"
      },
      "geometry": {
        "type": "Polygon",
        "coordinates": [
          [
            [
              80.2633428,
              13.0028887
            ],
            [
              80.263324,
              13.0027885
            ],
            [
              80.263169,
              13.0028082
            ],
            [
              80.263184,
              13.0029119
            ],
            [
              80.2633428,
              13.0028887
            ]
          ]
        ]
      }
    },
    {
      "type": "Feature",
      "properties": {
        "osm_id": "355989790",
        "layer": "building",
        "building": "yes"
      },
      "geometry": {
        "type": "Polygon",
        "coordinates": [
          [
            [
              80.2527746,
              13.0030856
            ],
            [
              80.2527747,
              13.0028902
            ],
            [
              80.2526544,
              13.0028902
            ],
            [
              80.2526543,
              13.0030855
            ],
            [
              80.2527746,
              13.0030856
            ]
          ]
        ]
      }
    },
    {
      "type": "Feature",
      "properties": {
        "osm_id": "355989801",
        "layer": "building",
        "building": "yes"
      },
      "geometry": {
        "type": "Polygon",
        "coordinates": [
          [
            [
              80.2611283,
              13.0025767
            ],
            [
              80.2611244,
              13.0024174
            ],
            [
              80.261017,
              13.0024199
            ],
            [
              80.261021,
              13.0025793
            ],
            [
              80.2611283,
              13.0025767
            ]
          ]
        ]
      }
    },
    {
      "type": "Feature",
      "properties": {
        "osm_id": "355989809",
        "layer": "building",
        "building": "yes"
      },
      "geometry": {
        "type": "Polygon",
        "coordinates": [
          [
            [
              80.2618705,
              13.0032831
            ],
            [
              80.2618742,
              13.0031295
            ],
            [
              80.2618108,
              13.0031281
            ],
            [
              80.261807,
              13.0032816
            ],
            [
              80.2618705,
              13.0032831
            ]
          ]
        ]
      }
    },
    {
      "type": "Feature",
      "properties": {
        "osm_id": "355989814",
        "layer": "building",
        "building": "yes"
      },
      "geometry": {
        "type": "Polygon",
        "coordinates": [
          [
            [
              80.2584818,
              13.0028576
            ],
            [
              80.2584788,
              13.0026425
            ],
            [
              80.2583407,
              13.0026443
            ],
            [
              80.2583437,
              13.0028594
            ],
            [
              80.2584818,
              13.0028576
            ]
          ]
        ]
      }
    },
    {
      "type": "Feature",
      "properties": {
        "osm_id": "355989819",
        "layer": "building",
        "building": "yes"
      },
      "geometry": {
        "type": "Polygon",
        "coordinates": [
          [
            [
              80.2583726,
              13.0034704
            ],
            [
              80.2583557,
              13.0032674
            ],
            [
              80.2582875,
              13.0032728
            ],
            [
              80.2583044,
              13.0034758
            ],
            [
              80.2583726,
              13.0034704
            ]
          ]
        ]
      }
    },
    {
      "type": "Feature",
      "properties": {
        "osm_id": "355989824",
        "layer": "building",
        "building": "yes"
      },
      "geometry": {
        "type": "Polygon",
        "coordinates": [
          [
            [
              80.2605804,
              13.0025182
            ],
            [
              80.2607268,
              13.002504
            ],
            [
              80.2607175,
              13.0024127
            ],
            [
              80.2605711,
              13.0024269
            ],
            [
              80.2605804,
              13.0025182
            ]
          ]
        ]
      }
    },
    {
      "type": "Feature",
      "properties": {
        "osm_id": "355989830",
        "layer": "building",
        "building": "yes"
      },
      "geometry": {
        "type": "Polygon",
        "coordinates": [
          [
            [
              80.2542967,
              13.0030529
            ],
            [
              80.2542997,
              13.0028782
            ],
            [
              80.2541825,
              13.0028763
            ],
            [
              80.2541795,
              13.003051
            ],
            [
              80.2542967,
              13.0030529
            ]
          ]
        ]
      }
    },
    {
      "type": "Feature",
      "properties": {
        "osm_id": "355989832",
        "layer": "building",
        "building": "yes"
      },
      "geometry": {
        "type": "Polygon",
        "coordinates": [
          [
            [
              80.253201,
              13.0028069
            ],
            [
              80.253201,
              13.0026913
            ],
            [
              80.2530965,
              13.0026912
            ],
            [
              80.2530965,
              13.0028068
            ],
            [
              80.253201,
              13.0028069
            ]
          ]
        ]
      }
    },
    {
      "type": "Feature",
      "properties": {
        "osm_id": "355989833",
        "layer": "building",
        "building": "yes"
      },
      "geometry": {
        "type": "Polygon",
        "coordinates": [
          [
            [
              80.2611647,
              13.0027021
            ],
            [
              80.2612252,
              13.0026985
            ],
            [
              80.2612159,
              13.002552
            ],
            [
              80.2611554,
              13.0025556
            ],
            [
              80.2611647,
              13.0027021
            ]
          ]
        ]
      }
    },
    {
      "type": "Feature",
      "properties": {
        "osm_id": "355989834",
        "layer": "building",
        "building": "yes"
      },
      "geometry": {
        "type": "Polygon",
        "coordinates": [
          [
            [
              80.2601239,
              13.0033037
            ],
            [
              80.2602074,
              13.0032867
            ],
            [
              80.2601784,
              13.0031511
            ],
            [
              80.2600949,
              13.0031681
            ],
            [
              80.2601239,
              13.0033037
            ]
          ]
        ]
      }
    },
    {
      "type": "Feature",
      "properties": {
        "osm_id": "355989841",
        "layer": "building",
        "building": "yes"
      },
      "geometry": {
        "type": "Polygon",
        "coordinates": [
          [
            [
              80.2625595,
              13.0030626
            ],
            [
              80.2626723,
              13.0030253
            ],
            [
              80.2626465,
              13.0029511
            ],
            [
              80.2625336,
              13.0029883
            ],
            [
              80.2625595,
              13.0030626
            ]
          ]
        ]
      }
    },
    {
      "type": "Feature",
      "properties": {
        "osm_id": "355989842",
        "layer": "building",
        "building": "yes"
      },
      "geometry": {
        "type": "Polygon",
        "coordinates": [
          [
            [
              80.2570966,
              13.0034761
            ],
            [
              80.2570574,
              13.0032926
            ],
            [
              80.2569719,
              13.00331
            ],
            [
              80.257011,
              13.0034935
            ],
            [
              80.2570966,
              13.0034761
            ]
          ]
        ]
      }
    },
    {
      "type": "Feature",
      "properties": {
        "osm_id": "355989847",
        "layer": "building",
        "building": "yes"
      },
      "geometry": {
        "type": "Polygon",
        "coordinates": [
          [
            [
              80.2534562,
              13.0030376
            ],
            [
              80.2535524,
              13.0030392
            ],
            [
              80.2535549,
              13.0028946
            ],
            [
              80.2534587,
              13.002893
            ],
            [
              80.2534562,
              13.0030376
            ]
          ]
        ]
      }
    },
    {
      "type": "Feature",
      "properties": {
        "osm_id": "355989850",
        "layer": "building",
        "building": "yes"
      },
      "geometry": {
        "type": "Polygon",
        "coordinates": [
          [
            [
              80.2570453,
              13.0032839
            ],
            [
              80.2570164,
              13.0031027
            ],
            [
              80.2569228,
              13.0031168
            ],
            [
              80.2569517,
              13.0032981
            ],
            [
              80.2570453,
              13.0032839
            ]
          ]
        ]
      }
    },
    {
      "type": "Feature",
      "properties": {
        "osm_id": "355989853",
        "layer": "building",
        "building": "yes"
      },
      "geometry": {
        "type": "Polygon",
        "coordinates": [
          [
            [
              80.2630013,
              13.002943
            ],
            [
              80.2629795,
              13.0027849
            ],
            [
              80.2628913,
              13.0027964
            ],
            [
              80.2629131,
              13.0029545
            ],
            [
              80.2630013,
              13.002943
            ]
          ]
        ]
      }
    },
    {
      "type": "Feature",
      "properties": {
        "osm_id": "355989855",
        "layer": "building",
        "building": "yes"
      },
      "geometry": {
        "type": "Polygon",
        "coordinates": [
          [
            [
              80.2618336,
              13.0029379
            ],
            [
              80.2618316,
              13.0027856
            ],
            [
              80.2617447,
              13.0027867
            ],
            [
              80.2617467,
              13.0029389
            ],
            [
              80.2618336,
              13.0029379
            ]
          ]
        ]
      }
    },
    {
      "type": "Feature",
      "properties": {
        "osm_id": "355989858",
        "layer": "building",
        "building": "yes"
      },
      "geometry": {
        "type": "Polygon",
        "coordinates": [
          [
            [
              80.2543129,
              13.0030451
            ],
            [
              80.2544189,
              13.0030469
            ],
            [
              80.2544209,
              13.0029334
            ],
            [
              80.2543149,
              13.0029316
            ],
            [
              80.2543129,
              13.0030451
            ]
          ]
        ]
      }
    },
    {
      "type": "Feature",
      "properties": {
        "osm_id": "355989861",
        "layer": "building",
        "building": "yes"
      },
      "geometry": {
        "type": "Polygon",
        "coordinates": [
          [
            [
              80.257824,
              13.0035032
            ],
            [
              80.257811,
              13.0033125
            ],
            [
              80.2577072,
              13.0033192
            ],
            [
              80.2577203,
              13.00351
            ],
            [
              80.257824,
              13.0035032
            ]
          ]
        ]
      }
    },
    {
      "type": "Feature",
      "properties": {
        "osm_id": "355989862",
        "layer": "building",
        "building": "yes"
      },
      "geometry": {
        "type": "Polygon",
        "coordinates": [
          [
            [
              80.2527945,
              13.003051
            ],
            [
              80.252912,
              13.0030511
            ],
            [
              80.252912,
              13.0028839
            ],
            [
              80.2527945,
              13.0028839
            ],
            [
              80.2527945,
              13.003051
            ]
          ]
        ]
      }
    },
    {
      "type": "Feature",
      "properties": {
        "osm_id": "355989863",
        "layer": "building",
        "building": "yes"
      },
      "geometry": {
        "type": "Polygon",
        "coordinates": [
          [
            [
              80.2579642,
              13.0034912
            ],
            [
              80.2579497,
              13.0032779
            ],
            [
              80.2578464,
              13.0032846
            ],
            [
              80.257861,
              13.0034979
            ],
            [
              80.2579642,
              13.0034912
            ]
          ]
        ]
      }
    },
    {
      "type": "Feature",
      "properties": {
        "osm_id": "355989864",
        "layer": "building",
        "building": "yes"
      },
      "geometry": {
        "type": "Polygon",
        "coordinates": [
          [
            [
              80.2596096,
              13.0030074
            ],
            [
              80.2596068,
              13.0029002
            ],
            [
              80.259551,
              13.0029016
            ],
            [
              80.2595538,
              13.0030088
            ],
            [
              80.2596096,
              13.0030074
            ]
          ]
        ]
      }
    },
    {
      "type": "Feature",
      "properties": {
        "osm_id": "355989882",
        "layer": "building",
        "building": "yes"
      },
      "geometry": {
        "type": "Polygon",
        "coordinates": [
          [
            [
              80.2559694,
              13.0031181
            ],
            [
              80.2559619,
              13.0029518
            ],
            [
              80.2558908,
              13.0029548
            ],
            [
              80.2558982,
              13.0031211
            ],
            [
              80.2559694,
              13.0031181
            ]
          ]
        ]
      }
    },
    {
      "type": "Feature",
      "properties": {
        "osm_id": "355989886",
        "layer": "building",
        "building": "yes"
      },
      "geometry": {
        "type": "Polygon",
        "coordinates": [
          [
            [
              80.2637404,
              13.0034142
            ],
            [
              80.2637095,
              13.0032469
            ],
            [
              80.2634727,
              13.0032883
            ],
            [
              80.2635035,
              13.0034556
            ],
            [
              80.2637404,
              13.0034142
            ]
          ]
        ]
      }
    },
    {
      "type": "Feature",
      "properties": {
        "osm_id": "355989888",
        "layer": "building",
        "building": "yes"
      },
      "geometry": {
        "type": "Polygon",
        "coordinates": [
          [
            [
              80.2589775,
              13.002561
            ],
            [
              80.2591595,
              13.0025522
            ],
            [
              80.2591511,
              13.0023878
            ],
            [
              80.2590688,
              13.0023918
            ],
            [
              80.2590701,
              13.0024179
            ],
            [
              80.2589704,
              13.0024227
            ],
            [
              80.2589775,
              13.002561
            ]
          ]
        ]
      }
    },
    {
      "type": "Feature",
      "properties": {
        "osm_id": "355989893",
        "layer": "building",
        "building": "yes"
      },
      "geometry": {
        "type": "Polygon",
        "coordinates": [
          [
            [
              80.2600994,
              13.0030856
            ],
            [
              80.2600868,
              13.0029713
            ],
            [
              80.2600217,
              13.0029781
            ],
            [
              80.2600228,
              13.0029887
            ],
            [
              80.2599935,
              13.0029918
            ],
            [
              80.2600048,
              13.0030955
            ],
            [
              80.2600994,
              13.0030856
            ]
          ]
        ]
      }
    },
    {
      "type": "Feature",
      "properties": {
        "osm_id": "355989899",
        "layer": "building",
        "building": "yes"
      },
      "geometry": {
        "type": "Polygon",
        "coordinates": [
          [
            [
              80.2588603,
              13.0033851
            ],
            [
              80.2588537,
              13.0032521
            ],
            [
              80.2588255,
              13.0032534
            ],
            [
              80.2588248,
              13.0032406
            ],
            [
              80.2587607,
              13.0032436
            ],
            [
              80.2587646,
              13.0033218
            ],
            [
              80.2587535,
              13.0033223
            ],
            [
              80.2587569,
              13.00339
            ],
            [
              80.2588603,
              13.0033851
            ]
          ]
        ]
      }
    },
    {
      "type": "Feature",
      "properties": {
        "osm_id": "355989900",
        "layer": "building",
        "building": "yes"
      },
      "geometry": {
        "type": "Polygon",
        "coordinates": [
          [
            [
              80.2576666,
              13.0028368
            ],
            [
              80.2576644,
              13.0027884
            ],
            [
              80.2576979,
              13.002787
            ],
            [
              80.2576942,
              13.002705
            ],
            [
              80.2576423,
              13.0027073
            ],
            [
              80.2576435,
              13.0027338
            ],
            [
              80.2576035,
              13.0027355
            ],
            [
              80.2576082,
              13.0028393
            ],
            [
              80.2576666,
              13.0028368
            ]
          ]
        ]
      }
    },
    {
      "type": "Feature",
      "properties": {
        "osm_id": "356205532",
        "layer": "building",
        "building": "yes"
      },
      "geometry": {
        "type": "Polygon",
        "coordinates": [
          [
            [
              80.2561792,
              13.0026753
            ],
            [
              80.2561731,
              13.002525
            ],
            [
              80.2560541,
              13.0025297
            ],
            [
              80.2560603,
              13.0026799
            ],
            [
              80.2561792,
              13.0026753
            ]
          ]
        ]
      }
    },
    {
      "type": "Feature",
      "properties": {
        "osm_id": "356205534",
        "layer": "building",
        "building": "yes"
      },
      "geometry": {
        "type": "Polygon",
        "coordinates": [
          [
            [
              80.2578077,
              13.0031357
            ],
            [
              80.2578712,
              13.0031333
            ],
            [
              80.2578665,
              13.003016
            ],
            [
              80.257803,
              13.0030184
            ],
            [
              80.2578077,
              13.0031357
            ]
          ]
        ]
      }
    },
    {
      "type": "Feature",
      "properties": {
        "osm_id": "356205539",
        "layer": "building",
        "building": "yes"
      },
      "geometry": {
        "type": "Polygon",
        "coordinates": [
          [
            [
              80.2607507,
              13.0032876
            ],
            [
              80.2608477,
              13.0032735
            ],
            [
              80.2608269,
              13.0031379
            ],
            [
              80.26073,
              13.003152
            ],
            [
              80.2607507,
              13.0032876
            ]
          ]
        ]
      }
    },
    {
      "type": "Feature",
      "properties": {
        "osm_id": "356205541",
        "layer": "building",
        "building": "yes"
      },
      "geometry": {
        "type": "Polygon",
        "coordinates": [
          [
            [
              80.2561849,
              13.0028232
            ],
            [
              80.2561795,
              13.0027473
            ],
            [
              80.256175,
              13.0026836
            ],
            [
              80.2560687,
              13.0026907
            ],
            [
              80.2560786,
              13.0028304
            ],
            [
              80.2561849,
              13.0028232
            ]
          ]
        ]
      }
    },
    {
      "type": "Feature",
      "properties": {
        "osm_id": "356205543",
        "layer": "building",
        "building": "yes"
      },
      "geometry": {
        "type": "Polygon",
        "coordinates": [
          [
            [
              80.2606103,
              13.0033208
            ],
            [
              80.2607144,
              13.0033056
            ],
            [
              80.2606977,
              13.0031968
            ],
            [
              80.2605936,
              13.003212
            ],
            [
              80.2606103,
              13.0033208
            ]
          ]
        ]
      }
    },
    {
      "type": "Feature",
      "properties": {
        "osm_id": "356215889",
        "layer": "building",
        "building": "yes"
      },
      "geometry": {
        "type": "Polygon",
        "coordinates": [
          [
            [
              80.2630512,
              13.0025635
            ],
            [
              80.2630573,
              13.0026048
            ],
            [
              80.2631468,
              13.0025921
            ],
            [
              80.2631406,
              13.0025509
            ],
            [
              80.2630512,
              13.0025635
            ]
          ]
        ]
      }
    },
    {
      "type": "Feature",
      "properties": {
        "osm_id": "356215891",
        "layer": "building",
        "building": "yes"
      },
      "geometry": {
        "type": "Polygon",
        "coordinates": [
          [
            [
              80.2627252,
              13.0025964
            ],
            [
              80.2627145,
              13.0024582
            ],
            [
              80.2626081,
              13.0024661
            ],
            [
              80.2626188,
              13.0026042
            ],
            [
              80.2627252,
              13.0025964
            ]
          ]
        ]
      }
    },
    {
      "type": "Feature",
      "properties": {
        "osm_id": "356215892",
        "layer": "building",
        "building": "yes"
      },
      "geometry": {
        "type": "Polygon",
        "coordinates": [
          [
            [
              80.2630522,
              13.0025205
            ],
            [
              80.2631408,
              13.0025114
            ],
            [
              80.2631357,
              13.0024646
            ],
            [
              80.2630471,
              13.0024737
            ],
            [
              80.2630522,
              13.0025205
            ]
          ]
        ]
      }
    },
    {
      "type": "Feature",
      "properties": {
        "osm_id": "356215903",
        "layer": "building",
        "building": "yes"
      },
      "geometry": {
        "type": "Polygon",
        "coordinates": [
          [
            [
              80.2627678,
              13.0029369
            ],
            [
              80.2627744,
              13.0027991
            ],
            [
              80.2627042,
              13.0027959
            ],
            [
              80.2626975,
              13.0029337
            ],
            [
              80.2627678,
              13.0029369
            ]
          ]
        ]
      }
    },
    {
      "type": "Feature",
      "properties": {
        "osm_id": "356215914",
        "layer": "building",
        "building": "yes"
      },
      "geometry": {
        "type": "Polygon",
        "coordinates": [
          [
            [
              80.2632826,
              13.0025603
            ],
            [
              80.2632786,
              13.002485
            ],
            [
              80.2632161,
              13.0024882
            ],
            [
              80.2632201,
              13.0025634
            ],
            [
              80.2632826,
              13.0025603
            ]
          ]
        ]
      }
    },
    {
      "type": "Feature",
      "properties": {
        "osm_id": "357067063",
        "layer": "building",
        "building": "yes"
      },
      "geometry": {
        "type": "Polygon",
        "coordinates": [
          [
            [
              80.2534263,
              13.0033904
            ],
            [
              80.2535041,
              13.0033937
            ],
            [
              80.2535113,
              13.0032318
            ],
            [
              80.2534335,
              13.0032285
            ],
            [
              80.2534263,
              13.0033904
            ]
          ]
        ]
      }
    },
    {
      "type": "Feature",
      "properties": {
        "osm_id": "357067069",
        "layer": "building",
        "building": "yes"
      },
      "geometry": {
        "type": "Polygon",
        "coordinates": [
          [
            [
              80.2623248,
              13.0033253
            ],
            [
              80.2624087,
              13.0033278
            ],
            [
              80.2624151,
              13.0031239
            ],
            [
              80.2623313,
              13.0031214
            ],
            [
              80.2623248,
              13.0033253
            ]
          ]
        ]
      }
    },
    {
      "type": "Feature",
      "properties": {
        "osm_id": "357067071",
        "layer": "building",
        "building": "yes"
      },
      "geometry": {
        "type": "Polygon",
        "coordinates": [
          [
            [
              80.2560694,
              13.0031897
            ],
            [
              80.2562851,
              13.003169
            ],
            [
              80.2562792,
              13.00311
            ],
            [
              80.2560634,
              13.0031307
            ],
            [
              80.2560694,
              13.0031897
            ]
          ]
        ]
      }
    },
    {
      "type": "Feature",
      "properties": {
        "osm_id": "357067078",
        "layer": "building",
        "building": "yes"
      },
      "geometry": {
        "type": "Polygon",
        "coordinates": [
          [
            [
              80.2531604,
              13.0033799
            ],
            [
              80.2532538,
              13.0033805
            ],
            [
              80.2532549,
              13.0032277
            ],
            [
              80.2531615,
              13.0032271
            ],
            [
              80.2531604,
              13.0033799
            ]
          ]
        ]
      }
    },
    {
      "type": "Feature",
      "properties": {
        "osm_id": "357067081",
        "layer": "building",
        "building": "yes"
      },
      "geometry": {
        "type": "Polygon",
        "coordinates": [
          [
            [
              80.2559231,
              13.0035283
            ],
            [
              80.2560844,
              13.0035296
            ],
            [
              80.256087,
              13.0032153
            ],
            [
              80.2559258,
              13.003214
            ],
            [
              80.2559231,
              13.0035283
            ]
          ]
        ]
      }
    },
    {
      "type": "Feature",
      "properties": {
        "osm_id": "357067083",
        "layer": "building",
        "building": "yes"
      },
      "geometry": {
        "type": "Polygon",
        "coordinates": [
          [
            [
              80.2530435,
              13.0033934
            ],
            [
              80.2531306,
              13.003394
            ],
            [
              80.2531319,
              13.0032088
            ],
            [
              80.2530448,
              13.0032082
            ],
            [
              80.2530435,
              13.0033934
            ]
          ]
        ]
      }
    },
    {
      "type": "Feature",
      "properties": {
        "osm_id": "357067085",
        "layer": "building",
        "building": "yes"
      },
      "geometry": {
        "type": "Polygon",
        "coordinates": [
          [
            [
              80.2527994,
              13.0033876
            ],
            [
              80.2528709,
              13.0033881
            ],
            [
              80.2528722,
              13.0032145
            ],
            [
              80.2528007,
              13.003214
            ],
            [
              80.2527994,
              13.0033876
            ]
          ]
        ]
      }
    },
    {
      "type": "Feature",
      "properties": {
        "osm_id": "357067091",
        "layer": "building",
        "building": "yes"
      },
      "geometry": {
        "type": "Polygon",
        "coordinates": [
          [
            [
              80.2558011,
              13.0035514
            ],
            [
              80.2558647,
              13.0035519
            ],
            [
              80.2558669,
              13.0032807
            ],
            [
              80.2558033,
              13.0032802
            ],
            [
              80.2558011,
              13.0035514
            ]
          ]
        ]
      }
    },
    {
      "type": "Feature",
      "properties": {
        "osm_id": "357067093",
        "layer": "building",
        "building": "yes"
      },
      "geometry": {
        "type": "Polygon",
        "coordinates": [
          [
            [
              80.2524737,
              13.0033896
            ],
            [
              80.2525736,
              13.0033903
            ],
            [
              80.2525749,
              13.0032221
            ],
            [
              80.252475,
              13.0032214
            ],
            [
              80.2524737,
              13.0033896
            ]
          ]
        ]
      }
    },
    {
      "type": "Feature",
      "properties": {
        "osm_id": "357067096",
        "layer": "building",
        "building": "yes"
      },
      "geometry": {
        "type": "Polygon",
        "coordinates": [
          [
            [
              80.2556844,
              13.0035167
            ],
            [
              80.2557761,
              13.0035175
            ],
            [
              80.2557785,
              13.0032276
            ],
            [
              80.2556868,
              13.0032268
            ],
            [
              80.2556844,
              13.0035167
            ]
          ]
        ]
      }
    },
    {
      "type": "Feature",
      "properties": {
        "osm_id": "357067101",
        "layer": "building",
        "building": "yes"
      },
      "geometry": {
        "type": "Polygon",
        "coordinates": [
          [
            [
              80.2543315,
              13.0033181
            ],
            [
              80.2545177,
              13.0033136
            ],
            [
              80.2545154,
              13.0032203
            ],
            [
              80.2543291,
              13.0032248
            ],
            [
              80.2543315,
              13.0033181
            ]
          ]
        ]
      }
    },
    {
      "type": "Feature",
      "properties": {
        "osm_id": "357067111",
        "layer": "building",
        "building": "yes"
      },
      "geometry": {
        "type": "Polygon",
        "coordinates": [
          [
            [
              80.2541129,
              13.0034037
            ],
            [
              80.2542047,
              13.0034076
            ],
            [
              80.2542133,
              13.0032156
            ],
            [
              80.2541214,
              13.0032117
            ],
            [
              80.2541129,
              13.0034037
            ]
          ]
        ]
      }
    },
    {
      "type": "Feature",
      "properties": {
        "osm_id": "357067113",
        "layer": "building",
        "building": "yes"
      },
      "geometry": {
        "type": "Polygon",
        "coordinates": [
          [
            [
              80.2537678,
              13.0033581
            ],
            [
              80.2538405,
              13.0033611
            ],
            [
              80.2538471,
              13.0032136
            ],
            [
              80.2537743,
              13.0032106
            ],
            [
              80.2537678,
              13.0033581
            ]
          ]
        ]
      }
    },
    {
      "type": "Feature",
      "properties": {
        "osm_id": "357067127",
        "layer": "building",
        "building": "yes"
      },
      "geometry": {
        "type": "Polygon",
        "coordinates": [
          [
            [
              80.2536456,
              13.0033983
            ],
            [
              80.2537404,
              13.0034023
            ],
            [
              80.2537492,
              13.0032044
            ],
            [
              80.2536544,
              13.0032004
            ],
            [
              80.2536456,
              13.0033983
            ]
          ]
        ]
      }
    },
    {
      "type": "Feature",
      "properties": {
        "osm_id": "357067132",
        "layer": "building",
        "building": "yes"
      },
      "geometry": {
        "type": "Polygon",
        "coordinates": [
          [
            [
              80.2535338,
              13.0033437
            ],
            [
              80.2535963,
              13.0033464
            ],
            [
              80.253603,
              13.0031974
            ],
            [
              80.2535404,
              13.0031948
            ],
            [
              80.2535338,
              13.0033437
            ]
          ]
        ]
      }
    },
    {
      "type": "Feature",
      "properties": {
        "osm_id": "357067136",
        "layer": "building",
        "building": "yes"
      },
      "geometry": {
        "type": "Polygon",
        "coordinates": [
          [
            [
              80.2623156,
              13.0033217
            ],
            [
              80.2623165,
              13.0031268
            ],
            [
              80.2622327,
              13.0031264
            ],
            [
              80.2622318,
              13.0033213
            ],
            [
              80.2623156,
              13.0033217
            ]
          ]
        ]
      }
    },
    {
      "type": "Feature",
      "properties": {
        "osm_id": "364295311",
        "layer": "building",
        "building": "yes"
      },
      "geometry": {
        "type": "Polygon",
        "coordinates": [
          [
            [
              80.2541606,
              13.0046605
            ],
            [
              80.2544322,
              13.0046515
            ],
            [
              80.2544214,
              13.0043453
            ],
            [
              80.2542617,
              13.0043506
            ],
            [
              80.2542647,
              13.004435
            ],
            [
              80.2543451,
              13.0044323
            ],
            [
              80.2543502,
              13.0045758
            ],
            [
              80.2542379,
              13.0045795
            ],
            [
              80.2542299,
              13.0043517
            ],
            [
              80.2541499,
              13.0043544
            ],
            [
              80.2541606,
              13.0046605
            ]
          ]
        ]
      }
    },
    {
      "type": "Feature",
      "properties": {
        "osm_id": "364368251",
        "layer": "building",
        "building": "yes"
      },
      "geometry": {
        "type": "Polygon",
        "coordinates": [
          [
            [
              80.2581319,
              13.0025536
            ],
            [
              80.2582279,
              13.0025513
            ],
            [
              80.258225,
              13.002433
            ],
            [
              80.2581289,
              13.0024353
            ],
            [
              80.2581319,
              13.0025536
            ]
          ]
        ]
      }
    },
    {
      "type": "Feature",
      "properties": {
        "osm_id": "364452508",
        "layer": "building",
        "building": "yes"
      },
      "geometry": {
        "type": "Polygon",
        "coordinates": [
          [
            [
              80.2584345,
              13.0025466
            ],
            [
              80.2585634,
              13.0025436
            ],
            [
              80.2585588,
              13.0023522
            ],
            [
              80.2584299,
              13.0023551
            ],
            [
              80.2584345,
              13.0025466
            ]
          ]
        ]
      }
    },
    {
      "type": "Feature",
      "properties": {
        "osm_id": "364452535",
        "layer": "building",
        "building": "yes"
      },
      "geometry": {
        "type": "Polygon",
        "coordinates": [
          [
            [
              80.2571327,
              13.0029272
            ],
            [
              80.2572507,
              13.0029154
            ],
            [
              80.2572381,
              13.0027961
            ],
            [
              80.2571202,
              13.0028079
            ],
            [
              80.2571327,
              13.0029272
            ]
          ]
        ]
      }
    },
    {
      "type": "Feature",
      "properties": {
        "osm_id": "364452547",
        "layer": "building",
        "building": "yes"
      },
      "geometry": {
        "type": "Polygon",
        "coordinates": [
          [
            [
              80.256936,
              13.0029481
            ],
            [
              80.2570945,
              13.0029253
            ],
            [
              80.2570823,
              13.0028444
            ],
            [
              80.2569238,
              13.0028671
            ],
            [
              80.256936,
              13.0029481
            ]
          ]
        ]
      }
    },
    {
      "type": "Feature",
      "properties": {
        "osm_id": "364452563",
        "layer": "building",
        "building": "yes"
      },
      "geometry": {
        "type": "Polygon",
        "coordinates": [
          [
            [
              80.2553439,
              13.0029546
            ],
            [
              80.2554222,
              13.0029505
            ],
            [
              80.2554172,
              13.0028596
            ],
            [
              80.2553389,
              13.0028637
            ],
            [
              80.2553439,
              13.0029546
            ]
          ]
        ]
      }
    },
    {
      "type": "Feature",
      "properties": {
        "osm_id": "364452607",
        "layer": "building",
        "building": "yes"
      },
      "geometry": {
        "type": "Polygon",
        "coordinates": [
          [
            [
              80.2588244,
              13.0028245
            ],
            [
              80.2589437,
              13.0028225
            ],
            [
              80.2589417,
              13.0027034
            ],
            [
              80.2588223,
              13.0027053
            ],
            [
              80.2588244,
              13.0028245
            ]
          ]
        ]
      }
    },
    {
      "type": "Feature",
      "properties": {
        "osm_id": "364452625",
        "layer": "building",
        "building": "yes"
      },
      "geometry": {
        "type": "Polygon",
        "coordinates": [
          [
            [
              80.2565023,
              13.0027877
            ],
            [
              80.2565806,
              13.0027763
            ],
            [
              80.2565683,
              13.0026955
            ],
            [
              80.2564899,
              13.0027069
            ],
            [
              80.2565023,
              13.0027877
            ]
          ]
        ]
      }
    },
    {
      "type": "Feature",
      "properties": {
        "osm_id": "364452673",
        "layer": "building",
        "building": "yes"
      },
      "geometry": {
        "type": "Polygon",
        "coordinates": [
          [
            [
              80.2597017,
              13.002826
            ],
            [
              80.2597926,
              13.0028287
            ],
            [
              80.2597959,
              13.0027241
            ],
            [
              80.259705,
              13.0027214
            ],
            [
              80.2597017,
              13.002826
            ]
          ]
        ]
      }
    },
    {
      "type": "Feature",
      "properties": {
        "osm_id": "364452681",
        "layer": "building",
        "building": "yes"
      },
      "geometry": {
        "type": "Polygon",
        "coordinates": [
          [
            [
              80.2554037,
              13.0032395
            ],
            [
              80.2555268,
              13.0032236
            ],
            [
              80.2555126,
              13.0031193
            ],
            [
              80.2553895,
              13.0031352
            ],
            [
              80.2554037,
              13.0032395
            ]
          ]
        ]
      }
    },
    {
      "type": "Feature",
      "properties": {
        "osm_id": "364452752",
        "layer": "building",
        "building": "yes"
      },
      "geometry": {
        "type": "Polygon",
        "coordinates": [
          [
            [
              80.2583094,
              13.0025515
            ],
            [
              80.2584188,
              13.0025477
            ],
            [
              80.2584146,
              13.0024324
            ],
            [
              80.2583051,
              13.0024363
            ],
            [
              80.2583094,
              13.0025515
            ]
          ]
        ]
      }
    },
    {
      "type": "Feature",
      "properties": {
        "osm_id": "364452784",
        "layer": "building",
        "building": "yes"
      },
      "geometry": {
        "type": "Polygon",
        "coordinates": [
          [
            [
              80.2568884,
              13.0028568
            ],
            [
              80.257087,
              13.0028349
            ],
            [
              80.2570762,
              13.0027414
            ],
            [
              80.2568776,
              13.0027632
            ],
            [
              80.2568884,
              13.0028568
            ]
          ]
        ]
      }
    },
    {
      "type": "Feature",
      "properties": {
        "osm_id": "364452824",
        "layer": "building",
        "building": "yes"
      },
      "geometry": {
        "type": "Polygon",
        "coordinates": [
          [
            [
              80.2550473,
              13.0027738
            ],
            [
              80.2551225,
              13.0027725
            ],
            [
              80.2551202,
              13.0026503
            ],
            [
              80.255045,
              13.0026516
            ],
            [
              80.2550473,
              13.0027738
            ]
          ]
        ]
      }
    },
    {
      "type": "Feature",
      "properties": {
        "osm_id": "364452866",
        "layer": "building",
        "building": "yes"
      },
      "geometry": {
        "type": "Polygon",
        "coordinates": [
          [
            [
              80.2585887,
              13.0025481
            ],
            [
              80.258723,
              13.0025431
            ],
            [
              80.2587109,
              13.0022342
            ],
            [
              80.2585766,
              13.0022392
            ],
            [
              80.2585887,
              13.0025481
            ]
          ]
        ]
      }
    },
    {
      "type": "Feature",
      "properties": {
        "osm_id": "364452880",
        "layer": "building",
        "building": "yes"
      },
      "geometry": {
        "type": "Polygon",
        "coordinates": [
          [
            [
              80.2594867,
              13.0027281
            ],
            [
              80.2595968,
              13.0027267
            ],
            [
              80.2595952,
              13.0026094
            ],
            [
              80.2594852,
              13.0026107
            ],
            [
              80.2594867,
              13.0027281
            ]
          ]
        ]
      }
    },
    {
      "type": "Feature",
      "properties": {
        "osm_id": "364452900",
        "layer": "building",
        "building": "yes"
      },
      "geometry": {
        "type": "Polygon",
        "coordinates": [
          [
            [
              80.2587451,
              13.00254
            ],
            [
              80.258869,
              13.0025406
            ],
            [
              80.2588695,
              13.0024552
            ],
            [
              80.2587455,
              13.0024546
            ],
            [
              80.2587451,
              13.00254
            ]
          ]
        ]
      }
    },
    {
      "type": "Feature",
      "properties": {
        "osm_id": "364453008",
        "layer": "building",
        "building": "yes"
      },
      "geometry": {
        "type": "Polygon",
        "coordinates": [
          [
            [
              80.2563705,
              13.002697
            ],
            [
              80.2564363,
              13.0026905
            ],
            [
              80.2564231,
              13.0025654
            ],
            [
              80.2565127,
              13.0025564
            ],
            [
              80.2565082,
              13.0025134
            ],
            [
              80.2563528,
              13.002529
            ],
            [
              80.2563705,
              13.002697
            ]
          ]
        ]
      }
    },
    {
      "type": "Feature",
      "properties": {
        "osm_id": "368936726",
        "layer": "building",
        "building": "yes"
      },
      "geometry": {
        "type": "Polygon",
        "coordinates": [
          [
            [
              80.2527253,
              13.0059291
            ],
            [
              80.2528503,
              13.0059301
            ],
            [
              80.252851,
              13.0058497
            ],
            [
              80.252726,
              13.0058487
            ],
            [
              80.2527253,
              13.0059291
            ]
          ]
        ]
      }
    },
    {
      "type": "Feature",
      "properties": {
        "osm_id": "368937299",
        "layer": "building",
        "building": "yes"
      },
      "geometry": {
        "type": "Polygon",
        "coordinates": [
          [
            [
              80.2539345,
              13.0041327
            ],
            [
              80.2540274,
              13.0041323
            ],
            [
              80.254027,
              13.0040566
            ],
            [
              80.2539342,
              13.004057
            ],
            [
              80.2539345,
              13.0041327
            ]
          ]
        ]
      }
    },
    {
      "type": "Feature",
      "properties": {
        "osm_id": "368938575",
        "layer": "building",
        "building": "yes"
      },
      "geometry": {
        "type": "Polygon",
        "coordinates": [
          [
            [
              80.2609712,
              13.00581
            ],
            [
              80.2610821,
              13.0058123
            ],
            [
              80.2610848,
              13.0056845
            ],
            [
              80.260974,
              13.0056822
            ],
            [
              80.2609712,
              13.00581
            ]
          ]
        ]
      }
    },
    {
      "type": "Feature",
      "properties": {
        "osm_id": "368938576",
        "layer": "building",
        "building": "yes"
      },
      "geometry": {
        "type": "Polygon",
        "coordinates": [
          [
            [
              80.2609983,
              13.0051934
            ],
            [
              80.2610858,
              13.0051953
            ],
            [
              80.2610875,
              13.0051188
            ],
            [
              80.261,
              13.005117
            ],
            [
              80.2609983,
              13.0051934
            ]
          ]
        ]
      }
    },
    {
      "type": "Feature",
      "properties": {
        "osm_id": "368938577",
        "layer": "building",
        "building": "yes"
      },
      "geometry": {
        "type": "Polygon",
        "coordinates": [
          [
            [
              80.2609845,
              13.0052726
            ],
            [
              80.2610868,
              13.0052747
            ],
            [
              80.2610882,
              13.0052128
            ],
            [
              80.2609858,
              13.0052106
            ],
            [
              80.2609845,
              13.0052726
            ]
          ]
        ]
      }
    },
    {
      "type": "Feature",
      "properties": {
        "osm_id": "368938578",
        "layer": "building",
        "building": "yes"
      },
      "geometry": {
        "type": "Polygon",
        "coordinates": [
          [
            [
              80.2626577,
              13.0038913
            ],
            [
              80.2627753,
              13.0038913
            ],
            [
              80.2627753,
              13.0037587
            ],
            [
              80.2626577,
              13.0037587
            ],
            [
              80.2626577,
              13.0038913
            ]
          ]
        ]
      }
    },
    {
      "type": "Feature",
      "properties": {
        "osm_id": "368938579",
        "layer": "building",
        "building": "yes"
      },
      "geometry": {
        "type": "Polygon",
        "coordinates": [
          [
            [
              80.2608427,
              13.0045979
            ],
            [
              80.2609629,
              13.0045979
            ],
            [
              80.2609629,
              13.0044898
            ],
            [
              80.2608427,
              13.0044898
            ],
            [
              80.2608427,
              13.0045979
            ]
          ]
        ]
      }
    },
    {
      "type": "Feature",
      "properties": {
        "osm_id": "368938580",
        "layer": "building",
        "building": "yes"
      },
      "geometry": {
        "type": "Polygon",
        "coordinates": [
          [
            [
              80.2609002,
              13.0069476
            ],
            [
              80.2610403,
              13.0069457
            ],
            [
              80.2610396,
              13.006893
            ],
            [
              80.2608995,
              13.0068949
            ],
            [
              80.2609002,
              13.0069476
            ]
          ]
        ]
      }
    },
    {
      "type": "Feature",
      "properties": {
        "osm_id": "368938581",
        "layer": "building",
        "building": "yes"
      },
      "geometry": {
        "type": "Polygon",
        "coordinates": [
          [
            [
              80.2620465,
              13.0044959
            ],
            [
              80.2621924,
              13.0044946
            ],
            [
              80.2621914,
              13.004395
            ],
            [
              80.2620455,
              13.0043964
            ],
            [
              80.2620465,
              13.0044959
            ]
          ]
        ]
      }
    },
    {
      "type": "Feature",
      "properties": {
        "osm_id": "368938583",
        "layer": "building",
        "building": "yes"
      },
      "geometry": {
        "type": "Polygon",
        "coordinates": [
          [
            [
              80.2623076,
              13.0041051
            ],
            [
              80.2624899,
              13.0040845
            ],
            [
              80.2624783,
              13.0039866
            ],
            [
              80.262296,
              13.0040072
            ],
            [
              80.2623076,
              13.0041051
            ]
          ]
        ]
      }
    },
    {
      "type": "Feature",
      "properties": {
        "osm_id": "368938584",
        "layer": "building",
        "building": "yes"
      },
      "geometry": {
        "type": "Polygon",
        "coordinates": [
          [
            [
              80.2607196,
              13.0050673
            ],
            [
              80.2608352,
              13.0050697
            ],
            [
              80.2608378,
              13.0049515
            ],
            [
              80.2607222,
              13.0049491
            ],
            [
              80.2607196,
              13.0050673
            ]
          ]
        ]
      }
    },
    {
      "type": "Feature",
      "properties": {
        "osm_id": "368938586",
        "layer": "building",
        "building": "yes"
      },
      "geometry": {
        "type": "Polygon",
        "coordinates": [
          [
            [
              80.2613386,
              13.0054726
            ],
            [
              80.2614687,
              13.0054738
            ],
            [
              80.2614694,
              13.0053983
            ],
            [
              80.2613393,
              13.0053971
            ],
            [
              80.2613386,
              13.0054726
            ]
          ]
        ]
      }
    },
    {
      "type": "Feature",
      "properties": {
        "osm_id": "368938587",
        "layer": "building",
        "building": "yes"
      },
      "geometry": {
        "type": "Polygon",
        "coordinates": [
          [
            [
              80.2606882,
              13.0065972
            ],
            [
              80.260775,
              13.006599
            ],
            [
              80.2607776,
              13.0064826
            ],
            [
              80.2606907,
              13.0064808
            ],
            [
              80.2606882,
              13.0065972
            ]
          ]
        ]
      }
    },
    {
      "type": "Feature",
      "properties": {
        "osm_id": "368938588",
        "layer": "building",
        "building": "yes"
      },
      "geometry": {
        "type": "Polygon",
        "coordinates": [
          [
            [
              80.2613846,
              13.0052809
            ],
            [
              80.2614894,
              13.0052818
            ],
            [
              80.2614906,
              13.0051609
            ],
            [
              80.2613858,
              13.0051599
            ],
            [
              80.2613846,
              13.0052809
            ]
          ]
        ]
      }
    },
    {
      "type": "Feature",
      "properties": {
        "osm_id": "368938589",
        "layer": "building",
        "building": "yes"
      },
      "geometry": {
        "type": "Polygon",
        "coordinates": [
          [
            [
              80.2610879,
              13.0067892
            ],
            [
              80.2612654,
              13.0067856
            ],
            [
              80.2612634,
              13.0066918
            ],
            [
              80.2610859,
              13.0066955
            ],
            [
              80.2610879,
              13.0067892
            ]
          ]
        ]
      }
    },
    {
      "type": "Feature",
      "properties": {
        "osm_id": "368938590",
        "layer": "building",
        "building": "yes"
      },
      "geometry": {
        "type": "Polygon",
        "coordinates": [
          [
            [
              80.2617453,
              13.0057315
            ],
            [
              80.2618376,
              13.0057334
            ],
            [
              80.2618405,
              13.0056008
            ],
            [
              80.2617482,
              13.0055989
            ],
            [
              80.2617453,
              13.0057315
            ]
          ]
        ]
      }
    },
    {
      "type": "Feature",
      "properties": {
        "osm_id": "368938591",
        "layer": "building",
        "building": "yes"
      },
      "geometry": {
        "type": "Polygon",
        "coordinates": [
          [
            [
              80.2620647,
              13.0049384
            ],
            [
              80.2621559,
              13.0049384
            ],
            [
              80.2621559,
              13.0048032
            ],
            [
              80.2620647,
              13.0048032
            ],
            [
              80.2620647,
              13.0049384
            ]
          ]
        ]
      }
    },
    {
      "type": "Feature",
      "properties": {
        "osm_id": "368938592",
        "layer": "building",
        "building": "yes"
      },
      "geometry": {
        "type": "Polygon",
        "coordinates": [
          [
            [
              80.2608457,
              13.005068
            ],
            [
              80.2609827,
              13.0050708
            ],
            [
              80.2609851,
              13.0049605
            ],
            [
              80.2608482,
              13.0049576
            ],
            [
              80.2608457,
              13.005068
            ]
          ]
        ]
      }
    },
    {
      "type": "Feature",
      "properties": {
        "osm_id": "368938593",
        "layer": "building",
        "building": "yes"
      },
      "geometry": {
        "type": "Polygon",
        "coordinates": [
          [
            [
              80.2618047,
              13.00593
            ],
            [
              80.2619336,
              13.0059326
            ],
            [
              80.2619373,
              13.0057598
            ],
            [
              80.2618085,
              13.0057571
            ],
            [
              80.2618047,
              13.00593
            ]
          ]
        ]
      }
    },
    {
      "type": "Feature",
      "properties": {
        "osm_id": "368938594",
        "layer": "building",
        "building": "yes"
      },
      "geometry": {
        "type": "Polygon",
        "coordinates": [
          [
            [
              80.2609039,
              13.0068802
            ],
            [
              80.2610384,
              13.0068829
            ],
            [
              80.2610402,
              13.0068011
            ],
            [
              80.2609057,
              13.0067983
            ],
            [
              80.2609039,
              13.0068802
            ]
          ]
        ]
      }
    },
    {
      "type": "Feature",
      "properties": {
        "osm_id": "368938595",
        "layer": "building",
        "building": "yes"
      },
      "geometry": {
        "type": "Polygon",
        "coordinates": [
          [
            [
              80.2614059,
              13.0057366
            ],
            [
              80.2615109,
              13.0057388
            ],
            [
              80.2615142,
              13.0055899
            ],
            [
              80.2614091,
              13.0055877
            ],
            [
              80.2614059,
              13.0057366
            ]
          ]
        ]
      }
    },
    {
      "type": "Feature",
      "properties": {
        "osm_id": "368938596",
        "layer": "building",
        "building": "yes"
      },
      "geometry": {
        "type": "Polygon",
        "coordinates": [
          [
            [
              80.2611978,
              13.0050634
            ],
            [
              80.2612928,
              13.0050654
            ],
            [
              80.2612955,
              13.0049386
            ],
            [
              80.2612006,
              13.0049366
            ],
            [
              80.2611978,
              13.0050634
            ]
          ]
        ]
      }
    },
    {
      "type": "Feature",
      "properties": {
        "osm_id": "368938597",
        "layer": "building",
        "building": "yes"
      },
      "geometry": {
        "type": "Polygon",
        "coordinates": [
          [
            [
              80.2609772,
              13.0053614
            ],
            [
              80.2611016,
              13.005364
            ],
            [
              80.2611033,
              13.0052848
            ],
            [
              80.2609789,
              13.0052823
            ],
            [
              80.2609772,
              13.0053614
            ]
          ]
        ]
      }
    },
    {
      "type": "Feature",
      "properties": {
        "osm_id": "368938598",
        "layer": "building",
        "building": "yes"
      },
      "geometry": {
        "type": "Polygon",
        "coordinates": [
          [
            [
              80.2610023,
              13.0055989
            ],
            [
              80.2611045,
              13.005601
            ],
            [
              80.261106,
              13.0055352
            ],
            [
              80.2610037,
              13.0055331
            ],
            [
              80.2610023,
              13.0055989
            ]
          ]
        ]
      }
    },
    {
      "type": "Feature",
      "properties": {
        "osm_id": "368938599",
        "layer": "building",
        "building": "yes"
      },
      "geometry": {
        "type": "Polygon",
        "coordinates": [
          [
            [
              80.2610029,
              13.0055275
            ],
            [
              80.2610952,
              13.0055294
            ],
            [
              80.2610967,
              13.0054586
            ],
            [
              80.2610045,
              13.0054567
            ],
            [
              80.2610029,
              13.0055275
            ]
          ]
        ]
      }
    },
    {
      "type": "Feature",
      "properties": {
        "osm_id": "368938600",
        "layer": "building",
        "building": "yes"
      },
      "geometry": {
        "type": "Polygon",
        "coordinates": [
          [
            [
              80.2615274,
              13.0057373
            ],
            [
              80.2616245,
              13.0057393
            ],
            [
              80.2616278,
              13.0055892
            ],
            [
              80.2615307,
              13.0055872
            ],
            [
              80.2615274,
              13.0057373
            ]
          ]
        ]
      }
    },
    {
      "type": "Feature",
      "properties": {
        "osm_id": "368938601",
        "layer": "building",
        "building": "yes"
      },
      "geometry": {
        "type": "Polygon",
        "coordinates": [
          [
            [
              80.2592174,
              13.00404
            ],
            [
              80.2592959,
              13.00404
            ],
            [
              80.2592959,
              13.003938
            ],
            [
              80.2592174,
              13.003938
            ],
            [
              80.2592174,
              13.00404
            ]
          ]
        ]
      }
    },
    {
      "type": "Feature",
      "properties": {
        "osm_id": "368938602",
        "layer": "building",
        "building": "yes"
      },
      "geometry": {
        "type": "Polygon",
        "coordinates": [
          [
            [
              80.2609891,
              13.0054425
            ],
            [
              80.2610986,
              13.0054448
            ],
            [
              80.2611,
              13.0053769
            ],
            [
              80.2609906,
              13.0053746
            ],
            [
              80.2609891,
              13.0054425
            ]
          ]
        ]
      }
    },
    {
      "type": "Feature",
      "properties": {
        "osm_id": "368938603",
        "layer": "building",
        "building": "yes"
      },
      "geometry": {
        "type": "Polygon",
        "coordinates": [
          [
            [
              80.2619484,
              13.0046913
            ],
            [
              80.2620213,
              13.0046906
            ],
            [
              80.2620203,
              13.0045857
            ],
            [
              80.2619474,
              13.0045864
            ],
            [
              80.2619484,
              13.0046913
            ]
          ]
        ]
      }
    },
    {
      "type": "Feature",
      "properties": {
        "osm_id": "368938604",
        "layer": "building",
        "building": "yes"
      },
      "geometry": {
        "type": "Polygon",
        "coordinates": [
          [
            [
              80.2632909,
              13.0076324
            ],
            [
              80.2633616,
              13.0076536
            ],
            [
              80.2633946,
              13.0075492
            ],
            [
              80.2633239,
              13.007528
            ],
            [
              80.2632909,
              13.0076324
            ]
          ]
        ]
      }
    },
    {
      "type": "Feature",
      "properties": {
        "osm_id": "368938605",
        "layer": "building",
        "building": "yes"
      },
      "geometry": {
        "type": "Polygon",
        "coordinates": [
          [
            [
              80.2625243,
              13.0040869
            ],
            [
              80.262626,
              13.0040869
            ],
            [
              80.262626,
              13.0038745
            ],
            [
              80.2625243,
              13.0038745
            ],
            [
              80.2625243,
              13.0040869
            ]
          ]
        ]
      }
    },
    {
      "type": "Feature",
      "properties": {
        "osm_id": "368938606",
        "layer": "building",
        "building": "yes"
      },
      "geometry": {
        "type": "Polygon",
        "coordinates": [
          [
            [
              80.2592061,
              13.0044787
            ],
            [
              80.2593168,
              13.0044742
            ],
            [
              80.2593126,
              13.0043777
            ],
            [
              80.2592019,
              13.0043823
            ],
            [
              80.2592061,
              13.0044787
            ]
          ]
        ]
      }
    },
    {
      "type": "Feature",
      "properties": {
        "osm_id": "368938607",
        "layer": "building",
        "building": "yes"
      },
      "geometry": {
        "type": "Polygon",
        "coordinates": [
          [
            [
              80.2616486,
              13.0050588
            ],
            [
              80.2617227,
              13.0050604
            ],
            [
              80.2617252,
              13.0049483
            ],
            [
              80.261651,
              13.0049467
            ],
            [
              80.2616486,
              13.0050588
            ]
          ]
        ]
      }
    },
    {
      "type": "Feature",
      "properties": {
        "osm_id": "368938608",
        "layer": "building",
        "building": "yes"
      },
      "geometry": {
        "type": "Polygon",
        "coordinates": [
          [
            [
              80.2620549,
              13.0045079
            ],
            [
              80.2620559,
              13.0046015
            ],
            [
              80.2622064,
              13.0046001
            ],
            [
              80.2622055,
              13.0045065
            ],
            [
              80.2620549,
              13.0045079
            ]
          ]
        ]
      }
    },
    {
      "type": "Feature",
      "properties": {
        "osm_id": "368938609",
        "layer": "building",
        "building": "yes"
      },
      "geometry": {
        "type": "Polygon",
        "coordinates": [
          [
            [
              80.2621671,
              13.004941
            ],
            [
              80.2622741,
              13.004941
            ],
            [
              80.2622741,
              13.0047942
            ],
            [
              80.2621671,
              13.0047942
            ],
            [
              80.2621671,
              13.004941
            ]
          ]
        ]
      }
    },
    {
      "type": "Feature",
      "properties": {
        "osm_id": "368938610",
        "layer": "building",
        "building": "yes"
      },
      "geometry": {
        "type": "Polygon",
        "coordinates": [
          [
            [
              80.2595159,
              13.0034425
            ],
            [
              80.2595963,
              13.0034425
            ],
            [
              80.2595963,
              13.0033865
            ],
            [
              80.2595159,
              13.0033865
            ],
            [
              80.2595159,
              13.0034425
            ]
          ]
        ]
      }
    },
    {
      "type": "Feature",
      "properties": {
        "osm_id": "368938611",
        "layer": "building",
        "building": "yes"
      },
      "geometry": {
        "type": "Polygon",
        "coordinates": [
          [
            [
              80.2588973,
              13.0046055
            ],
            [
              80.2590165,
              13.0046006
            ],
            [
              80.2590122,
              13.0045027
            ],
            [
              80.2588931,
              13.0045076
            ],
            [
              80.2588973,
              13.0046055
            ]
          ]
        ]
      }
    },
    {
      "type": "Feature",
      "properties": {
        "osm_id": "368938612",
        "layer": "building",
        "building": "yes"
      },
      "geometry": {
        "type": "Polygon",
        "coordinates": [
          [
            [
              80.2620643,
              13.0053162
            ],
            [
              80.2621574,
              13.005317
            ],
            [
              80.2621588,
              13.0051749
            ],
            [
              80.2620656,
              13.0051741
            ],
            [
              80.2620643,
              13.0053162
            ]
          ]
        ]
      }
    },
    {
      "type": "Feature",
      "properties": {
        "osm_id": "368938613",
        "layer": "building",
        "building": "yes"
      },
      "geometry": {
        "type": "Polygon",
        "coordinates": [
          [
            [
              80.2607872,
              13.0066044
            ],
            [
              80.2608759,
              13.0066044
            ],
            [
              80.2608759,
              13.006488
            ],
            [
              80.2607872,
              13.006488
            ],
            [
              80.2607872,
              13.0066044
            ]
          ]
        ]
      }
    },
    {
      "type": "Feature",
      "properties": {
        "osm_id": "368938614",
        "layer": "building",
        "building": "yes"
      },
      "geometry": {
        "type": "Polygon",
        "coordinates": [
          [
            [
              80.2631575,
              13.0075989
            ],
            [
              80.2632823,
              13.0076305
            ],
            [
              80.2633118,
              13.0075196
            ],
            [
              80.263187,
              13.0074881
            ],
            [
              80.2631575,
              13.0075989
            ]
          ]
        ]
      }
    },
    {
      "type": "Feature",
      "properties": {
        "osm_id": "368938615",
        "layer": "building",
        "building": "yes"
      },
      "geometry": {
        "type": "Polygon",
        "coordinates": [
          [
            [
              80.2630082,
              13.0075822
            ],
            [
              80.2631284,
              13.007606
            ],
            [
              80.2631544,
              13.0074813
            ],
            [
              80.2630342,
              13.0074575
            ],
            [
              80.2630082,
              13.0075822
            ]
          ]
        ]
      }
    },
    {
      "type": "Feature",
      "properties": {
        "osm_id": "368938616",
        "layer": "building",
        "building": "yes"
      },
      "geometry": {
        "type": "Polygon",
        "coordinates": [
          [
            [
              80.2619732,
              13.0057353
            ],
            [
              80.2620575,
              13.0057371
            ],
            [
              80.2620604,
              13.0056053
            ],
            [
              80.2619761,
              13.0056036
            ],
            [
              80.2619732,
              13.0057353
            ]
          ]
        ]
      }
    },
    {
      "type": "Feature",
      "properties": {
        "osm_id": "368938617",
        "layer": "building",
        "building": "yes"
      },
      "geometry": {
        "type": "Polygon",
        "coordinates": [
          [
            [
              80.2607146,
              13.0043217
            ],
            [
              80.2608053,
              13.0043235
            ],
            [
              80.2608084,
              13.0041827
            ],
            [
              80.2607177,
              13.0041808
            ],
            [
              80.2607146,
              13.0043217
            ]
          ]
        ]
      }
    },
    {
      "type": "Feature",
      "properties": {
        "osm_id": "368938618",
        "layer": "building",
        "building": "yes"
      },
      "geometry": {
        "type": "Polygon",
        "coordinates": [
          [
            [
              80.2617318,
              13.0054801
            ],
            [
              80.2618417,
              13.0054811
            ],
            [
              80.261843,
              13.0053368
            ],
            [
              80.2617331,
              13.0053358
            ],
            [
              80.2617318,
              13.0054801
            ]
          ]
        ]
      }
    },
    {
      "type": "Feature",
      "properties": {
        "osm_id": "368938619",
        "layer": "building",
        "building": "yes"
      },
      "geometry": {
        "type": "Polygon",
        "coordinates": [
          [
            [
              80.2608523,
              13.0044288
            ],
            [
              80.2609419,
              13.0044307
            ],
            [
              80.2609441,
              13.004331
            ],
            [
              80.2608545,
              13.0043291
            ],
            [
              80.2608523,
              13.0044288
            ]
          ]
        ]
      }
    },
    {
      "type": "Feature",
      "properties": {
        "osm_id": "368938620",
        "layer": "building",
        "building": "yes"
      },
      "geometry": {
        "type": "Polygon",
        "coordinates": [
          [
            [
              80.2621736,
              13.0053171
            ],
            [
              80.2622742,
              13.0053181
            ],
            [
              80.2622755,
              13.0051767
            ],
            [
              80.2621749,
              13.0051758
            ],
            [
              80.2621736,
              13.0053171
            ]
          ]
        ]
      }
    },
    {
      "type": "Feature",
      "properties": {
        "osm_id": "368938621",
        "layer": "building",
        "building": "yes"
      },
      "geometry": {
        "type": "Polygon",
        "coordinates": [
          [
            [
              80.2612163,
              13.0059104
            ],
            [
              80.2613248,
              13.0059126
            ],
            [
              80.2613279,
              13.0057701
            ],
            [
              80.2612194,
              13.0057678
            ],
            [
              80.2612163,
              13.0059104
            ]
          ]
        ]
      }
    },
    {
      "type": "Feature",
      "properties": {
        "osm_id": "368938622",
        "layer": "building",
        "building": "yes"
      },
      "geometry": {
        "type": "Polygon",
        "coordinates": [
          [
            [
              80.2610848,
              13.0059297
            ],
            [
              80.2611915,
              13.0059319
            ],
            [
              80.2611952,
              13.0057656
            ],
            [
              80.2610885,
              13.0057634
            ],
            [
              80.2610848,
              13.0059297
            ]
          ]
        ]
      }
    },
    {
      "type": "Feature",
      "properties": {
        "osm_id": "368938623",
        "layer": "building",
        "building": "yes"
      },
      "geometry": {
        "type": "Polygon",
        "coordinates": [
          [
            [
              80.2621985,
              13.0057282
            ],
            [
              80.2622911,
              13.0057302
            ],
            [
              80.2622936,
              13.0056176
            ],
            [
              80.2622009,
              13.0056156
            ],
            [
              80.2621985,
              13.0057282
            ]
          ]
        ]
      }
    },
    {
      "type": "Feature",
      "properties": {
        "osm_id": "368938624",
        "layer": "building",
        "building": "yes"
      },
      "geometry": {
        "type": "Polygon",
        "coordinates": [
          [
            [
              80.2611126,
              13.0052559
            ],
            [
              80.2612201,
              13.0052581
            ],
            [
              80.2612229,
              13.0051323
            ],
            [
              80.2611153,
              13.0051301
            ],
            [
              80.2611126,
              13.0052559
            ]
          ]
        ]
      }
    },
    {
      "type": "Feature",
      "properties": {
        "osm_id": "368940093",
        "layer": "building",
        "building": "yes"
      },
      "geometry": {
        "type": "Polygon",
        "coordinates": [
          [
            [
              80.2611743,
              13.0066757
            ],
            [
              80.2612467,
              13.0066739
            ],
            [
              80.2612443,
              13.0065809
            ],
            [
              80.2611719,
              13.0065828
            ],
            [
              80.2611743,
              13.0066757
            ]
          ]
        ]
      }
    },
    {
      "type": "Feature",
      "properties": {
        "osm_id": "368940094",
        "layer": "building",
        "building": "yes"
      },
      "geometry": {
        "type": "Polygon",
        "coordinates": [
          [
            [
              80.2610683,
              13.0066812
            ],
            [
              80.2611687,
              13.0066766
            ],
            [
              80.2611644,
              13.0065853
            ],
            [
              80.2610639,
              13.0065899
            ],
            [
              80.2610683,
              13.0066812
            ]
          ]
        ]
      }
    },
    {
      "type": "Feature",
      "properties": {
        "osm_id": "368940095",
        "layer": "building",
        "building": "yes"
      },
      "geometry": {
        "type": "Polygon",
        "coordinates": [
          [
            [
              80.2553842,
              13.0092496
            ],
            [
              80.2555049,
              13.0092457
            ],
            [
              80.2555,
              13.0091049
            ],
            [
              80.2553793,
              13.0091089
            ],
            [
              80.2553842,
              13.0092496
            ]
          ]
        ]
      }
    },
    {
      "type": "Feature",
      "properties": {
        "osm_id": "368940100",
        "layer": "building",
        "building": "yes"
      },
      "geometry": {
        "type": "Polygon",
        "coordinates": [
          [
            [
              80.2555542,
              13.009246
            ],
            [
              80.2556598,
              13.0092425
            ],
            [
              80.2556551,
              13.0091049
            ],
            [
              80.2555494,
              13.0091084
            ],
            [
              80.2555542,
              13.009246
            ]
          ]
        ]
      }
    },
    {
      "type": "Feature",
      "properties": {
        "osm_id": "368940747",
        "layer": "building",
        "building": "yes"
      },
      "geometry": {
        "type": "Polygon",
        "coordinates": [
          [
            [
              80.2619278,
              13.006681
            ],
            [
              80.2620254,
              13.006682
            ],
            [
              80.262027,
              13.0065353
            ],
            [
              80.2619294,
              13.0065343
            ],
            [
              80.2619278,
              13.006681
            ]
          ]
        ]
      }
    },
    {
      "type": "Feature",
      "properties": {
        "osm_id": "368940748",
        "layer": "building",
        "building": "yes"
      },
      "geometry": {
        "type": "Polygon",
        "coordinates": [
          [
            [
              80.2618009,
              13.0066797
            ],
            [
              80.2619083,
              13.0066808
            ],
            [
              80.2619101,
              13.0065226
            ],
            [
              80.2618026,
              13.0065215
            ],
            [
              80.2618009,
              13.0066797
            ]
          ]
        ]
      }
    },
    {
      "type": "Feature",
      "properties": {
        "osm_id": "369031119",
        "layer": "building",
        "building": "yes"
      },
      "geometry": {
        "type": "Polygon",
        "coordinates": [
          [
            [
              80.2587226,
              13.00498
            ],
            [
              80.258844,
              13.0049773
            ],
            [
              80.2588413,
              13.0048632
            ],
            [
              80.2587199,
              13.0048659
            ],
            [
              80.2587226,
              13.00498
            ]
          ]
        ]
      }
    },
    {
      "type": "Feature",
      "properties": {
        "osm_id": "369031120",
        "layer": "building",
        "building": "yes"
      },
      "geometry": {
        "type": "Polygon",
        "coordinates": [
          [
            [
              80.2602021,
              13.0037542
            ],
            [
              80.2603032,
              13.0037458
            ],
            [
              80.2602902,
              13.0035957
            ],
            [
              80.260189,
              13.003604
            ],
            [
              80.2602021,
              13.0037542
            ]
          ]
        ]
      }
    },
    {
      "type": "Feature",
      "properties": {
        "osm_id": "369031121",
        "layer": "building",
        "building": "yes"
      },
      "geometry": {
        "type": "Polygon",
        "coordinates": [
          [
            [
              80.2627154,
              13.0035667
            ],
            [
              80.2628249,
              13.003555
            ],
            [
              80.2628025,
              13.0033555
            ],
            [
              80.262693,
              13.0033672
            ],
            [
              80.2627154,
              13.0035667
            ]
          ]
        ]
      }
    },
    {
      "type": "Feature",
      "properties": {
        "osm_id": "369031124",
        "layer": "building",
        "building": "yes"
      },
      "geometry": {
        "type": "Polygon",
        "coordinates": [
          [
            [
              80.2588169,
              13.0038416
            ],
            [
              80.2589206,
              13.0038352
            ],
            [
              80.258917,
              13.0037796
            ],
            [
              80.2588133,
              13.0037861
            ],
            [
              80.2588169,
              13.0038416
            ]
          ]
        ]
      }
    },
    {
      "type": "Feature",
      "properties": {
        "osm_id": "369031125",
        "layer": "building",
        "building": "yes"
      },
      "geometry": {
        "type": "Polygon",
        "coordinates": [
          [
            [
              80.2596126,
              13.0088541
            ],
            [
              80.2598274,
              13.008825
            ],
            [
              80.2598164,
              13.0087477
            ],
            [
              80.2596015,
              13.0087769
            ],
            [
              80.2596126,
              13.0088541
            ]
          ]
        ]
      }
    },
    {
      "type": "Feature",
      "properties": {
        "osm_id": "369031126",
        "layer": "building",
        "building": "yes"
      },
      "geometry": {
        "type": "Polygon",
        "coordinates": [
          [
            [
              80.2589995,
              13.0037663
            ],
            [
              80.259052,
              13.0037629
            ],
            [
              80.2590484,
              13.0037101
            ],
            [
              80.2589959,
              13.0037135
            ],
            [
              80.2589995,
              13.0037663
            ]
          ]
        ]
      }
    },
    {
      "type": "Feature",
      "properties": {
        "osm_id": "369031128",
        "layer": "building",
        "building": "yes"
      },
      "geometry": {
        "type": "Polygon",
        "coordinates": [
          [
            [
              80.2593395,
              13.0045772
            ],
            [
              80.259446,
              13.0045754
            ],
            [
              80.2594445,
              13.0044939
            ],
            [
              80.259338,
              13.0044957
            ],
            [
              80.2593395,
              13.0045772
            ]
          ]
        ]
      }
    },
    {
      "type": "Feature",
      "properties": {
        "osm_id": "369031129",
        "layer": "building",
        "building": "yes"
      },
      "geometry": {
        "type": "Polygon",
        "coordinates": [
          [
            [
              80.2586397,
              13.0043315
            ],
            [
              80.2588078,
              13.0043234
            ],
            [
              80.2588023,
              13.0042163
            ],
            [
              80.2586342,
              13.0042245
            ],
            [
              80.2586397,
              13.0043315
            ]
          ]
        ]
      }
    },
    {
      "type": "Feature",
      "properties": {
        "osm_id": "369031130",
        "layer": "building",
        "building": "yes"
      },
      "geometry": {
        "type": "Polygon",
        "coordinates": [
          [
            [
              80.2631741,
              13.0077186
            ],
            [
              80.2632297,
              13.0077355
            ],
            [
              80.2632587,
              13.0076448
            ],
            [
              80.2632032,
              13.0076279
            ],
            [
              80.2631741,
              13.0077186
            ]
          ]
        ]
      }
    },
    {
      "type": "Feature",
      "properties": {
        "osm_id": "369031131",
        "layer": "building",
        "building": "yes"
      },
      "geometry": {
        "type": "Polygon",
        "coordinates": [
          [
            [
              80.2588526,
              13.0037728
            ],
            [
              80.258912,
              13.0037728
            ],
            [
              80.258912,
              13.0037193
            ],
            [
              80.2588526,
              13.0037193
            ],
            [
              80.2588526,
              13.0037728
            ]
          ]
        ]
      }
    },
    {
      "type": "Feature",
      "properties": {
        "osm_id": "369031132",
        "layer": "building",
        "building": "yes"
      },
      "geometry": {
        "type": "Polygon",
        "coordinates": [
          [
            [
              80.2616252,
              13.0095168
            ],
            [
              80.2617069,
              13.0095191
            ],
            [
              80.2617079,
              13.0094833
            ],
            [
              80.2616262,
              13.009481
            ],
            [
              80.2616252,
              13.0095168
            ]
          ]
        ]
      }
    },
    {
      "type": "Feature",
      "properties": {
        "osm_id": "369031133",
        "layer": "building",
        "building": "yes"
      },
      "geometry": {
        "type": "Polygon",
        "coordinates": [
          [
            [
              80.2616052,
              13.0100979
            ],
            [
              80.2616625,
              13.0100969
            ],
            [
              80.2616605,
              13.0099939
            ],
            [
              80.2616032,
              13.009995
            ],
            [
              80.2616052,
              13.0100979
            ]
          ]
        ]
      }
    },
    {
      "type": "Feature",
      "properties": {
        "osm_id": "369031134",
        "layer": "building",
        "building": "yes"
      },
      "geometry": {
        "type": "Polygon",
        "coordinates": [
          [
            [
              80.2623475,
              13.0042483
            ],
            [
              80.2624614,
              13.0042312
            ],
            [
              80.2624423,
              13.0041096
            ],
            [
              80.2623284,
              13.0041266
            ],
            [
              80.2623475,
              13.0042483
            ]
          ]
        ]
      }
    },
    {
      "type": "Feature",
      "properties": {
        "osm_id": "369031136",
        "layer": "building",
        "building": "yes"
      },
      "geometry": {
        "type": "Polygon",
        "coordinates": [
          [
            [
              80.2593575,
              13.0094294
            ],
            [
              80.2595453,
              13.0094094
            ],
            [
              80.2595327,
              13.0092973
            ],
            [
              80.259345,
              13.0093173
            ],
            [
              80.2593575,
              13.0094294
            ]
          ]
        ]
      }
    },
    {
      "type": "Feature",
      "properties": {
        "osm_id": "369031137",
        "layer": "building",
        "building": "yes"
      },
      "geometry": {
        "type": "Polygon",
        "coordinates": [
          [
            [
              80.2593621,
              13.0039209
            ],
            [
              80.2594532,
              13.0039165
            ],
            [
              80.2594476,
              13.0038072
            ],
            [
              80.2593565,
              13.0038117
            ],
            [
              80.2593621,
              13.0039209
            ]
          ]
        ]
      }
    },
    {
      "type": "Feature",
      "properties": {
        "osm_id": "369031138",
        "layer": "building",
        "building": "yes"
      },
      "geometry": {
        "type": "Polygon",
        "coordinates": [
          [
            [
              80.261628,
              13.0096192
            ],
            [
              80.2617069,
              13.0096174
            ],
            [
              80.2617058,
              13.009571
            ],
            [
              80.2616268,
              13.0095728
            ],
            [
              80.261628,
              13.0096192
            ]
          ]
        ]
      }
    },
    {
      "type": "Feature",
      "properties": {
        "osm_id": "369031139",
        "layer": "building",
        "building": "yes"
      },
      "geometry": {
        "type": "Polygon",
        "coordinates": [
          [
            [
              80.2586811,
              13.0044431
            ],
            [
              80.2588053,
              13.0044367
            ],
            [
              80.2588007,
              13.0043503
            ],
            [
              80.2586764,
              13.0043566
            ],
            [
              80.2586811,
              13.0044431
            ]
          ]
        ]
      }
    },
    {
      "type": "Feature",
      "properties": {
        "osm_id": "369031140",
        "layer": "building",
        "building": "yes"
      },
      "geometry": {
        "type": "Polygon",
        "coordinates": [
          [
            [
              80.2587044,
              13.0045641
            ],
            [
              80.2588109,
              13.004556
            ],
            [
              80.2588023,
              13.0044495
            ],
            [
              80.2586958,
              13.0044577
            ],
            [
              80.2587044,
              13.0045641
            ]
          ]
        ]
      }
    },
    {
      "type": "Feature",
      "properties": {
        "osm_id": "369031141",
        "layer": "building",
        "building": "yes"
      },
      "geometry": {
        "type": "Polygon",
        "coordinates": [
          [
            [
              80.2603674,
              13.0040645
            ],
            [
              80.2604543,
              13.0040604
            ],
            [
              80.2604486,
              13.0039476
            ],
            [
              80.2603618,
              13.0039517
            ],
            [
              80.2603674,
              13.0040645
            ]
          ]
        ]
      }
    },
    {
      "type": "Feature",
      "properties": {
        "osm_id": "369031142",
        "layer": "building",
        "building": "yes"
      },
      "geometry": {
        "type": "Polygon",
        "coordinates": [
          [
            [
              80.2634086,
              13.0076601
            ],
            [
              80.2634912,
              13.0076935
            ],
            [
              80.2635282,
              13.0076066
            ],
            [
              80.2634456,
              13.0075732
            ],
            [
              80.2634086,
              13.0076601
            ]
          ]
        ]
      }
    },
    {
      "type": "Feature",
      "properties": {
        "osm_id": "369031143",
        "layer": "building",
        "building": "yes"
      },
      "geometry": {
        "type": "Polygon",
        "coordinates": [
          [
            [
              80.2612959,
              13.003594
            ],
            [
              80.2613859,
              13.0035827
            ],
            [
              80.2613635,
              13.0034134
            ],
            [
              80.2612735,
              13.0034247
            ],
            [
              80.2612959,
              13.003594
            ]
          ]
        ]
      }
    },
    {
      "type": "Feature",
      "properties": {
        "osm_id": "369031144",
        "layer": "building",
        "building": "yes"
      },
      "geometry": {
        "type": "Polygon",
        "coordinates": [
          [
            [
              80.263044,
              13.0076002
            ],
            [
              80.2630288,
              13.0076551
            ],
            [
              80.2631192,
              13.0076789
            ],
            [
              80.2631345,
              13.007624
            ],
            [
              80.263044,
              13.0076002
            ]
          ]
        ]
      }
    },
    {
      "type": "Feature",
      "properties": {
        "osm_id": "369031145",
        "layer": "building",
        "building": "yes"
      },
      "geometry": {
        "type": "Polygon",
        "coordinates": [
          [
            [
              80.2624327,
              13.0035448
            ],
            [
              80.2625596,
              13.0035432
            ],
            [
              80.2625582,
              13.0034454
            ],
            [
              80.2624314,
              13.003447
            ],
            [
              80.2624327,
              13.0035448
            ]
          ]
        ]
      }
    },
    {
      "type": "Feature",
      "properties": {
        "osm_id": "369031146",
        "layer": "building",
        "building": "yes"
      },
      "geometry": {
        "type": "Polygon",
        "coordinates": [
          [
            [
              80.2633334,
              13.0085795
            ],
            [
              80.2633523,
              13.0086553
            ],
            [
              80.2634793,
              13.0086252
            ],
            [
              80.2634604,
              13.0085495
            ],
            [
              80.2633334,
              13.0085795
            ]
          ]
        ]
      }
    },
    {
      "type": "Feature",
      "properties": {
        "osm_id": "369031148",
        "layer": "building",
        "building": "yes"
      },
      "geometry": {
        "type": "Polygon",
        "coordinates": [
          [
            [
              80.2591366,
              13.0037599
            ],
            [
              80.2591947,
              13.0037573
            ],
            [
              80.2591893,
              13.0036412
            ],
            [
              80.2591312,
              13.0036438
            ],
            [
              80.2591366,
              13.0037599
            ]
          ]
        ]
      }
    },
    {
      "type": "Feature",
      "properties": {
        "osm_id": "369031149",
        "layer": "building",
        "building": "yes"
      },
      "geometry": {
        "type": "Polygon",
        "coordinates": [
          [
            [
              80.2586707,
              13.0062162
            ],
            [
              80.2588563,
              13.0062227
            ],
            [
              80.2588609,
              13.0060965
            ],
            [
              80.2586754,
              13.00609
            ],
            [
              80.2586707,
              13.0062162
            ]
          ]
        ]
      }
    },
    {
      "type": "Feature",
      "properties": {
        "osm_id": "369031150",
        "layer": "building",
        "building": "yes"
      },
      "geometry": {
        "type": "Polygon",
        "coordinates": [
          [
            [
              80.2616303,
              13.0095228
            ],
            [
              80.2616306,
              13.0095682
            ],
            [
              80.261703,
              13.0095678
            ],
            [
              80.2617027,
              13.0095223
            ],
            [
              80.2616303,
              13.0095228
            ]
          ]
        ]
      }
    },
    {
      "type": "Feature",
      "properties": {
        "osm_id": "369031151",
        "layer": "building",
        "building": "yes"
      },
      "geometry": {
        "type": "Polygon",
        "coordinates": [
          [
            [
              80.261733,
              13.0096079
            ],
            [
              80.2618143,
              13.009606
            ],
            [
              80.2618125,
              13.0095296
            ],
            [
              80.2617312,
              13.0095314
            ],
            [
              80.261733,
              13.0096079
            ]
          ]
        ]
      }
    },
    {
      "type": "Feature",
      "properties": {
        "osm_id": "369031152",
        "layer": "building",
        "building": "yes"
      },
      "geometry": {
        "type": "Polygon",
        "coordinates": [
          [
            [
              80.2611815,
              13.009526
            ],
            [
              80.2612613,
              13.0095255
            ],
            [
              80.2612607,
              13.0094277
            ],
            [
              80.2611809,
              13.0094282
            ],
            [
              80.2611815,
              13.009526
            ]
          ]
        ]
      }
    },
    {
      "type": "Feature",
      "properties": {
        "osm_id": "369031153",
        "layer": "building",
        "building": "yes"
      },
      "geometry": {
        "type": "Polygon",
        "coordinates": [
          [
            [
              80.2625754,
              13.003532
            ],
            [
              80.2626877,
              13.0035308
            ],
            [
              80.2626864,
              13.0034149
            ],
            [
              80.2625741,
              13.0034161
            ],
            [
              80.2625754,
              13.003532
            ]
          ]
        ]
      }
    },
    {
      "type": "Feature",
      "properties": {
        "osm_id": "369031154",
        "layer": "building",
        "building": "yes"
      },
      "geometry": {
        "type": "Polygon",
        "coordinates": [
          [
            [
              80.2616725,
              13.0099924
            ],
            [
              80.2616746,
              13.0100484
            ],
            [
              80.2617677,
              13.0100452
            ],
            [
              80.2617657,
              13.0099892
            ],
            [
              80.2616725,
              13.0099924
            ]
          ]
        ]
      }
    },
    {
      "type": "Feature",
      "properties": {
        "osm_id": "369031155",
        "layer": "building",
        "building": "yes"
      },
      "geometry": {
        "type": "Polygon",
        "coordinates": [
          [
            [
              80.2626481,
              13.0040893
            ],
            [
              80.2628216,
              13.0040869
            ],
            [
              80.2628189,
              13.0039016
            ],
            [
              80.2626454,
              13.0039039
            ],
            [
              80.2626481,
              13.0040893
            ]
          ]
        ]
      }
    },
    {
      "type": "Feature",
      "properties": {
        "osm_id": "369031158",
        "layer": "building",
        "building": "yes"
      },
      "geometry": {
        "type": "Polygon",
        "coordinates": [
          [
            [
              80.2624291,
              13.0034361
            ],
            [
              80.2625403,
              13.0034341
            ],
            [
              80.2625383,
              13.003326
            ],
            [
              80.2624271,
              13.0033279
            ],
            [
              80.2624291,
              13.0034361
            ]
          ]
        ]
      }
    },
    {
      "type": "Feature",
      "properties": {
        "osm_id": "369031159",
        "layer": "building",
        "building": "yes"
      },
      "geometry": {
        "type": "Polygon",
        "coordinates": [
          [
            [
              80.261514,
              13.0094739
            ],
            [
              80.2615827,
              13.0094696
            ],
            [
              80.2615768,
              13.0093789
            ],
            [
              80.261508,
              13.0093832
            ],
            [
              80.261514,
              13.0094739
            ]
          ]
        ]
      }
    },
    {
      "type": "Feature",
      "properties": {
        "osm_id": "369031160",
        "layer": "building",
        "building": "yes"
      },
      "geometry": {
        "type": "Polygon",
        "coordinates": [
          [
            [
              80.2582669,
              13.005468
            ],
            [
              80.2583631,
              13.005458
            ],
            [
              80.2583524,
              13.0053603
            ],
            [
              80.2582562,
              13.0053703
            ],
            [
              80.2582669,
              13.005468
            ]
          ]
        ]
      }
    },
    {
      "type": "Feature",
      "properties": {
        "osm_id": "369031161",
        "layer": "building",
        "building": "yes"
      },
      "geometry": {
        "type": "Polygon",
        "coordinates": [
          [
            [
              80.2586803,
              13.0048329
            ],
            [
              80.2588353,
              13.0048265
            ],
            [
              80.2588303,
              13.0047096
            ],
            [
              80.2586752,
              13.0047159
            ],
            [
              80.2586803,
              13.0048329
            ]
          ]
        ]
      }
    },
    {
      "type": "Feature",
      "properties": {
        "osm_id": "369031162",
        "layer": "building",
        "building": "yes"
      },
      "geometry": {
        "type": "Polygon",
        "coordinates": [
          [
            [
              80.2623341,
              13.0074831
            ],
            [
              80.2624555,
              13.0075023
            ],
            [
              80.2624806,
              13.0073517
            ],
            [
              80.2623592,
              13.0073325
            ],
            [
              80.2623341,
              13.0074831
            ]
          ]
        ]
      }
    },
    {
      "type": "Feature",
      "properties": {
        "osm_id": "369031163",
        "layer": "building",
        "building": "yes"
      },
      "geometry": {
        "type": "Polygon",
        "coordinates": [
          [
            [
              80.2579882,
              13.0058959
            ],
            [
              80.2579982,
              13.0059546
            ],
            [
              80.2581155,
              13.0059355
            ],
            [
              80.2581054,
              13.0058768
            ],
            [
              80.2579882,
              13.0058959
            ]
          ]
        ]
      }
    },
    {
      "type": "Feature",
      "properties": {
        "osm_id": "369031164",
        "layer": "building",
        "building": "yes"
      },
      "geometry": {
        "type": "Polygon",
        "coordinates": [
          [
            [
              80.2632428,
              13.0077238
            ],
            [
              80.2632886,
              13.0077389
            ],
            [
              80.2633137,
              13.0076669
            ],
            [
              80.2632679,
              13.0076517
            ],
            [
              80.2632428,
              13.0077238
            ]
          ]
        ]
      }
    },
    {
      "type": "Feature",
      "properties": {
        "osm_id": "369031168",
        "layer": "building",
        "building": "yes"
      },
      "geometry": {
        "type": "Polygon",
        "coordinates": [
          [
            [
              80.2611782,
              13.0096058
            ],
            [
              80.2612581,
              13.0096044
            ],
            [
              80.2612568,
              13.0095361
            ],
            [
              80.2611769,
              13.0095376
            ],
            [
              80.2611782,
              13.0096058
            ]
          ]
        ]
      }
    },
    {
      "type": "Feature",
      "properties": {
        "osm_id": "369031169",
        "layer": "building",
        "building": "yes"
      },
      "geometry": {
        "type": "Polygon",
        "coordinates": [
          [
            [
              80.2612661,
              13.0096354
            ],
            [
              80.2613461,
              13.0096371
            ],
            [
              80.2613487,
              13.0095174
            ],
            [
              80.2612687,
              13.0095157
            ],
            [
              80.2612661,
              13.0096354
            ]
          ]
        ]
      }
    },
    {
      "type": "Feature",
      "properties": {
        "osm_id": "369031172",
        "layer": "building",
        "building": "yes"
      },
      "geometry": {
        "type": "Polygon",
        "coordinates": [
          [
            [
              80.2617335,
              13.009525
            ],
            [
              80.2617975,
              13.0095232
            ],
            [
              80.2617964,
              13.0094867
            ],
            [
              80.2617324,
              13.0094885
            ],
            [
              80.2617335,
              13.009525
            ]
          ]
        ]
      }
    },
    {
      "type": "Feature",
      "properties": {
        "osm_id": "369031174",
        "layer": "building",
        "building": "yes"
      },
      "geometry": {
        "type": "Polygon",
        "coordinates": [
          [
            [
              80.258945,
              13.0038867
            ],
            [
              80.2590327,
              13.0038831
            ],
            [
              80.2590287,
              13.0037904
            ],
            [
              80.2589411,
              13.003794
            ],
            [
              80.258945,
              13.0038867
            ]
          ]
        ]
      }
    },
    {
      "type": "Feature",
      "properties": {
        "osm_id": "369031175",
        "layer": "building",
        "building": "yes"
      },
      "geometry": {
        "type": "Polygon",
        "coordinates": [
          [
            [
              80.2635015,
              13.0089727
            ],
            [
              80.2635754,
              13.0089457
            ],
            [
              80.2634914,
              13.0087272
            ],
            [
              80.2634175,
              13.0087542
            ],
            [
              80.2635015,
              13.0089727
            ]
          ]
        ]
      }
    },
    {
      "type": "Feature",
      "properties": {
        "osm_id": "369031178",
        "layer": "building",
        "building": "yes"
      },
      "geometry": {
        "type": "Polygon",
        "coordinates": [
          [
            [
              80.2622461,
              13.0034419
            ],
            [
              80.2623987,
              13.0034412
            ],
            [
              80.2623982,
              13.003335
            ],
            [
              80.2622456,
              13.0033356
            ],
            [
              80.2622461,
              13.0034419
            ]
          ]
        ]
      }
    },
    {
      "type": "Feature",
      "properties": {
        "osm_id": "369031180",
        "layer": "building",
        "building": "yes"
      },
      "geometry": {
        "type": "Polygon",
        "coordinates": [
          [
            [
              80.2617002,
              13.0036593
            ],
            [
              80.2618587,
              13.0036561
            ],
            [
              80.2618565,
              13.0035523
            ],
            [
              80.261698,
              13.0035555
            ],
            [
              80.2617002,
              13.0036593
            ]
          ]
        ]
      }
    },
    {
      "type": "Feature",
      "properties": {
        "osm_id": "369031181",
        "layer": "building",
        "building": "yes"
      },
      "geometry": {
        "type": "Polygon",
        "coordinates": [
          [
            [
              80.2592087,
              13.0045809
            ],
            [
              80.2593264,
              13.0045763
            ],
            [
              80.2593225,
              13.0044802
            ],
            [
              80.2592048,
              13.0044847
            ],
            [
              80.2592087,
              13.0045809
            ]
          ]
        ]
      }
    },
    {
      "type": "Feature",
      "properties": {
        "osm_id": "369031182",
        "layer": "building",
        "building": "yes"
      },
      "geometry": {
        "type": "Polygon",
        "coordinates": [
          [
            [
              80.2582342,
              13.005347
            ],
            [
              80.2583351,
              13.0053351
            ],
            [
              80.2583237,
              13.0052433
            ],
            [
              80.2582228,
              13.0052551
            ],
            [
              80.2582342,
              13.005347
            ]
          ]
        ]
      }
    },
    {
      "type": "Feature",
      "properties": {
        "osm_id": "369031183",
        "layer": "building",
        "building": "yes"
      },
      "geometry": {
        "type": "Polygon",
        "coordinates": [
          [
            [
              80.2616706,
              13.0101153
            ],
            [
              80.2617657,
              13.010114
            ],
            [
              80.2617648,
              13.0100514
            ],
            [
              80.2616697,
              13.0100527
            ],
            [
              80.2616706,
              13.0101153
            ]
          ]
        ]
      }
    },
    {
      "type": "Feature",
      "properties": {
        "osm_id": "369031184",
        "layer": "building",
        "building": "yes"
      },
      "geometry": {
        "type": "Polygon",
        "coordinates": [
          [
            [
              80.2615864,
              13.0073196
            ],
            [
              80.2617119,
              13.0073299
            ],
            [
              80.2617237,
              13.0071929
            ],
            [
              80.2615982,
              13.0071826
            ],
            [
              80.2615864,
              13.0073196
            ]
          ]
        ]
      }
    },
    {
      "type": "Feature",
      "properties": {
        "osm_id": "369031185",
        "layer": "building",
        "building": "yes"
      },
      "geometry": {
        "type": "Polygon",
        "coordinates": [
          [
            [
              80.258124,
              13.0053406
            ],
            [
              80.258208,
              13.0053415
            ],
            [
              80.2582093,
              13.0052335
            ],
            [
              80.2581252,
              13.0052326
            ],
            [
              80.258124,
              13.0053406
            ]
          ]
        ]
      }
    },
    {
      "type": "Feature",
      "properties": {
        "osm_id": "369031186",
        "layer": "building",
        "building": "yes"
      },
      "geometry": {
        "type": "Polygon",
        "coordinates": [
          [
            [
              80.2580404,
              13.0051188
            ],
            [
              80.2581173,
              13.0051211
            ],
            [
              80.25812,
              13.0050381
            ],
            [
              80.2580431,
              13.0050358
            ],
            [
              80.2580404,
              13.0051188
            ]
          ]
        ]
      }
    },
    {
      "type": "Feature",
      "properties": {
        "osm_id": "369031188",
        "layer": "building",
        "building": "yes"
      },
      "geometry": {
        "type": "Polygon",
        "coordinates": [
          [
            [
              80.2612667,
              13.0095003
            ],
            [
              80.2613546,
              13.0095022
            ],
            [
              80.2613567,
              13.0094086
            ],
            [
              80.2612689,
              13.0094067
            ],
            [
              80.2612667,
              13.0095003
            ]
          ]
        ]
      }
    },
    {
      "type": "Feature",
      "properties": {
        "osm_id": "369031189",
        "layer": "building",
        "building": "yes"
      },
      "geometry": {
        "type": "Polygon",
        "coordinates": [
          [
            [
              80.2613539,
              13.0095717
            ],
            [
              80.2614543,
              13.0095679
            ],
            [
              80.2614521,
              13.0095138
            ],
            [
              80.2613517,
              13.0095177
            ],
            [
              80.2613539,
              13.0095717
            ]
          ]
        ]
      }
    },
    {
      "type": "Feature",
      "properties": {
        "osm_id": "369031191",
        "layer": "building",
        "building": "yes"
      },
      "geometry": {
        "type": "Polygon",
        "coordinates": [
          [
            [
              80.2620028,
              13.0099866
            ],
            [
              80.2620032,
              13.0100798
            ],
            [
              80.2621433,
              13.0100792
            ],
            [
              80.2621428,
              13.009986
            ],
            [
              80.2620028,
              13.0099866
            ]
          ]
        ]
      }
    },
    {
      "type": "Feature",
      "properties": {
        "osm_id": "369031193",
        "layer": "building",
        "building": "yes"
      },
      "geometry": {
        "type": "Polygon",
        "coordinates": [
          [
            [
              80.2590738,
              13.0037573
            ],
            [
              80.259132,
              13.0037547
            ],
            [
              80.2591269,
              13.0036463
            ],
            [
              80.2590688,
              13.0036488
            ],
            [
              80.2590738,
              13.0037573
            ]
          ]
        ]
      }
    },
    {
      "type": "Feature",
      "properties": {
        "osm_id": "369031195",
        "layer": "building",
        "building": "yes"
      },
      "geometry": {
        "type": "Polygon",
        "coordinates": [
          [
            [
              80.2590232,
              13.0044719
            ],
            [
              80.2591391,
              13.0044674
            ],
            [
              80.259131,
              13.0042734
            ],
            [
              80.2590152,
              13.0042779
            ],
            [
              80.2590232,
              13.0044719
            ]
          ]
        ]
      }
    },
    {
      "type": "Feature",
      "properties": {
        "osm_id": "369031197",
        "layer": "building",
        "building": "yes"
      },
      "geometry": {
        "type": "Polygon",
        "coordinates": [
          [
            [
              80.2610977,
              13.0064288
            ],
            [
              80.2612496,
              13.0064314
            ],
            [
              80.2612515,
              13.0063245
            ],
            [
              80.2610996,
              13.006322
            ],
            [
              80.2610977,
              13.0064288
            ]
          ]
        ]
      }
    },
    {
      "type": "Feature",
      "properties": {
        "osm_id": "369031198",
        "layer": "building",
        "building": "yes"
      },
      "geometry": {
        "type": "Polygon",
        "coordinates": [
          [
            [
              80.2604916,
              13.0040764
            ],
            [
              80.2606047,
              13.0040712
            ],
            [
              80.2605972,
              13.0039165
            ],
            [
              80.2604842,
              13.0039217
            ],
            [
              80.2604916,
              13.0040764
            ]
          ]
        ]
      }
    },
    {
      "type": "Feature",
      "properties": {
        "osm_id": "369031199",
        "layer": "building",
        "building": "yes"
      },
      "geometry": {
        "type": "Polygon",
        "coordinates": [
          [
            [
              80.2579684,
              13.0051246
            ],
            [
              80.2580253,
              13.0051271
            ],
            [
              80.2580293,
              13.0050402
            ],
            [
              80.2579724,
              13.0050377
            ],
            [
              80.2579684,
              13.0051246
            ]
          ]
        ]
      }
    },
    {
      "type": "Feature",
      "properties": {
        "osm_id": "369031200",
        "layer": "building",
        "building": "yes"
      },
      "geometry": {
        "type": "Polygon",
        "coordinates": [
          [
            [
              80.2587128,
              13.0053951
            ],
            [
              80.2588872,
              13.0053976
            ],
            [
              80.2588888,
              13.0052959
            ],
            [
              80.2587144,
              13.0052933
            ],
            [
              80.2587128,
              13.0053951
            ]
          ]
        ]
      }
    },
    {
      "type": "Feature",
      "properties": {
        "osm_id": "369031201",
        "layer": "building",
        "building": "yes"
      },
      "geometry": {
        "type": "Polygon",
        "coordinates": [
          [
            [
              80.2588394,
              13.0038905
            ],
            [
              80.2589299,
              13.003886
            ],
            [
              80.2589275,
              13.0038411
            ],
            [
              80.258837,
              13.0038456
            ],
            [
              80.2588394,
              13.0038905
            ]
          ]
        ]
      }
    },
    {
      "type": "Feature",
      "properties": {
        "osm_id": "369031203",
        "layer": "building",
        "building": "yes"
      },
      "geometry": {
        "type": "Polygon",
        "coordinates": [
          [
            [
              80.2616897,
              13.0035518
            ],
            [
              80.2618402,
              13.0035473
            ],
            [
              80.2618383,
              13.0034861
            ],
            [
              80.2616877,
              13.0034906
            ],
            [
              80.2616897,
              13.0035518
            ]
          ]
        ]
      }
    },
    {
      "type": "Feature",
      "properties": {
        "osm_id": "369031204",
        "layer": "building",
        "building": "yes"
      },
      "geometry": {
        "type": "Polygon",
        "coordinates": [
          [
            [
              80.2618839,
              13.0100844
            ],
            [
              80.2619881,
              13.0100858
            ],
            [
              80.2619894,
              13.0099892
            ],
            [
              80.2618852,
              13.0099879
            ],
            [
              80.2618839,
              13.0100844
            ]
          ]
        ]
      }
    },
    {
      "type": "Feature",
      "properties": {
        "osm_id": "369031205",
        "layer": "building",
        "building": "yes"
      },
      "geometry": {
        "type": "Polygon",
        "coordinates": [
          [
            [
              80.2617167,
              13.0094681
            ],
            [
              80.2618204,
              13.0094668
            ],
            [
              80.2618193,
              13.0093788
            ],
            [
              80.2617156,
              13.0093801
            ],
            [
              80.2617167,
              13.0094681
            ]
          ]
        ]
      }
    },
    {
      "type": "Feature",
      "properties": {
        "osm_id": "369031206",
        "layer": "building",
        "building": "yes"
      },
      "geometry": {
        "type": "Polygon",
        "coordinates": [
          [
            [
              80.2585019,
              13.0055527
            ],
            [
              80.2586644,
              13.0055549
            ],
            [
              80.2586648,
              13.005524
            ],
            [
              80.2587064,
              13.0055246
            ],
            [
              80.2587067,
              13.0055012
            ],
            [
              80.2587836,
              13.0055023
            ],
            [
              80.2587847,
              13.0054264
            ],
            [
              80.2585037,
              13.0054225
            ],
            [
              80.2585019,
              13.0055527
            ]
          ]
        ]
      }
    },
    {
      "type": "Feature",
      "properties": {
        "osm_id": "369031207",
        "layer": "building",
        "building": "yes"
      },
      "geometry": {
        "type": "Polygon",
        "coordinates": [
          [
            [
              80.2589613,
              13.0062561
            ],
            [
              80.2593907,
              13.0062445
            ],
            [
              80.2593854,
              13.0060586
            ],
            [
              80.2592309,
              13.0060628
            ],
            [
              80.259228,
              13.0059613
            ],
            [
              80.2591078,
              13.0059645
            ],
            [
              80.2591107,
              13.006066
            ],
            [
              80.2589561,
              13.0060702
            ],
            [
              80.2589613,
              13.0062561
            ]
          ]
        ]
      }
    },
    {
      "type": "Feature",
      "properties": {
        "osm_id": "369033489",
        "layer": "building",
        "building": "yes"
      },
      "geometry": {
        "type": "Polygon",
        "coordinates": [
          [
            [
              80.2523397,
              13.0104353
            ],
            [
              80.2524263,
              13.0105293
            ],
            [
              80.2524403,
              13.0105171
            ],
            [
              80.2524637,
              13.0105425
            ],
            [
              80.2524864,
              13.0105227
            ],
            [
              80.2525021,
              13.0105397
            ],
            [
              80.2524794,
              13.0105596
            ],
            [
              80.2525004,
              13.0105823
            ],
            [
              80.2524864,
              13.0105946
            ],
            [
              80.252576,
              13.010692
            ],
            [
              80.2526926,
              13.01059
            ],
            [
              80.252509,
              13.0103906
            ],
            [
              80.2524812,
              13.0104149
            ],
            [
              80.2524285,
              13.0103577
            ],
            [
              80.2523397,
              13.0104353
            ]
          ]
        ]
      }
    },
    {
      "type": "Feature",
      "properties": {
        "osm_id": "369033490",
        "layer": "building",
        "building": "yes"
      },
      "geometry": {
        "type": "Polygon",
        "coordinates": [
          [
            [
              80.2527896,
              13.0106253
            ],
            [
              80.252902,
              13.0107091
            ],
            [
              80.252925,
              13.0106798
            ],
            [
              80.2529504,
              13.0106987
            ],
            [
              80.2529273,
              13.010728
            ],
            [
              80.2530302,
              13.0108047
            ],
            [
              80.2531339,
              13.0106728
            ],
            [
              80.2530236,
              13.0105905
            ],
            [
              80.2530053,
              13.0106138
            ],
            [
              80.2529932,
              13.0106048
            ],
            [
              80.2530115,
              13.0105815
            ],
            [
              80.2528932,
              13.0104933
            ],
            [
              80.2528536,
              13.0105438
            ],
            [
              80.2528882,
              13.0105696
            ],
            [
              80.2528722,
              13.01059
            ],
            [
              80.2528376,
              13.0105641
            ],
            [
              80.2527896,
              13.0106253
            ]
          ]
        ]
      }
    },
    {
      "type": "Feature",
      "properties": {
        "osm_id": "369033493",
        "layer": "building",
        "building": "yes"
      },
      "geometry": {
        "type": "Polygon",
        "coordinates": [
          [
            [
              80.2578404,
              13.0081658
            ],
            [
              80.2579712,
              13.0080814
            ],
            [
              80.2579141,
              13.0079973
            ],
            [
              80.2577833,
              13.0080816
            ],
            [
              80.2578404,
              13.0081658
            ]
          ]
        ]
      }
    },
    {
      "type": "Feature",
      "properties": {
        "osm_id": "369033494",
        "layer": "building",
        "building": "yes"
      },
      "geometry": {
        "type": "Polygon",
        "coordinates": [
          [
            [
              80.2525747,
              13.0107654
            ],
            [
              80.2526348,
              13.0108233
            ],
            [
              80.2527282,
              13.0107314
            ],
            [
              80.2526681,
              13.0106735
            ],
            [
              80.2525747,
              13.0107654
            ]
          ]
        ]
      }
    },
    {
      "type": "Feature",
      "properties": {
        "osm_id": "369033495",
        "layer": "building",
        "building": "yes"
      },
      "geometry": {
        "type": "Polygon",
        "coordinates": [
          [
            [
              80.2565653,
              13.0076464
            ],
            [
              80.2565756,
              13.0080045
            ],
            [
              80.2567428,
              13.0080173
            ],
            [
              80.2567652,
              13.0076583
            ],
            [
              80.2565653,
              13.0076464
            ]
          ]
        ]
      }
    },
    {
      "type": "Feature",
      "properties": {
        "osm_id": "369033497",
        "layer": "building",
        "building": "yes"
      },
      "geometry": {
        "type": "Polygon",
        "coordinates": [
          [
            [
              80.2572113,
              13.009245
            ],
            [
              80.2573238,
              13.009242
            ],
            [
              80.2573185,
              13.009056
            ],
            [
              80.2572061,
              13.009059
            ],
            [
              80.2572113,
              13.009245
            ]
          ]
        ]
      }
    },
    {
      "type": "Feature",
      "properties": {
        "osm_id": "369033498",
        "layer": "building",
        "building": "yes"
      },
      "geometry": {
        "type": "Polygon",
        "coordinates": [
          [
            [
              80.256768,
              13.0079295
            ],
            [
              80.2569371,
              13.0079732
            ],
            [
              80.2569786,
              13.0078205
            ],
            [
              80.2568096,
              13.0077768
            ],
            [
              80.256768,
              13.0079295
            ]
          ]
        ]
      }
    },
    {
      "type": "Feature",
      "properties": {
        "osm_id": "369033500",
        "layer": "building",
        "building": "yes"
      },
      "geometry": {
        "type": "Polygon",
        "coordinates": [
          [
            [
              80.2532233,
              13.0103143
            ],
            [
              80.2533546,
              13.0103717
            ],
            [
              80.2534377,
              13.0101915
            ],
            [
              80.2533065,
              13.0101341
            ],
            [
              80.2532233,
              13.0103143
            ]
          ]
        ]
      }
    },
    {
      "type": "Feature",
      "properties": {
        "osm_id": "369033502",
        "layer": "building",
        "building": "yes"
      },
      "geometry": {
        "type": "Polygon",
        "coordinates": [
          [
            [
              80.2580335,
              13.0096655
            ],
            [
              80.2581559,
              13.0096599
            ],
            [
              80.2581466,
              13.0094681
            ],
            [
              80.2580242,
              13.0094737
            ],
            [
              80.2580335,
              13.0096655
            ]
          ]
        ]
      }
    },
    {
      "type": "Feature",
      "properties": {
        "osm_id": "369033508",
        "layer": "building",
        "building": "yes"
      },
      "geometry": {
        "type": "Polygon",
        "coordinates": [
          [
            [
              80.2583043,
              13.0098367
            ],
            [
              80.2584535,
              13.0098354
            ],
            [
              80.2584523,
              13.0097016
            ],
            [
              80.2583031,
              13.0097029
            ],
            [
              80.2583043,
              13.0098367
            ]
          ]
        ]
      }
    },
    {
      "type": "Feature",
      "properties": {
        "osm_id": "369033510",
        "layer": "building",
        "building": "yes",
        "building:levels": "1"
      },
      "geometry": {
        "type": "Polygon",
        "coordinates": [
          [
            [
              80.2587703,
              13.0104082
            ],
            [
              80.2588465,
              13.0104003
            ],
            [
              80.2588303,
              13.0102532
            ],
            [
              80.2587542,
              13.0102612
            ],
            [
              80.2587703,
              13.0104082
            ]
          ]
        ]
      }
    },
    {
      "type": "Feature",
      "properties": {
        "osm_id": "369033512",
        "layer": "building",
        "building": "yes"
      },
      "geometry": {
        "type": "Polygon",
        "coordinates": [
          [
            [
              80.2529852,
              13.0104763
            ],
            [
              80.2531557,
              13.010562
            ],
            [
              80.2532453,
              13.0103927
            ],
            [
              80.2530748,
              13.010307
            ],
            [
              80.2529852,
              13.0104763
            ]
          ]
        ]
      }
    },
    {
      "type": "Feature",
      "properties": {
        "osm_id": "369033513",
        "layer": "building",
        "building": "yes"
      },
      "geometry": {
        "type": "Polygon",
        "coordinates": [
          [
            [
              80.2526462,
              13.0122092
            ],
            [
              80.2527875,
              13.0121101
            ],
            [
              80.2526702,
              13.0119512
            ],
            [
              80.2525288,
              13.0120503
            ],
            [
              80.2526462,
              13.0122092
            ]
          ]
        ]
      }
    },
    {
      "type": "Feature",
      "properties": {
        "osm_id": "369033514",
        "layer": "building",
        "building": "yes"
      },
      "geometry": {
        "type": "Polygon",
        "coordinates": [
          [
            [
              80.2542626,
              13.0090243
            ],
            [
              80.2543973,
              13.0090262
            ],
            [
              80.2543992,
              13.0089029
            ],
            [
              80.2542644,
              13.008901
            ],
            [
              80.2542626,
              13.0090243
            ]
          ]
        ]
      }
    },
    {
      "type": "Feature",
      "properties": {
        "osm_id": "369033518",
        "layer": "building",
        "building": "yes"
      },
      "geometry": {
        "type": "Polygon",
        "coordinates": [
          [
            [
              80.2583056,
              13.010089
            ],
            [
              80.2584424,
              13.0100933
            ],
            [
              80.258449,
              13.0098977
            ],
            [
              80.2583122,
              13.0098933
            ],
            [
              80.2583056,
              13.010089
            ]
          ]
        ]
      }
    },
    {
      "type": "Feature",
      "properties": {
        "osm_id": "369033520",
        "layer": "building",
        "building": "yes"
      },
      "geometry": {
        "type": "Polygon",
        "coordinates": [
          [
            [
              80.2528261,
              13.0110251
            ],
            [
              80.252982,
              13.0108731
            ],
            [
              80.2527966,
              13.0106924
            ],
            [
              80.2526406,
              13.0108444
            ],
            [
              80.2528261,
              13.0110251
            ]
          ]
        ]
      }
    },
    {
      "type": "Feature",
      "properties": {
        "osm_id": "369033522",
        "layer": "building",
        "building": "yes"
      },
      "geometry": {
        "type": "Polygon",
        "coordinates": [
          [
            [
              80.2530337,
              13.0102396
            ],
            [
              80.2532131,
              13.0103061
            ],
            [
              80.253284,
              13.0101242
            ],
            [
              80.2531047,
              13.0100578
            ],
            [
              80.2530337,
              13.0102396
            ]
          ]
        ]
      }
    },
    {
      "type": "Feature",
      "properties": {
        "osm_id": "369033523",
        "layer": "building",
        "building": "yes"
      },
      "geometry": {
        "type": "Polygon",
        "coordinates": [
          [
            [
              80.2568259,
              13.0077738
            ],
            [
              80.2569913,
              13.0078139
            ],
            [
              80.2570173,
              13.0077117
            ],
            [
              80.256852,
              13.0076716
            ],
            [
              80.2568259,
              13.0077738
            ]
          ]
        ]
      }
    },
    {
      "type": "Feature",
      "properties": {
        "osm_id": "369033525",
        "layer": "building",
        "building": "yes"
      },
      "geometry": {
        "type": "Polygon",
        "coordinates": [
          [
            [
              80.2532956,
              13.0087868
            ],
            [
              80.2534759,
              13.0087791
            ],
            [
              80.2534706,
              13.0086612
            ],
            [
              80.2532903,
              13.0086689
            ],
            [
              80.2532956,
              13.0087868
            ]
          ]
        ]
      }
    },
    {
      "type": "Feature",
      "properties": {
        "osm_id": "369033526",
        "layer": "building",
        "building": "yes"
      },
      "geometry": {
        "type": "Polygon",
        "coordinates": [
          [
            [
              80.2572127,
              13.0090568
            ],
            [
              80.2573201,
              13.0090557
            ],
            [
              80.2573191,
              13.0089557
            ],
            [
              80.2572117,
              13.0089567
            ],
            [
              80.2572127,
              13.0090568
            ]
          ]
        ]
      }
    },
    {
      "type": "Feature",
      "properties": {
        "osm_id": "369033528",
        "layer": "building",
        "building": "yes"
      },
      "geometry": {
        "type": "Polygon",
        "coordinates": [
          [
            [
              80.2566638,
              13.0103039
            ],
            [
              80.257331,
              13.0102172
            ],
            [
              80.2573175,
              13.0100993
            ],
            [
              80.2567802,
              13.0101691
            ],
            [
              80.2567432,
              13.0097755
            ],
            [
              80.2566153,
              13.0097869
            ],
            [
              80.2566638,
              13.0103039
            ]
          ]
        ]
      }
    },
    {
      "type": "Feature",
      "properties": {
        "osm_id": "369033530",
        "layer": "building",
        "building": "yes"
      },
      "geometry": {
        "type": "Polygon",
        "coordinates": [
          [
            [
              80.2525424,
              13.0098183
            ],
            [
              80.2525508,
              13.0096591
            ],
            [
              80.2524317,
              13.0096531
            ],
            [
              80.2524261,
              13.0097583
            ],
            [
              80.2523937,
              13.0097567
            ],
            [
              80.25239,
              13.0098275
            ],
            [
              80.2524219,
              13.0098291
            ],
            [
              80.2524228,
              13.0098123
            ],
            [
              80.2525424,
              13.0098183
            ]
          ]
        ]
      }
    },
    {
      "type": "Feature",
      "properties": {
        "osm_id": "369033531",
        "layer": "building",
        "building": "yes"
      },
      "geometry": {
        "type": "Polygon",
        "coordinates": [
          [
            [
              80.2573358,
              13.0101791
            ],
            [
              80.2578088,
              13.0102332
            ],
            [
              80.2578518,
              13.0098758
            ],
            [
              80.2573789,
              13.0098217
            ],
            [
              80.2573684,
              13.0099086
            ],
            [
              80.2577678,
              13.0099543
            ],
            [
              80.2577461,
              13.0101344
            ],
            [
              80.2573467,
              13.0100888
            ],
            [
              80.2573358,
              13.0101791
            ]
          ]
        ]
      }
    },
    {
      "type": "Feature",
      "properties": {
        "osm_id": "369033533",
        "layer": "building",
        "building": "yes"
      },
      "geometry": {
        "type": "Polygon",
        "coordinates": [
          [
            [
              80.2524361,
              13.0120084
            ],
            [
              80.2526237,
              13.0118707
            ],
            [
              80.2525816,
              13.0118162
            ],
            [
              80.2525213,
              13.0118605
            ],
            [
              80.2524656,
              13.0117885
            ],
            [
              80.2523922,
              13.0118424
            ],
            [
              80.2524287,
              13.0118896
            ],
            [
              80.2523748,
              13.0119292
            ],
            [
              80.2524361,
              13.0120084
            ]
          ]
        ]
      }
    },
    {
      "type": "Feature",
      "properties": {
        "osm_id": "369084773",
        "layer": "building",
        "building": "yes"
      },
      "geometry": {
        "type": "Polygon",
        "coordinates": [
          [
            [
              80.2601893,
              13.0028944
            ],
            [
              80.2602831,
              13.0028835
            ],
            [
              80.2602698,
              13.0027754
            ],
            [
              80.260176,
              13.0027863
            ],
            [
              80.2601893,
              13.0028944
            ]
          ]
        ]
      }
    },
    {
      "type": "Feature",
      "properties": {
        "osm_id": "369084786",
        "layer": "building",
        "building": "yes"
      },
      "geometry": {
        "type": "Polygon",
        "coordinates": [
          [
            [
              80.2600671,
              13.002915
            ],
            [
              80.2601701,
              13.0029073
            ],
            [
              80.2601584,
              13.0027583
            ],
            [
              80.2600553,
              13.002766
            ],
            [
              80.2600671,
              13.002915
            ]
          ]
        ]
      }
    },
    {
      "type": "Feature",
      "properties": {
        "osm_id": "369084808",
        "layer": "building",
        "building": "yes"
      },
      "geometry": {
        "type": "Polygon",
        "coordinates": [
          [
            [
              80.2533527,
              13.0028578
            ],
            [
              80.2533527,
              13.00267
            ],
            [
              80.2532148,
              13.00267
            ],
            [
              80.2532148,
              13.002809
            ],
            [
              80.2532726,
              13.002809
            ],
            [
              80.2532725,
              13.0028578
            ],
            [
              80.2533527,
              13.0028578
            ]
          ]
        ]
      }
    },
    {
      "type": "Feature",
      "properties": {
        "osm_id": "376515485",
        "layer": "building",
        "addr:city": "Chennai",
        "addr:housenumber": "49",
        "addr:postcode": "600020",
        "addr:street": "Gandhi Nagar 3rd Main Road",
        "building": "apartments",
        "building:levels": "4",
        "name": "Sarraswathi Apartments"
      },
      "geometry": {
        "type": "Polygon",
        "coordinates": [
          [
            [
              80.252893,
              13.0085692
            ],
            [
              80.2528894,
              13.0082434
            ],
            [
              80.2530396,
              13.0082419
            ],
            [
              80.2530431,
              13.0085677
            ],
            [
              80.252893,
              13.0085692
            ]
          ]
        ]
      }
    },
    {
      "type": "Feature",
      "properties": {
        "osm_id": "379698232",
        "layer": "1",
        "building": "yes"
      },
      "geometry": {
        "type": "Polygon",
        "coordinates": [
          [
            [
              80.2632643,
              13.011397
            ],
            [
              80.2632517,
              13.0114755
            ],
            [
              80.2631701,
              13.0114633
            ],
            [
              80.2631465,
              13.0114597
            ],
            [
              80.2631389,
              13.0115084
            ],
            [
              80.2631625,
              13.0115121
            ],
            [
              80.2631567,
              13.0115493
            ],
            [
              80.2632381,
              13.0115614
            ],
            [
              80.2633841,
              13.011583
            ],
            [
              80.2633817,
              13.0115986
            ],
            [
              80.2634382,
              13.0116075
            ],
            [
              80.2636825,
              13.0116438
            ],
            [
              80.2636999,
              13.0115328
            ],
            [
              80.2634556,
              13.0114964
            ],
            [
              80.2634426,
              13.0115792
            ],
            [
              80.2633992,
              13.0115724
            ],
            [
              80.2634107,
              13.011499
            ],
            [
              80.263336,
              13.011488
            ],
            [
              80.2633486,
              13.0114098
            ],
            [
              80.2632643,
              13.011397
            ]
          ]
        ]
      }
    },
    {
      "type": "Feature",
      "properties": {
        "osm_id": "379698248",
        "layer": "building",
        "building": "yes"
      },
      "geometry": {
        "type": "Polygon",
        "coordinates": [
          [
            [
              80.2636101,
              13.0118042
            ],
            [
              80.2636311,
              13.0116768
            ],
            [
              80.2634811,
              13.0116533
            ],
            [
              80.2634601,
              13.0117807
            ],
            [
              80.2636101,
              13.0118042
            ]
          ]
        ]
      }
    },
    {
      "type": "Feature",
      "properties": {
        "osm_id": "379698253",
        "layer": "building",
        "building": "yes"
      },
      "geometry": {
        "type": "Polygon",
        "coordinates": [
          [
            [
              80.2630898,
              13.0109406
            ],
            [
              80.2630928,
              13.0110668
            ],
            [
              80.263213,
              13.011064
            ],
            [
              80.26321,
              13.0109378
            ],
            [
              80.2630898,
              13.0109406
            ]
          ]
        ]
      }
    },
    {
      "type": "Feature",
      "properties": {
        "osm_id": "379698265",
        "layer": "building",
        "building": "yes"
      },
      "geometry": {
        "type": "Polygon",
        "coordinates": [
          [
            [
              80.262537,
              13.0114304
            ],
            [
              80.2625638,
              13.0114657
            ],
            [
              80.2626435,
              13.0114121
            ],
            [
              80.2626772,
              13.0114623
            ],
            [
              80.2627297,
              13.0114271
            ],
            [
              80.2626692,
              13.0113416
            ],
            [
              80.262537,
              13.0114304
            ]
          ]
        ]
      }
    },
    {
      "type": "Feature",
      "properties": {
        "osm_id": "379699516",
        "layer": "building",
        "building": "yes"
      },
      "geometry": {
        "type": "Polygon",
        "coordinates": [
          [
            [
              80.263116,
              13.0111961
            ],
            [
              80.2631893,
              13.0111954
            ],
            [
              80.2631882,
              13.0110832
            ],
            [
              80.2631149,
              13.0110839
            ],
            [
              80.263116,
              13.0111961
            ]
          ]
        ]
      }
    },
    {
      "type": "Feature",
      "properties": {
        "osm_id": "379699526",
        "layer": "road",
        "highway": "path"
      },
      "geometry": {
        "type": "LineString",
        "coordinates": [
          [
            80.2620556,
            13.0108362
          ],
          [
            80.2622809,
            13.0106987
          ],
          [
            80.2637158,
            13.0106143
          ],
          [
            80.2642688,
            13.0105832
          ],
          [
            80.2648594,
            13.0104752
          ],
          [
            80.2649667,
            13.0110608
          ]
        ]
      }
    },
    {
      "type": "Feature",
      "properties": {
        "osm_id": "440929657",
        "layer": "road",
        "highway": "residential",
        "name": "Vasantha Press Road (North)"
      },
      "geometry": {
        "type": "LineString",
        "coordinates": [
          [
            80.2604678,
            13.0101809
          ],
          [
            80.2597339,
            13.0101779
          ],
          [
            80.2592507,
            13.0101893
          ]
        ]
      }
    },
    {
      "type": "Feature",
      "properties": {
        "osm_id": "635213600",
        "layer": "building",
        "building": "yes"
      },
      "geometry": {
        "type": "Polygon",
        "coordinates": [
          [
            [
              80.2571054,
              13.0062381
            ],
            [
              80.2571013,
              13.0060948
            ],
            [
              80.2572399,
              13.006091
            ],
            [
              80.257244,
              13.0062343
            ],
            [
              80.2571054,
              13.0062381
            ]
          ]
        ]
      }
    },
    {
      "type": "Feature",
      "properties": {
        "osm_id": "671922124",
        "layer": "building",
        "addr:city": "Chennai",
        "addr:housenumber": "2",
        "addr:postcode": "600020",
        "addr:street": "Gandhi Nagar 2nd Main Road",
        "amenity": "place_of_worship",
        "building": "yes",
        "denomination": "vaishnavism",
        "name": "Sri Anantha Padmanaba Swamy Temple",
        "religion": "hindu",
        "website": "http://www.ananthapadmanabhaswamytemple.org"
      },
      "geometry": {
        "type": "Polygon",
        "coordinates": [
          [
            [
              80.257214,
              13.0079378
            ],
            [
              80.2572181,
              13.0081247
            ],
            [
              80.257607,
              13.0081155
            ],
            [
              80.2576016,
              13.0080463
            ],
            [
              80.2574648,
              13.0079234
            ],
            [
              80.2572154,
              13.0076843
            ],
            [
              80.257214,
              13.0079378
            ]
          ]
        ]
      }
    },
    {
      "type": "Feature",
      "properties": {
        "osm_id": "688127500",
        "layer": "road",
        "highway": "residential",
        "oneway": "yes",
        "surface": "asphalt"
      },
      "geometry": {
        "type": "LineString",
        "coordinates": [
          [
            80.2587131,
            13.0092828
          ],
          [
            80.2588939,
            13.0093429
          ],
          [
            80.2589468,
            13.0094231
          ],
          [
            80.2589786,
            13.0095817
          ],
          [
            80.258993,
            13.0096536
          ],
          [
            80.2590081,
            13.0097376
          ]
        ]
      }
    },
    {
      "type": "Feature",
      "properties": {
        "osm_id": "715839710",
        "layer": "road",
        "highway": "residential"
      },
      "geometry": {
        "type": "LineString",
        "coordinates": [
          [
            80.2595885,
            13.0094047
          ],
          [
            80.2595611,
            13.009237
          ],
          [
            80.2595311,
            13.0089881
          ],
          [
            80.2594768,
            13.0086377
          ],
          [
            80.2594657,
            13.0084644
          ],
          [
            80.2594776,
            13.008121
          ]
        ]
      }
    },
    {
      "type": "Feature",
      "properties": {
        "osm_id": "750685256",
        "layer": "road",
        "highway": "residential"
      },
      "geometry": {
        "type": "LineString",
        "coordinates": [
          [
            80.2633221,
            13.0025068
          ],
          [
            80.2639595,
            13.0023886
          ],
          [
            80.2641117,
            13.002369
          ],
          [
            80.2641571,
            13.0023498
          ]
        ]
      }
    },
    {
      "type": "Feature",
      "properties": {
        "osm_id": "813172991",
        "layer": "building",
        "building": "yes"
      },
      "geometry": {
        "type": "Polygon",
        "coordinates": [
          [
            [
              80.2628725,
              13.0067161
            ],
            [
              80.2630342,
              13.0066898
            ],
            [
              80.263018,
              13.0065953
            ],
            [
              80.2628563,
              13.0066215
            ],
            [
              80.2628725,
              13.0067161
            ]
          ]
        ]
      }
    },
    {
      "type": "Feature",
      "properties": {
        "osm_id": "813172992",
        "layer": "building",
        "building": "yes"
      },
      "geometry": {
        "type": "Polygon",
        "coordinates": [
          [
            [
              80.2626992,
              13.0071606
            ],
            [
              80.2627188,
              13.0070214
            ],
            [
              80.2628151,
              13.0070343
            ],
            [
              80.2628039,
              13.0071137
            ],
            [
              80.2628315,
              13.0071174
            ],
            [
              80.2628231,
              13.0071772
            ],
            [
              80.2626992,
              13.0071606
            ]
          ]
        ]
      }
    },
    {
      "type": "Feature",
      "properties": {
        "osm_id": "813172993",
        "layer": "building",
        "building": "yes"
      },
      "geometry": {
        "type": "Polygon",
        "coordinates": [
          [
            [
              80.262954,
              13.0071385
            ],
            [
              80.2629332,
              13.0070349
            ],
            [
              80.2630828,
              13.0070065
            ],
            [
              80.2631035,
              13.00711
            ],
            [
              80.262954,
              13.0071385
            ]
          ]
        ]
      }
    },
    {
      "type": "Feature",
      "properties": {
        "osm_id": "813172994",
        "layer": "building",
        "amenity": "place_of_worship",
        "building": "yes",
        "religion": "hindu"
      },
      "geometry": {
        "type": "Polygon",
        "coordinates": [
          [
            [
              80.2630966,
              13.0074464
            ],
            [
              80.2632454,
              13.0074787
            ],
            [
              80.2632565,
              13.0074301
            ],
            [
              80.2631077,
              13.0073978
            ],
            [
              80.2630966,
              13.0074464
            ]
          ]
        ]
      }
    },
    {
      "type": "Feature",
      "properties": {
        "osm_id": "851388382",
        "layer": "building",
        "addr:city": "Chennai",
        "addr:postcode": "600020",
        "addr:street": "Kasturibai Nagar 1st Cross Street",
        "brand": "TVS Motors",
        "building": "yes",
        "email": "info@ramkaytvs.com",
        "name": "Ramkay TVS",
        "opening_hours": "Mo-Sa 09:30-19:30",
        "operator": "Ramkay",
        "payment:cash": "yes",
        "payment:credit_cards": "yes",
        "payment:debit_cards": "yes",
        "phone": "+91 99401 77708",
        "shop": "motorcycle",
        "website": "https://www.ramkaytvs.com/"
      },
      "geometry": {
        "type": "Polygon",
        "coordinates": [
          [
            [
              80.2547752,
              13.0063288
            ],
            [
              80.2550326,
              13.0063209
            ],
            [
              80.2550219,
              13.0061667
            ],
            [
              80.2549349,
              13.0061703
            ],
            [
              80.2547697,
              13.0061771
            ],
            [
              80.2547752,
              13.0063288
            ]
          ]
        ]
      }
    },
    {
      "type": "Feature",
      "properties": {
        "osm_id": "993592408",
        "layer": "road",
        "highway": "residential"
      },
      "geometry": {
        "type": "LineString",
        "coordinates": [
          [
            80.2606583,
            13.0041555
          ],
          [
            80.2610118,
            13.004121
          ],
          [
            80.2610426,
            13.0041174
          ],
          [
            80.2610642,
            13.004106
          ],
          [
            80.2610695,
            13.0040877
          ],
          [
            80.2610226,
            13.0038158
          ],
          [
            80.260895,
            13.0030041
          ],
          [
            80.2608939,
            13.002998
          ],
          [
            80.260891,
            13.0029949
          ],
          [
            80.2608857,
            13.0029939
          ],
          [
            80.2608803,
            13.0029949
          ],
          [
            80.2608525,
            13.0030001
          ],
          [
            80.2608458,
            13.003001
          ],
          [
            80.2608398,
            13.0029992
          ],
          [
            80.2608342,
            13.0029934
          ],
          [
            80.260833,
            13.0029851
          ],
          [
            80.2607476,
            13.0023673
          ]
        ]
      }
    },
    {
      "type": "Feature",
      "properties": {
        "osm_id": "993592409",
        "layer": "road",
        "access": "private",
        "highway": "service",
        "oneway": "yes",
        "source": "maxar"
      },
      "geometry": {
        "type": "LineString",
        "coordinates": [
          [
            80.2589567,
            13.0051882
          ],
          [
            80.2590182,
            13.0052346
          ],
          [
            80.2591192,
            13.0052216
          ],
          [
            80.2591584,
            13.0053148
          ],
          [
            80.2602056,
            13.0052908
          ],
          [
            80.2601785,
            13.0046787
          ],
          [
            80.2598105,
            13.0046911
          ],
          [
            80.2596496,
            13.0046932
          ],
          [
            80.2589653,
            13.0047318
          ],
          [
            80.2588798,
            13.0047403
          ]
        ]
      }
    },
    {
      "type": "Feature",
      "properties": {
        "osm_id": "993592410",
        "layer": "road",
        "highway": "residential",
        "source": "maxar"
      },
      "geometry": {
        "type": "LineString",
        "coordinates": [
          [
            80.2584799,
            13.0055726
          ],
          [
            80.2589521,
            13.0055769
          ],
          [
            80.258936,
            13.0052579
          ],
          [
            80.2588931,
            13.0051878
          ]
        ]
      }
    },
    {
      "type": "Feature",
      "properties": {
        "osm_id": "993592435",
        "layer": "road",
        "access": "private",
        "highway": "service",
        "source": "maxar"
      },
      "geometry": {
        "type": "LineString",
        "coordinates": [
          [
            80.2546257,
            13.0041452
          ],
          [
            80.2546597,
            13.0041442
          ],
          [
            80.2549874,
            13.0041348
          ]
        ]
      }
    },
    {
      "type": "Feature",
      "properties": {
        "osm_id": "993592436",
        "layer": "road",
        "highway": "residential",
        "source": "maxar"
      },
      "geometry": {
        "type": "LineString",
        "coordinates": [
          [
            80.2546258,
            13.004716
          ],
          [
            80.2531271,
            13.0047272
          ]
        ]
      }
    },
    {
      "type": "Feature",
      "properties": {
        "osm_id": "993592438",
        "layer": "road",
        "highway": "residential",
        "source": "maxar"
      },
      "geometry": {
        "type": "LineString",
        "coordinates": [
          [
            80.2502343,
            13.0083317
          ],
          [
            80.2508483,
            13.0083082
          ],
          [
            80.2515241,
            13.0082793
          ],
          [
            80.2544743,
            13.0081382
          ]
        ]
      }
    },
    {
      "type": "Feature",
      "properties": {
        "osm_id": "993592439",
        "layer": "road",
        "highway": "residential",
        "source": "maxar"
      },
      "geometry": {
        "type": "LineString",
        "coordinates": [
          [
            80.2514917,
            13.0073332
          ],
          [
            80.2520471,
            13.007307
          ],
          [
            80.2528302,
            13.0072652
          ],
          [
            80.2544166,
            13.0072129
          ]
        ]
      }
    },
    {
      "type": "Feature",
      "properties": {
        "osm_id": "993592441",
        "layer": "road",
        "highway": "residential",
        "source": "maxar"
      },
      "geometry": {
        "type": "LineString",
        "coordinates": [
          [
            80.2533107,
            13.0106757
          ],
          [
            80.2536687,
            13.0109132
          ],
          [
            80.2541274,
            13.0111484
          ]
        ]
      }
    },
    {
      "type": "Feature",
      "properties": {
        "osm_id": "993592442",
        "layer": "road",
        "access": "private",
        "highway": "service",
        "source": "maxar"
      },
      "geometry": {
        "type": "LineString",
        "coordinates": [
          [
            80.2503741,
            13.0104927
          ],
          [
            80.2503972,
            13.0107198
          ],
          [
            80.250542,
            13.0110909
          ],
          [
            80.2516522,
            13.0131297
          ],
          [
            80.2517326,
            13.0132238
          ],
          [
            80.2519042,
            13.0132238
          ],
          [
            80.2524995,
            13.0128108
          ],
          [
            80.2526175,
            13.0126958
          ],
          [
            80.252595,
            13.0125505
          ]
        ]
      }
    },
    {
      "type": "Feature",
      "properties": {
        "osm_id": "993792290",
        "layer": "road",
        "highway": "service",
        "source": "maxar"
      },
      "geometry": {
        "type": "LineString",
        "coordinates": [
          [
            80.2585878,
            13.0087119
          ],
          [
            80.2585552,
            13.0087192
          ],
          [
            80.2579664,
            13.0088029
          ]
        ]
      }
    },
    {
      "type": "Feature",
      "properties": {
        "osm_id": "993792291",
        "layer": "road",
        "highway": "residential",
        "source": "maxar"
      },
      "geometry": {
        "type": "LineString",
        "coordinates": [
          [
            80.2603068,
            13.009425
          ],
          [
            80.2596371,
            13.0095522
          ],
          [
            80.2594726,
            13.0096289
          ],
          [
            80.2592391,
            13.0096341
          ]
        ]
      }
    },
    {
      "type": "Feature",
      "properties": {
        "osm_id": "993792292",
        "layer": "road",
        "highway": "residential",
        "name": "Vasantha Press Road (South)"
      },
      "geometry": {
        "type": "LineString",
        "coordinates": [
          [
            80.2614169,
            13.0093509
          ],
          [
            80.2622133,
            13.0093246
          ],
          [
            80.2626184,
            13.0093063
          ],
          [
            80.2628759,
            13.0093193
          ],
          [
            80.2629858,
            13.0093246
          ],
          [
            80.2630101,
            13.0093318
          ]
        ]
      }
    },
    {
      "type": "Feature",
      "properties": {
        "osm_id": "1016457221",
        "layer": "road",
        "highway": "path",
        "name": "Adyar River Pathway",
        "surface": "dirt"
      },
      "geometry": {
        "type": "LineString",
        "coordinates": [
          [
            80.2486394,
            13.0179437
          ],
          [
            80.2487825,
            13.0176452
          ],
          [
            80.248884,
            13.0173805
          ],
          [
            80.2489781,
            13.0170905
          ],
          [
            80.2490709,
            13.0168053
          ],
          [
            80.2491281,
            13.0166925
          ],
          [
            80.2492826,
            13.0164233
          ],
          [
            80.2494208,
            13.0162033
          ],
          [
            80.2495351,
            13.0160142
          ],
          [
            80.2497003,
            13.0156893
          ],
          [
            80.249827,
            13.0154589
          ],
          [
            80.2499269,
            13.0153123
          ],
          [
            80.2501111,
            13.0150734
          ],
          [
            80.250321,
            13.014822
          ],
          [
            80.2504911,
            13.0146365
          ],
          [
            80.250625,
            13.0145072
          ],
          [
            80.2507193,
            13.0144256
          ],
          [
            80.250876,
            13.0143058
          ],
          [
            80.2510225,
            13.014195
          ],
          [
            80.2511698,
            13.01408
          ],
          [
            80.2513501,
            13.0139494
          ],
          [
            80.2514271,
            13.0138833
          ],
          [
            80.2515057,
            13.0137948
          ],
          [
            80.2516471,
            13.0136329
          ],
          [
            80.251697,
            13.0135765
          ],
          [
            80.2517417,
            13.0135329
          ],
          [
            80.2517793,
            13.0135002
          ],
          [
            80.251823,
            13.0134745
          ],
          [
            80.2518677,
            13.0134547
          ],
          [
            80.2519363,
            13.0134328
          ],
          [
            80.2521966,
            13.0133537
          ],
          [
            80.2523173,
            13.0133119
          ],
          [
            80.2523911,
            13.0132779
          ],
          [
            80.252489,
            13.0132256
          ],
          [
            80.2526081,
            13.0131409
          ],
          [
            80.2527806,
            13.0130058
          ],
          [
            80.2529237,
            13.0128796
          ],
          [
            80.253044,
            13.0127837
          ],
          [
            80.2530574,
            13.012773
          ],
          [
            80.2533742,
            13.0125644
          ],
          [
            80.2536732,
            13.0123541
          ],
          [
            80.2541667,
            13.0119883
          ],
          [
            80.2545316,
            13.0117101
          ],
          [
            80.2548696,
            13.0114687
          ],
          [
            80.2551267,
            13.0112516
          ],
          [
            80.2552219,
            13.0111745
          ],
          [
            80.2553573,
            13.0110752
          ],
          [
            80.2554297,
            13.0110282
          ],
          [
            80.2555384,
            13.0109864
          ],
          [
            80.2556551,
            13.0109511
          ],
          [
            80.2558039,
            13.0109093
          ],
          [
            80.2559702,
            13.0108675
          ],
          [
            80.256084,
            13.0108488
          ],
          [
            80.2561786,
            13.0108451
          ],
          [
            80.2563059,
            13.0108485
          ],
          [
            80.2564866,
            13.010863
          ],
          [
            80.2566489,
            13.0108747
          ],
          [
            80.2567443,
            13.0108783
          ],
          [
            80.2568252,
            13.0108765
          ],
          [
            80.2568882,
            13.0108666
          ],
          [
            80.2569644,
            13.0108438
          ],
          [
            80.2570803,
            13.0108081
          ],
          [
            80.2572134,
            13.0107784
          ],
          [
            80.2572917,
            13.0107685
          ],
          [
            80.2573974,
            13.0107616
          ],
          [
            80.2575183,
            13.0107616
          ],
          [
            80.2576098,
            13.0107705
          ],
          [
            80.2576931,
            13.0107883
          ],
          [
            80.2582592,
            13.0109267
          ],
          [
            80.2583746,
            13.0109624
          ],
          [
            80.258464,
            13.0109954
          ],
          [
            80.2585965,
            13.0110374
          ],
          [
            80.2587228,
            13.0110749
          ],
          [
            80.2588044,
            13.0110899
          ],
          [
            80.2588907,
            13.0110945
          ],
          [
            80.2589706,
            13.0111435
          ]
        ]
      }
    },
    {
      "type": "Feature",
      "properties": {
        "osm_id": "1016457223",
        "layer": "road",
        "highway": "path"
      },
      "geometry": {
        "type": "LineString",
        "coordinates": [
          [
            80.253044,
            13.0127837
          ],
          [
            80.2530066,
            13.0127328
          ],
          [
            80.2527709,
            13.0124115
          ]
        ]
      }
    },
    {
      "type": "Feature",
      "properties": {
        "osm_id": "1039298140",
        "layer": "1",
        "alt_name": "Sardar Vallabhai Patel Flyover",
        "bridge": "yes",
        "highway": "secondary",
        "name": "Adyar Flyover",
        "name:etymology:wikidata": "Q380144",
        "name:ta": "\u0b85\u0b9f\u0bc8\u0baf\u0bbe\u0bb1\u0bc1 \u0bae\u0bc7\u0bae\u0bcd\u0baa\u0bbe\u0bb2\u0bae\u0bcd",
        "oneway": "yes",
        "surface": "asphalt"
      },
      "geometry": {
        "type": "LineString",
        "coordinates": [
          [
            80.2572671,
            13.0052844
          ],
          [
            80.2571409,
            13.0047056
          ],
          [
            80.257101,
            13.0045246
          ]
        ]
      }
    },
    {
      "type": "Feature",
      "properties": {
        "osm_id": "1039298141",
        "layer": "road",
        "highway": "primary",
        "name": "Sardar Patel Road",
        "name:etymology:wikidata": "Q9455",
        "oneway": "yes"
      },
      "geometry": {
        "type": "LineString",
        "coordinates": [
          [
            80.2591237,
            13.0073191
          ],
          [
            80.2587818,
            13.007234
          ],
          [
            80.2585655,
            13.0071346
          ],
          [
            80.2583614,
            13.0070054
          ],
          [
            80.2580777,
            13.0068187
          ],
          [
            80.2580383,
            13.006796
          ],
          [
            80.2577917,
            13.0066539
          ]
        ]
      }
    },
    {
      "type": "Feature",
      "properties": {
        "osm_id": "1039298142",
        "layer": "road",
        "highway": "primary",
        "name": "Durgabai Deshmukh Road",
        "name:etymology:wikidata": "Q3763917",
        "name:ta": "\u0ba4\u0bc1\u0bb0\u0bcd\u0b95\u0bbe\u0baa\u0bbe\u0baf\u0bcd \u0ba4\u0bc7\u0bb7\u0bcd\u0bae\u0bc1\u0b95\u0bcd \u0b9a\u0bbe\u0bb2\u0bc8",
        "oneway": "yes",
        "surface": "asphalt"
      },
      "geometry": {
        "type": "LineString",
        "coordinates": [
          [
            80.258616,
            13.0075262
          ],
          [
            80.2588378,
            13.0079094
          ],
          [
            80.2589061,
            13.0080754
          ],
          [
            80.2589687,
            13.0082519
          ]
        ]
      }
    },
    {
      "type": "Feature",
      "properties": {
        "osm_id": "1054995973",
        "layer": "road",
        "highway": "residential",
        "name": "Gandhi Nagar 4th Main Road",
        "oneway": "yes"
      },
      "geometry": {
        "type": "LineString",
        "coordinates": [
          [
            80.2590552,
            13.0092589
          ],
          [
            80.2589556,
            13.0092639
          ]
        ]
      }
    },
    {
      "type": "Feature",
      "properties": {
        "osm_id": "1058767094",
        "layer": "road",
        "highway": "primary_link",
        "oneway": "yes",
        "surface": "asphalt"
      },
      "geometry": {
        "type": "LineString",
        "coordinates": [
          [
            80.2577917,
            13.0066539
          ],
          [
            80.257597,
            13.0064597
          ]
        ]
      }
    },
    {
      "type": "Feature",
      "properties": {
        "osm_id": "1082631147",
        "layer": "1",
        "alt_name": "Sardar Vallabhai Patel Flyover",
        "bridge": "yes",
        "highway": "primary",
        "name": "Adyar Flyover",
        "name:etymology:wikidata": "Q380144",
        "name:ta": "\u0b85\u0b9f\u0bc8\u0baf\u0bbe\u0bb1\u0bc1 \u0bae\u0bc7\u0bae\u0bcd\u0baa\u0bbe\u0bb2\u0bae\u0bcd"
      },
      "geometry": {
        "type": "LineString",
        "coordinates": [
          [
            80.2577905,
            13.0067676
          ],
          [
            80.2574698,
            13.0066422
          ],
          [
            80.257236,
            13.006594
          ],
          [
            80.2569517,
            13.0065721
          ],
          [
            80.255689,
            13.0065493
          ]
        ]
      }
    },
    {
      "type": "Feature",
      "properties": {
        "osm_id": "1083755997",
        "layer": "road",
        "highway": "residential",
        "surface": "asphalt"
      },
      "geometry": {
        "type": "LineString",
        "coordinates": [
          [
            80.2526029,
            13.0064867
          ],
          [
            80.2526015,
            13.0065875
          ]
        ]
      }
    },
    {
      "type": "Feature",
      "properties": {
        "osm_id": "1115485216",
        "layer": "building",
        "building": "apartments",
        "building:levels": "18",
        "name": "TVH Quadrant"
      },
      "geometry": {
        "type": "Polygon",
        "coordinates": [
          [
            [
              80.2572736,
              13.0040215
            ],
            [
              80.2572546,
              13.0038279
            ],
            [
              80.2575004,
              13.003805
            ],
            [
              80.2574862,
              13.0036611
            ],
            [
              80.2576901,
              13.0036421
            ],
            [
              80.2577032,
              13.0037907
            ],
            [
              80.2579816,
              13.0037671
            ],
            [
              80.2579998,
              13.0039579
            ],
            [
              80.2577266,
              13.0039833
            ],
            [
              80.2577384,
              13.0041036
            ],
            [
              80.2575318,
              13.0041228
            ],
            [
              80.2575195,
              13.0039985
            ],
            [
              80.2572736,
              13.0040215
            ]
          ]
        ]
      }
    },
    {
      "type": "Feature",
      "properties": {
        "osm_id": "1115485217",
        "layer": "building",
        "addr:city": "Chennai",
        "addr:district": "Chennai",
        "addr:housenumber": "106-107",
        "addr:postcode": "60002",
        "addr:street": "Dr. Muthulakshmi Salai (Lattice Bridge Road)",
        "building": "apartments",
        "building:flats": "56",
        "building:levels": "16",
        "height": "80",
        "name": "Tower of Adyar"
      },
      "geometry": {
        "type": "Polygon",
        "coordinates": [
          [
            [
              80.2567365,
              13.0041964
            ],
            [
              80.25676,
              13.0043549
            ],
            [
              80.256518,
              13.0043889
            ],
            [
              80.2564945,
              13.0042304
            ],
            [
              80.2567365,
              13.0041964
            ]
          ]
        ]
      }
    },
    {
      "type": "Feature",
      "properties": {
        "osm_id": "1126035019",
        "layer": "building",
        "building": "yes",
        "building:levels": "2"
      },
      "geometry": {
        "type": "Polygon",
        "coordinates": [
          [
            [
              80.2596487,
              13.0074987
            ],
            [
              80.259726,
              13.0074327
            ],
            [
              80.2597737,
              13.0074856
            ],
            [
              80.2596963,
              13.0075517
            ],
            [
              80.2596487,
              13.0074987
            ]
          ]
        ]
      }
    },
    {
      "type": "Feature",
      "properties": {
        "osm_id": "1126035020",
        "layer": "building",
        "building": "yes"
      },
      "geometry": {
        "type": "Polygon",
        "coordinates": [
          [
            [
              80.2597549,
              13.0077585
            ],
            [
              80.2597723,
              13.007541
            ],
            [
              80.2598591,
              13.0075476
            ],
            [
              80.2598417,
              13.0077651
            ],
            [
              80.2597549,
              13.0077585
            ]
          ]
        ]
      }
    },
    {
      "type": "Feature",
      "properties": {
        "osm_id": "1126035021",
        "layer": "building",
        "building": "yes"
      },
      "geometry": {
        "type": "Polygon",
        "coordinates": [
          [
            [
              80.2598417,
              13.0077651
            ],
            [
              80.2598359,
              13.0078387
            ],
            [
              80.2599597,
              13.0078479
            ],
            [
              80.2599529,
              13.0079346
            ],
            [
              80.2597423,
              13.007919
            ],
            [
              80.2597549,
              13.0077585
            ],
            [
              80.2598417,
              13.0077651
            ]
          ]
        ]
      }
    },
    {
      "type": "Feature",
      "properties": {
        "osm_id": "1126035022",
        "layer": "building",
        "building": "yes"
      },
      "geometry": {
        "type": "Polygon",
        "coordinates": [
          [
            [
              80.2599529,
              13.0079346
            ],
            [
              80.2599963,
              13.0079378
            ],
            [
              80.2599958,
              13.007944
            ],
            [
              80.2600991,
              13.0079517
            ],
            [
              80.2601052,
              13.0078739
            ],
            [
              80.2601755,
              13.0078791
            ],
            [
              80.2601817,
              13.0077998
            ],
            [
              80.260117,
              13.007795
            ],
            [
              80.2601289,
              13.0076424
            ],
            [
              80.2599767,
              13.007631
            ],
            [
              80.2599597,
              13.0078479
            ],
            [
              80.2599529,
              13.0079346
            ]
          ]
        ]
      }
    },
    {
      "type": "Feature",
      "properties": {
        "osm_id": "1126038392",
        "layer": "building",
        "building": "hospital",
        "building:levels": "10"
      },
      "geometry": {
        "type": "Polygon",
        "coordinates": [
          [
            [
              80.2588562,
              13.0101406
            ],
            [
              80.2588527,
              13.0099576
            ],
            [
              80.2585226,
              13.0099634
            ],
            [
              80.258526,
              13.0101465
            ],
            [
              80.2586601,
              13.0101441
            ],
            [
              80.2588562,
              13.0101406
            ]
          ]
        ]
      }
    },
    {
      "type": "Feature",
      "properties": {
        "osm_id": "1126038393",
        "layer": "building",
        "building": "hospital",
        "building:levels": "10"
      },
      "geometry": {
        "type": "Polygon",
        "coordinates": [
          [
            [
              80.2586601,
              13.0101441
            ],
            [
              80.2586637,
              13.0103786
            ],
            [
              80.2585088,
              13.010381
            ],
            [
              80.2585086,
              13.01035
            ],
            [
              80.2585082,
              13.0102411
            ],
            [
              80.2585273,
              13.0102207
            ],
            [
              80.258526,
              13.0101465
            ],
            [
              80.2586601,
              13.0101441
            ]
          ]
        ]
      }
    },
    {
      "type": "Feature",
      "properties": {
        "osm_id": "1126038394",
        "layer": "building",
        "building": "hospital",
        "building:levels": "10"
      },
      "geometry": {
        "type": "Polygon",
        "coordinates": [
          [
            [
              80.2585086,
              13.01035
            ],
            [
              80.2583227,
              13.0103534
            ],
            [
              80.2583202,
              13.0102456
            ],
            [
              80.2585082,
              13.0102411
            ],
            [
              80.2585086,
              13.01035
            ]
          ]
        ]
      }
    },
    {
      "type": "Feature",
      "properties": {
        "osm_id": "1126038395",
        "layer": "road",
        "access": "private",
        "highway": "service",
        "oneway": "yes"
      },
      "geometry": {
        "type": "LineString",
        "coordinates": [
          [
            80.2590669,
            13.0101562
          ],
          [
            80.2589259,
            13.0101597
          ],
          [
            80.2588812,
            13.0101605
          ],
          [
            80.258702,
            13.0101648
          ],
          [
            80.2586959,
            13.0101659
          ],
          [
            80.2586906,
            13.0101687
          ],
          [
            80.2586864,
            13.0101739
          ],
          [
            80.2586837,
            13.010181
          ],
          [
            80.2586827,
            13.0101886
          ],
          [
            80.2586876,
            13.01037
          ],
          [
            80.2586855,
            13.0103779
          ],
          [
            80.2586815,
            13.0103862
          ],
          [
            80.2586772,
            13.0103926
          ],
          [
            80.2586714,
            13.0103955
          ],
          [
            80.258662,
            13.010397
          ],
          [
            80.2586146,
            13.0103967
          ],
          [
            80.2585692,
            13.0103965
          ],
          [
            80.2585056,
            13.0103935
          ],
          [
            80.2584525,
            13.0103877
          ],
          [
            80.2583241,
            13.0103721
          ],
          [
            80.2583169,
            13.0103706
          ],
          [
            80.2583113,
            13.0103675
          ],
          [
            80.2583064,
            13.0103609
          ],
          [
            80.2583053,
            13.0103539
          ],
          [
            80.2583037,
            13.0102463
          ],
          [
            80.258305,
            13.0102397
          ],
          [
            80.2583066,
            13.0102354
          ],
          [
            80.2583111,
            13.0102316
          ],
          [
            80.2583176,
            13.0102306
          ],
          [
            80.2584639,
            13.0102278
          ],
          [
            80.2584807,
            13.0102232
          ],
          [
            80.2584944,
            13.0102109
          ],
          [
            80.2585054,
            13.010195
          ],
          [
            80.2585086,
            13.0101786
          ],
          [
            80.2585091,
            13.010157
          ],
          [
            80.2585071,
            13.0099771
          ],
          [
            80.2585075,
            13.0099646
          ],
          [
            80.2585106,
            13.0099581
          ],
          [
            80.2585159,
            13.009953
          ],
          [
            80.2585257,
            13.0099491
          ],
          [
            80.2585372,
            13.0099474
          ],
          [
            80.2585496,
            13.0099465
          ],
          [
            80.2588755,
            13.0099415
          ],
          [
            80.2589187,
            13.0099407
          ],
          [
            80.2590617,
            13.0099378
          ]
        ]
      }
    },
    {
      "type": "Feature",
      "properties": {
        "osm_id": "1126038396",
        "layer": "road",
        "access": "private",
        "highway": "service",
        "oneway": "yes"
      },
      "geometry": {
        "type": "LineString",
        "coordinates": [
          [
            80.2588812,
            13.0101605
          ],
          [
            80.2588755,
            13.0099415
          ]
        ]
      }
    },
    {
      "type": "Feature",
      "properties": {
        "osm_id": "1126038397",
        "layer": "building",
        "building": "yes"
      },
      "geometry": {
        "type": "Polygon",
        "coordinates": [
          [
            [
              80.2581996,
              13.0103209
            ],
            [
              80.2582669,
              13.0103209
            ],
            [
              80.2582684,
              13.0101938
            ],
            [
              80.2581998,
              13.0101944
            ],
            [
              80.2581996,
              13.0103209
            ]
          ]
        ]
      }
    },
    {
      "type": "Feature",
      "properties": {
        "osm_id": "1128424563",
        "layer": "building",
        "building": "yes",
        "check_date": "2025-02-23",
        "club": "yes",
        "name": "Gandhi Nagar Club"
      },
      "geometry": {
        "type": "Polygon",
        "coordinates": [
          [
            [
              80.2548336,
              13.0099527
            ],
            [
              80.2548038,
              13.0099536
            ],
            [
              80.2546552,
              13.0099579
            ],
            [
              80.2546512,
              13.009827
            ],
            [
              80.2546736,
              13.0098264
            ],
            [
              80.2546712,
              13.0097495
            ],
            [
              80.254648,
              13.0097502
            ],
            [
              80.2546449,
              13.0096543
            ],
            [
              80.2547238,
              13.0096519
            ],
            [
              80.2547233,
              13.0096369
            ],
            [
              80.2548479,
              13.009633
            ],
            [
              80.2548486,
              13.0096517
            ],
            [
              80.2548908,
              13.0096503
            ],
            [
              80.2548896,
              13.0096152
            ],
            [
              80.255001,
              13.0096115
            ],
            [
              80.2550015,
              13.0096263
            ],
            [
              80.2550861,
              13.0096236
            ],
            [
              80.2551281,
              13.0096007
            ],
            [
              80.2551939,
              13.0095988
            ],
            [
              80.2551971,
              13.009704
            ],
            [
              80.2551844,
              13.0097194
            ],
            [
              80.2551249,
              13.0097224
            ],
            [
              80.2551082,
              13.009744
            ],
            [
              80.2550135,
              13.0097475
            ],
            [
              80.2550063,
              13.0097427
            ],
            [
              80.2549012,
              13.0097479
            ],
            [
              80.2548926,
              13.0097624
            ],
            [
              80.2548633,
              13.0097651
            ],
            [
              80.2548502,
              13.009751
            ],
            [
              80.2548296,
              13.0097516
            ],
            [
              80.2548312,
              13.0098071
            ],
            [
              80.2548588,
              13.0098063
            ],
            [
              80.2548627,
              13.0099351
            ],
            [
              80.2548331,
              13.009936
            ],
            [
              80.2548336,
              13.0099527
            ]
          ]
        ]
      }
    },
    {
      "type": "Feature",
      "properties": {
        "osm_id": "1128426962",
        "layer": "building",
        "building": "school",
        "building:levels": "4"
      },
      "geometry": {
        "type": "Polygon",
        "coordinates": [
          [
            [
              80.260533,
              13.010096
            ],
            [
              80.2606709,
              13.0100957
            ],
            [
              80.2606708,
              13.0099902
            ],
            [
              80.2607011,
              13.0099901
            ],
            [
              80.260701,
              13.0099256
            ],
            [
              80.2606373,
              13.0099257
            ],
            [
              80.2606371,
              13.0098309
            ],
            [
              80.2607068,
              13.0098308
            ],
            [
              80.2607066,
              13.0097329
            ],
            [
              80.2605324,
              13.0097332
            ],
            [
              80.260533,
              13.010096
            ]
          ]
        ]
      }
    },
    {
      "type": "Feature",
      "properties": {
        "osm_id": "1128426963",
        "layer": "building",
        "building": "school",
        "building:levels": "4"
      },
      "geometry": {
        "type": "Polygon",
        "coordinates": [
          [
            [
              80.2606709,
              13.0100957
            ],
            [
              80.2613273,
              13.0101013
            ],
            [
              80.2613282,
              13.0099972
            ],
            [
              80.2612075,
              13.0099962
            ],
            [
              80.2610365,
              13.0099948
            ],
            [
              80.2610367,
              13.0099674
            ],
            [
              80.2610044,
              13.0099671
            ],
            [
              80.2610042,
              13.0099941
            ],
            [
              80.2607011,
              13.0099901
            ],
            [
              80.2606708,
              13.0099902
            ],
            [
              80.2606709,
              13.0100957
            ]
          ]
        ]
      }
    },
    {
      "type": "Feature",
      "properties": {
        "osm_id": "1128426965",
        "layer": "building",
        "building": "school",
        "building:levels": "4"
      },
      "geometry": {
        "type": "Polygon",
        "coordinates": [
          [
            [
              80.2613273,
              13.0101013
            ],
            [
              80.2613786,
              13.0101007
            ],
            [
              80.2613808,
              13.0097473
            ],
            [
              80.2612081,
              13.0097468
            ],
            [
              80.2612059,
              13.009843
            ],
            [
              80.2612816,
              13.0098451
            ],
            [
              80.2612816,
              13.0099472
            ],
            [
              80.2612086,
              13.0099461
            ],
            [
              80.2612075,
              13.0099962
            ],
            [
              80.2613282,
              13.0099972
            ],
            [
              80.2613273,
              13.0101013
            ]
          ]
        ]
      }
    },
    {
      "type": "Feature",
      "properties": {
        "osm_id": "1128426966",
        "layer": "building",
        "building": "apartments",
        "building:levels": "3",
        "name": "Zolo Lyca"
      },
      "geometry": {
        "type": "Polygon",
        "coordinates": [
          [
            [
              80.2597848,
              13.0101507
            ],
            [
              80.2599375,
              13.01014
            ],
            [
              80.2599282,
              13.0100133
            ],
            [
              80.2599591,
              13.0100112
            ],
            [
              80.259953,
              13.0099289
            ],
            [
              80.2599421,
              13.0099296
            ],
            [
              80.2599371,
              13.0098615
            ],
            [
              80.2598207,
              13.0098697
            ],
            [
              80.2598317,
              13.0100194
            ],
            [
              80.2597754,
              13.0100233
            ],
            [
              80.2597848,
              13.0101507
            ]
          ]
        ]
      }
    },
    {
      "type": "Feature",
      "properties": {
        "osm_id": "1128426967",
        "layer": "building",
        "building": "yes"
      },
      "geometry": {
        "type": "Polygon",
        "coordinates": [
          [
            [
              80.2621126,
              13.0099202
            ],
            [
              80.2620843,
              13.0095065
            ],
            [
              80.2621951,
              13.0094984
            ],
            [
              80.2621989,
              13.0095361
            ],
            [
              80.2622247,
              13.0095339
            ],
            [
              80.2622435,
              13.0098243
            ],
            [
              80.262249,
              13.0099095
            ],
            [
              80.2621126,
              13.0099202
            ]
          ]
        ]
      }
    },
    {
      "type": "Feature",
      "properties": {
        "osm_id": "1128426968",
        "layer": "building",
        "building": "yes"
      },
      "geometry": {
        "type": "Polygon",
        "coordinates": [
          [
            [
              80.262249,
              13.0099095
            ],
            [
              80.2623987,
              13.009898
            ],
            [
              80.262392,
              13.0098125
            ],
            [
              80.2622435,
              13.0098243
            ],
            [
              80.262249,
              13.0099095
            ]
          ]
        ]
      }
    },
    {
      "type": "Feature",
      "properties": {
        "osm_id": "1128426969",
        "layer": "building",
        "building": "yes"
      },
      "geometry": {
        "type": "Polygon",
        "coordinates": [
          [
            [
              80.2624148,
              13.0099164
            ],
            [
              80.262431,
              13.010101
            ],
            [
              80.2622861,
              13.0101125
            ],
            [
              80.2622744,
              13.0099265
            ],
            [
              80.2624148,
              13.0099164
            ]
          ]
        ]
      }
    },
    {
      "type": "Feature",
      "properties": {
        "osm_id": "1128426970",
        "layer": "building",
        "building": "yes"
      },
      "geometry": {
        "type": "Polygon",
        "coordinates": [
          [
            [
              80.2625489,
              13.0101262
            ],
            [
              80.2625549,
              13.0099494
            ],
            [
              80.2628445,
              13.0099588
            ],
            [
              80.2628385,
              13.0101355
            ],
            [
              80.2625489,
              13.0101262
            ]
          ]
        ]
      }
    },
    {
      "type": "Feature",
      "properties": {
        "osm_id": "1128426971",
        "layer": "building",
        "building": "yes"
      },
      "geometry": {
        "type": "Polygon",
        "coordinates": [
          [
            [
              80.2625883,
              13.0088888
            ],
            [
              80.2629572,
              13.0089282
            ],
            [
              80.2629763,
              13.0087585
            ],
            [
              80.2626074,
              13.008719
            ],
            [
              80.2625883,
              13.0088888
            ]
          ]
        ]
      }
    },
    {
      "type": "Feature",
      "properties": {
        "osm_id": "1164231195",
        "layer": "building",
        "building": "yes",
        "source": "microsoft/BuildingFootprints"
      },
      "geometry": {
        "type": "Polygon",
        "coordinates": [
          [
            [
              80.2530036,
              13.0111029
            ],
            [
              80.2530625,
              13.0111605
            ],
            [
              80.2530203,
              13.0112015
            ],
            [
              80.2530805,
              13.0112602
            ],
            [
              80.2532094,
              13.0111349
            ],
            [
              80.2531559,
              13.0110826
            ],
            [
              80.2531031,
              13.0111339
            ],
            [
              80.253029,
              13.0110615
            ],
            [
              80.2531549,
              13.0109391
            ],
            [
              80.2533885,
              13.0111671
            ],
            [
              80.2531155,
              13.0114325
            ],
            [
              80.2528905,
              13.0112129
            ],
            [
              80.2530036,
              13.0111029
            ]
          ]
        ]
      }
    },
    {
      "type": "Feature",
      "properties": {
        "osm_id": "1164231196",
        "layer": "building",
        "building": "yes",
        "source": "microsoft/BuildingFootprints"
      },
      "geometry": {
        "type": "Polygon",
        "coordinates": [
          [
            [
              80.2528268,
              13.010107
            ],
            [
              80.2528898,
              13.0101083
            ],
            [
              80.252886,
              13.0102818
            ],
            [
              80.2527587,
              13.0102792
            ],
            [
              80.2527612,
              13.0101632
            ],
            [
              80.2528255,
              13.0101645
            ],
            [
              80.2528268,
              13.010107
            ]
          ]
        ]
      }
    },
    {
      "type": "Feature",
      "properties": {
        "osm_id": "1164231197",
        "layer": "building",
        "addr:city": "Chennai",
        "addr:district": "Chennai",
        "addr:housenumber": "68 & 347",
        "addr:postcode": "600020",
        "addr:street": "B. Ramachandra Adithanar Road",
        "building": "yes",
        "building:levels": "4",
        "height": "20",
        "name": "Adyar Annora Apartments",
        "source": "microsoft/BuildingFootprints"
      },
      "geometry": {
        "type": "Polygon",
        "coordinates": [
          [
            [
              80.2541585,
              13.0097734
            ],
            [
              80.254163,
              13.0096184
            ],
            [
              80.2544578,
              13.0096263
            ],
            [
              80.2544534,
              13.0097814
            ],
            [
              80.2541585,
              13.0097734
            ]
          ]
        ]
      }
    },
    {
      "type": "Feature",
      "properties": {
        "osm_id": "1164231198",
        "layer": "building",
        "building": "yes",
        "source": "microsoft/BuildingFootprints"
      },
      "geometry": {
        "type": "Polygon",
        "coordinates": [
          [
            [
              80.256909,
              13.0081392
            ],
            [
              80.2568825,
              13.0083716
            ],
            [
              80.2567156,
              13.0083534
            ],
            [
              80.2567421,
              13.0081211
            ],
            [
              80.256909,
              13.0081392
            ]
          ]
        ]
      }
    },
    {
      "type": "Feature",
      "properties": {
        "osm_id": "1188787984",
        "layer": "road",
        "highway": "residential",
        "name": "Tiruvengadam Street"
      },
      "geometry": {
        "type": "LineString",
        "coordinates": [
          [
            80.2570973,
            13.004797
          ],
          [
            80.256724,
            13.0047918
          ],
          [
            80.2559307,
            13.0047566
          ]
        ]
      }
    },
    {
      "type": "Feature",
      "properties": {
        "osm_id": "1188789758",
        "layer": "road",
        "highway": "residential"
      },
      "geometry": {
        "type": "LineString",
        "coordinates": [
          [
            80.2606439,
            13.0061106
          ],
          [
            80.2609469,
            13.0061141
          ]
        ]
      }
    },
    {
      "type": "Feature",
      "properties": {
        "osm_id": "1188790256",
        "layer": "road",
        "highway": "residential",
        "name": "Padmanabha Nagar 5th Street"
      },
      "geometry": {
        "type": "LineString",
        "coordinates": [
          [
            80.2606322,
            13.0072441
          ],
          [
            80.2606358,
            13.006789
          ],
          [
            80.2606427,
            13.0064485
          ],
          [
            80.2606439,
            13.0061106
          ],
          [
            80.2606511,
            13.0058249
          ],
          [
            80.2606621,
            13.0054456
          ],
          [
            80.2606602,
            13.0051234
          ],
          [
            80.2606632,
            13.0047552
          ],
          [
            80.2606758,
            13.0044551
          ],
          [
            80.2606583,
            13.0041555
          ],
          [
            80.2606122,
            13.003741
          ],
          [
            80.26056,
            13.0033804
          ],
          [
            80.2605092,
            13.0030555
          ],
          [
            80.2604583,
            13.0026964
          ],
          [
            80.2604238,
            13.0023737
          ]
        ]
      }
    },
    {
      "type": "Feature",
      "properties": {
        "osm_id": "1188790257",
        "layer": "road",
        "highway": "residential"
      },
      "geometry": {
        "type": "LineString",
        "coordinates": [
          [
            80.2604,
            13.0051234
          ],
          [
            80.2606602,
            13.0051234
          ]
        ]
      }
    },
    {
      "type": "Feature",
      "properties": {
        "osm_id": "1189145214",
        "layer": "road",
        "access": "private",
        "highway": "service"
      },
      "geometry": {
        "type": "LineString",
        "coordinates": [
          [
            80.2576163,
            13.0093654
          ],
          [
            80.257623,
            13.0094797
          ],
          [
            80.2576236,
            13.0095167
          ],
          [
            80.2576118,
            13.0096283
          ],
          [
            80.2575803,
            13.0097144
          ],
          [
            80.2575583,
            13.0097568
          ],
          [
            80.2575339,
            13.0097765
          ],
          [
            80.2573093,
            13.009785
          ],
          [
            80.2571754,
            13.0097941
          ]
        ]
      }
    },
    {
      "type": "Feature",
      "properties": {
        "osm_id": "1189145215",
        "layer": "road",
        "access": "private",
        "highway": "service",
        "oneway": "no"
      },
      "geometry": {
        "type": "LineString",
        "coordinates": [
          [
            80.2586044,
            13.0098329
          ],
          [
            80.2586021,
            13.0097429
          ],
          [
            80.2589347,
            13.0097394
          ],
          [
            80.2589421,
            13.0097361
          ],
          [
            80.2590081,
            13.0097376
          ]
        ]
      }
    },
    {
      "type": "Feature",
      "properties": {
        "osm_id": "1189145216",
        "layer": "road",
        "highway": "residential"
      },
      "geometry": {
        "type": "LineString",
        "coordinates": [
          [
            80.2559878,
            13.0084886
          ],
          [
            80.2560135,
            13.0089907
          ]
        ]
      }
    },
    {
      "type": "Feature",
      "properties": {
        "osm_id": "1189621125",
        "layer": "road",
        "access": "private",
        "highway": "service"
      },
      "geometry": {
        "type": "LineString",
        "coordinates": [
          [
            80.2572509,
            13.0042023
          ],
          [
            80.2572228,
            13.0039869
          ],
          [
            80.2571766,
            13.0036323
          ]
        ]
      }
    },
    {
      "type": "Feature",
      "properties": {
        "osm_id": "1189621126",
        "layer": "road",
        "access": "private",
        "highway": "service",
        "oneway": "yes"
      },
      "geometry": {
        "type": "LineString",
        "coordinates": [
          [
            80.2572509,
            13.0042023
          ],
          [
            80.2579758,
            13.0041617
          ],
          [
            80.258,
            13.0041603
          ],
          [
            80.2580211,
            13.0041473
          ],
          [
            80.2580265,
            13.004127
          ],
          [
            80.2580235,
            13.003695
          ],
          [
            80.2579991,
            13.0036385
          ],
          [
            80.2579535,
            13.0035967
          ],
          [
            80.2578835,
            13.0035781
          ],
          [
            80.2571766,
            13.0036323
          ]
        ]
      }
    },
    {
      "type": "Feature",
      "properties": {
        "osm_id": "1189621447",
        "layer": "road",
        "highway": "living_street"
      },
      "geometry": {
        "type": "LineString",
        "coordinates": [
          [
            80.2580436,
            13.0032224
          ],
          [
            80.2580371,
            13.002962
          ]
        ]
      }
    },
    {
      "type": "Feature",
      "properties": {
        "osm_id": "1191968032",
        "layer": "road",
        "highway": "residential",
        "name": "Gandhi Nagar 1st Main Road",
        "oneway": "yes"
      },
      "geometry": {
        "type": "LineString",
        "coordinates": [
          [
            80.2574438,
            13.0068127
          ],
          [
            80.2574524,
            13.0068126
          ],
          [
            80.2574605,
            13.0068164
          ],
          [
            80.2576776,
            13.0069162
          ],
          [
            80.2578641,
            13.0070019
          ],
          [
            80.2579295,
            13.007054
          ],
          [
            80.2582186,
            13.0072844
          ],
          [
            80.2585216,
            13.0076183
          ],
          [
            80.2586706,
            13.0078751
          ],
          [
            80.2588093,
            13.008209
          ],
          [
            80.2589072,
            13.0086408
          ],
          [
            80.2589223,
            13.0087073
          ],
          [
            80.2589726,
            13.0090701
          ],
          [
            80.2589556,
            13.0092639
          ]
        ]
      }
    },
    {
      "type": "Feature",
      "properties": {
        "osm_id": "1203888498",
        "layer": "road",
        "highway": "secondary_link",
        "oneway": "yes"
      },
      "geometry": {
        "type": "LineString",
        "coordinates": [
          [
            80.2575987,
            13.0067779
          ],
          [
            80.2575961,
            13.0065905
          ],
          [
            80.257597,
            13.0064597
          ],
          [
            80.2575913,
            13.0063909
          ]
        ]
      }
    },
    {
      "type": "Feature",
      "properties": {
        "osm_id": "1229268506",
        "layer": "road",
        "highway": "residential",
        "source": "maxar"
      },
      "geometry": {
        "type": "LineString",
        "coordinates": [
          [
            80.254669,
            13.0059058
          ],
          [
            80.2547719,
            13.0059015
          ],
          [
            80.2548747,
            13.0058973
          ],
          [
            80.2549595,
            13.0058973
          ],
          [
            80.2549766,
            13.0059049
          ],
          [
            80.2549843,
            13.0059168
          ],
          [
            80.2549801,
            13.006103
          ],
          [
            80.2549785,
            13.006124
          ],
          [
            80.2549672,
            13.006135
          ],
          [
            80.2549497,
            13.0061375
          ],
          [
            80.2548099,
            13.0061433
          ],
          [
            80.2546836,
            13.0061542
          ]
        ]
      }
    },
    {
      "type": "Feature",
      "properties": {
        "osm_id": "1230104239",
        "layer": "building",
        "building": "yes"
      },
      "geometry": {
        "type": "Polygon",
        "coordinates": [
          [
            [
              80.2561795,
              13.0027473
            ],
            [
              80.2563209,
              13.0027344
            ],
            [
              80.256308,
              13.0026396
            ],
            [
              80.2561907,
              13.0026368
            ],
            [
              80.2561795,
              13.0027473
            ]
          ]
        ]
      }
    },
    {
      "type": "Feature",
      "properties": {
        "osm_id": "1230104246",
        "layer": "building",
        "building": "yes"
      },
      "geometry": {
        "type": "Polygon",
        "coordinates": [
          [
            [
              80.256195,
              13.0028556
            ],
            [
              80.2564682,
              13.0028305
            ],
            [
              80.2564425,
              13.0027162
            ],
            [
              80.2561921,
              13.0027636
            ],
            [
              80.256195,
              13.0028556
            ]
          ]
        ]
      }
    },
    {
      "type": "Feature",
      "properties": {
        "osm_id": "1230104251",
        "layer": "building",
        "building": "yes"
      },
      "geometry": {
        "type": "Polygon",
        "coordinates": [
          [
            [
              80.2566399,
              13.003356
            ],
            [
              80.2567457,
              13.003349
            ],
            [
              80.2567157,
              13.003179
            ],
            [
              80.2565712,
              13.0032055
            ],
            [
              80.2565827,
              13.0032668
            ],
            [
              80.2566198,
              13.0032696
            ],
            [
              80.2566399,
              13.003356
            ]
          ]
        ]
      }
    },
    {
      "type": "Feature",
      "properties": {
        "osm_id": "1230104317",
        "layer": "building",
        "building": "yes"
      },
      "geometry": {
        "type": "Polygon",
        "coordinates": [
          [
            [
              80.2565369,
              13.0029379
            ],
            [
              80.256544,
              13.0029839
            ],
            [
              80.2566542,
              13.0029713
            ],
            [
              80.2566284,
              13.0029183
            ],
            [
              80.2565369,
              13.0029379
            ]
          ]
        ]
      }
    },
    {
      "type": "Feature",
      "properties": {
        "osm_id": "1230104519",
        "layer": "building",
        "building": "yes"
      },
      "geometry": {
        "type": "Polygon",
        "coordinates": [
          [
            [
              80.256514,
              13.0029239
            ],
            [
              80.2566828,
              13.0029016
            ],
            [
              80.2565054,
              13.0028682
            ],
            [
              80.256514,
              13.0029239
            ]
          ]
        ]
      }
    },
    {
      "type": "Feature",
      "properties": {
        "osm_id": "1230104536",
        "layer": "building",
        "building": "yes"
      },
      "geometry": {
        "type": "Polygon",
        "coordinates": [
          [
            [
              80.2565111,
              13.0030786
            ],
            [
              80.2566814,
              13.0030563
            ],
            [
              80.2566713,
              13.0030131
            ],
            [
              80.256504,
              13.0030466
            ],
            [
              80.2565111,
              13.0030786
            ]
          ]
        ]
      }
    },
    {
      "type": "Feature",
      "properties": {
        "osm_id": "1230104650",
        "layer": "building",
        "building": "yes"
      },
      "geometry": {
        "type": "Polygon",
        "coordinates": [
          [
            [
              80.256283,
              13.0030569
            ],
            [
              80.2564089,
              13.003043
            ],
            [
              80.2564089,
              13.0029914
            ],
            [
              80.2562759,
              13.0030165
            ],
            [
              80.256283,
              13.0030569
            ]
          ]
        ]
      }
    },
    {
      "type": "Feature",
      "properties": {
        "osm_id": "1230104748",
        "layer": "building",
        "building": "yes"
      },
      "geometry": {
        "type": "Polygon",
        "coordinates": [
          [
            [
              80.2564003,
              13.0032911
            ],
            [
              80.2565362,
              13.0032702
            ],
            [
              80.2565291,
              13.0032172
            ],
            [
              80.2564275,
              13.0032409
            ],
            [
              80.2564003,
              13.0032911
            ]
          ]
        ]
      }
    },
    {
      "type": "Feature",
      "properties": {
        "osm_id": "1230104756",
        "layer": "building",
        "building": "yes"
      },
      "geometry": {
        "type": "Polygon",
        "coordinates": [
          [
            [
              80.2566349,
              13.0035573
            ],
            [
              80.2567151,
              13.0035308
            ],
            [
              80.2567108,
              13.0035001
            ],
            [
              80.2566149,
              13.0035308
            ],
            [
              80.2566349,
              13.0035573
            ]
          ]
        ]
      }
    },
    {
      "type": "Feature",
      "properties": {
        "osm_id": "1230104819",
        "layer": "building",
        "building": "yes"
      },
      "geometry": {
        "type": "Polygon",
        "coordinates": [
          [
            [
              80.2564418,
              13.0034555
            ],
            [
              80.2566636,
              13.0034151
            ],
            [
              80.2566507,
              13.0033663
            ],
            [
              80.2564132,
              13.0033942
            ],
            [
              80.2564418,
              13.0034555
            ]
          ]
        ]
      }
    },
    {
      "type": "Feature",
      "properties": {
        "osm_id": "1230796902",
        "layer": "road",
        "highway": "path"
      },
      "geometry": {
        "type": "LineString",
        "coordinates": [
          [
            80.2632014,
            13.0047801
          ],
          [
            80.2632368,
            13.0048145
          ],
          [
            80.2632738,
            13.0048752
          ],
          [
            80.2633176,
            13.0048719
          ],
          [
            80.2633479,
            13.0049113
          ],
          [
            80.2633916,
            13.0049129
          ],
          [
            80.2634051,
            13.004949
          ],
          [
            80.2634236,
            13.004949
          ],
          [
            80.2634623,
            13.0049917
          ],
          [
            80.2635549,
            13.005241
          ],
          [
            80.2636071,
            13.0052754
          ],
          [
            80.2636644,
            13.0052754
          ],
          [
            80.2637794,
            13.0052627
          ]
        ]
      }
    },
    {
      "type": "Feature",
      "properties": {
        "osm_id": "1230796903",
        "layer": "road",
        "highway": "residential"
      },
      "geometry": {
        "type": "LineString",
        "coordinates": [
          [
            80.2554185,
            13.0047283
          ],
          [
            80.2554061,
            13.0050351
          ]
        ]
      }
    },
    {
      "type": "Feature",
      "properties": {
        "osm_id": "1240707053",
        "layer": "road",
        "highway": "residential",
        "name": "Gandhi Nagar 4th Main Road",
        "oneway": "yes"
      },
      "geometry": {
        "type": "LineString",
        "coordinates": [
          [
            80.2589556,
            13.0092639
          ],
          [
            80.2587131,
            13.0092828
          ]
        ]
      }
    },
    {
      "type": "Feature",
      "properties": {
        "osm_id": "1247980918",
        "layer": "road",
        "access": "private",
        "highway": "service"
      },
      "geometry": {
        "type": "LineString",
        "coordinates": [
          [
            80.2568846,
            13.0036818
          ],
          [
            80.2568263,
            13.0036942
          ],
          [
            80.2565231,
            13.0037645
          ],
          [
            80.2564798,
            13.0037755
          ],
          [
            80.2564116,
            13.0037751
          ],
          [
            80.2563362,
            13.0037531
          ],
          [
            80.2562869,
            13.0037148
          ],
          [
            80.2562475,
            13.0036498
          ],
          [
            80.2562136,
            13.0033295
          ]
        ]
      }
    },
    {
      "type": "Feature",
      "properties": {
        "osm_id": "1247981914",
        "layer": "road",
        "access": "private",
        "highway": "residential",
        "oneway": "yes"
      },
      "geometry": {
        "type": "LineString",
        "coordinates": [
          [
            80.2569128,
            13.004362
          ],
          [
            80.2568499,
            13.004385
          ],
          [
            80.2567756,
            13.0044136
          ],
          [
            80.2567076,
            13.0044331
          ],
          [
            80.2564792,
            13.004481
          ],
          [
            80.256433,
            13.0044866
          ],
          [
            80.2563941,
            13.004478
          ],
          [
            80.2563524,
            13.0044621
          ],
          [
            80.2563452,
            13.0044306
          ],
          [
            80.2563348,
            13.0043319
          ],
          [
            80.2563314,
            13.0042928
          ],
          [
            80.2563415,
            13.0042585
          ],
          [
            80.2563618,
            13.0042236
          ],
          [
            80.2563992,
            13.0042078
          ],
          [
            80.2564511,
            13.0041958
          ],
          [
            80.2568731,
            13.0041397
          ]
        ]
      }
    },
    {
      "type": "Feature",
      "properties": {
        "osm_id": "1247981915",
        "layer": "road",
        "highway": "residential",
        "oneway": "yes"
      },
      "geometry": {
        "type": "LineString",
        "coordinates": [
          [
            80.2570073,
            13.0043535
          ],
          [
            80.2569128,
            13.004362
          ]
        ]
      }
    },
    {
      "type": "Feature",
      "properties": {
        "osm_id": "1247981916",
        "layer": "road",
        "highway": "residential",
        "oneway": "yes"
      },
      "geometry": {
        "type": "LineString",
        "coordinates": [
          [
            80.2568731,
            13.0041397
          ],
          [
            80.256966,
            13.0041273
          ]
        ]
      }
    },
    {
      "type": "Feature",
      "properties": {
        "osm_id": "1247985725",
        "layer": "road",
        "highway": "service",
        "oneway": "yes"
      },
      "geometry": {
        "type": "LineString",
        "coordinates": [
          [
            80.2570466,
            13.0042221
          ],
          [
            80.2571918,
            13.0042072
          ]
        ]
      }
    },
    {
      "type": "Feature",
      "properties": {
        "osm_id": "1247985726",
        "layer": "road",
        "access": "private",
        "highway": "service",
        "oneway": "yes"
      },
      "geometry": {
        "type": "LineString",
        "coordinates": [
          [
            80.2571766,
            13.0036323
          ],
          [
            80.2570626,
            13.0036525
          ]
        ]
      }
    },
    {
      "type": "Feature",
      "properties": {
        "osm_id": "1247985727",
        "layer": "road",
        "access": "private",
        "highway": "service",
        "oneway": "yes"
      },
      "geometry": {
        "type": "LineString",
        "coordinates": [
          [
            80.2571918,
            13.0042072
          ],
          [
            80.2572509,
            13.0042023
          ]
        ]
      }
    },
    {
      "type": "Feature",
      "properties": {
        "osm_id": "1247985728",
        "layer": "road",
        "highway": "service",
        "oneway": "yes"
      },
      "geometry": {
        "type": "LineString",
        "coordinates": [
          [
            80.2570626,
            13.0036525
          ],
          [
            80.2569592,
            13.0036708
          ]
        ]
      }
    },
    {
      "type": "Feature",
      "properties": {
        "osm_id": "1247985729",
        "layer": "road",
        "access": "private",
        "highway": "service"
      },
      "geometry": {
        "type": "LineString",
        "coordinates": [
          [
            80.2571099,
            13.0040007
          ],
          [
            80.2572228,
            13.0039869
          ]
        ]
      }
    },
    {
      "type": "Feature",
      "properties": {
        "osm_id": "1247985730",
        "layer": "road",
        "highway": "service"
      },
      "geometry": {
        "type": "LineString",
        "coordinates": [
          [
            80.2570136,
            13.0040141
          ],
          [
            80.2571099,
            13.0040007
          ]
        ]
      }
    },
    {
      "type": "Feature",
      "properties": {
        "osm_id": "1250693280",
        "layer": "road",
        "highway": "residential"
      },
      "geometry": {
        "type": "LineString",
        "coordinates": [
          [
            80.2596351,
            13.0041911
          ],
          [
            80.2596668,
            13.0045314
          ]
        ]
      }
    },
    {
      "type": "Feature",
      "properties": {
        "osm_id": "1263637027",
        "layer": "building",
        "building": "yes",
        "source": "microsoft/BuildingFootprints"
      },
      "geometry": {
        "type": "Polygon",
        "coordinates": [
          [
            [
              80.2526075,
              13.0046702
            ],
            [
              80.2526082,
              13.0049919
            ],
            [
              80.2524362,
              13.0049922
            ],
            [
              80.2524354,
              13.0046706
            ],
            [
              80.2526075,
              13.0046702
            ]
          ]
        ]
      }
    },
    {
      "type": "Feature",
      "properties": {
        "osm_id": "1263637028",
        "layer": "building",
        "building": "yes",
        "source": "microsoft/BuildingFootprints"
      },
      "geometry": {
        "type": "Polygon",
        "coordinates": [
          [
            [
              80.2537354,
              13.0036666
            ],
            [
              80.2537333,
              13.0034863
            ],
            [
              80.2538282,
              13.0034852
            ],
            [
              80.2538303,
              13.0036655
            ],
            [
              80.2537354,
              13.0036666
            ]
          ]
        ]
      }
    },
    {
      "type": "Feature",
      "properties": {
        "osm_id": "1263640825",
        "layer": "building",
        "building": "yes"
      },
      "geometry": {
        "type": "Polygon",
        "coordinates": [
          [
            [
              80.2526143,
              13.0088467
            ],
            [
              80.2525951,
              13.0090432
            ],
            [
              80.2527471,
              13.0090034
            ],
            [
              80.2526979,
              13.0088249
            ],
            [
              80.2526143,
              13.0088467
            ]
          ]
        ]
      }
    },
    {
      "type": "Feature",
      "properties": {
        "osm_id": "1267586852",
        "layer": "road",
        "highway": "residential"
      },
      "geometry": {
        "type": "LineString",
        "coordinates": [
          [
            80.2586929,
            13.0032001
          ],
          [
            80.2587023,
            13.003434
          ]
        ]
      }
    },
    {
      "type": "Feature",
      "properties": {
        "osm_id": "1267586853",
        "layer": "road",
        "highway": "service"
      },
      "geometry": {
        "type": "LineString",
        "coordinates": [
          [
            80.260891,
            13.0029949
          ],
          [
            80.2611861,
            13.0029531
          ]
        ]
      }
    },
    {
      "type": "Feature",
      "properties": {
        "osm_id": "1267610370",
        "layer": "road",
        "highway": "residential",
        "name": "Malligaipoo Kuppam Road"
      },
      "geometry": {
        "type": "LineString",
        "coordinates": [
          [
            80.2576529,
            13.0106143
          ],
          [
            80.2577877,
            13.0106195
          ],
          [
            80.2579942,
            13.0106156
          ],
          [
            80.258245,
            13.0106182
          ],
          [
            80.2584314,
            13.0106522
          ],
          [
            80.2588123,
            13.0107005
          ],
          [
            80.2589773,
            13.0106809
          ],
          [
            80.2590659,
            13.0106759
          ]
        ]
      }
    },
    {
      "type": "Feature",
      "properties": {
        "osm_id": "1267610371",
        "layer": "road",
        "highway": "residential",
        "motor_vehicle": "no"
      },
      "geometry": {
        "type": "LineString",
        "coordinates": [
          [
            80.2576576,
            13.0103209
          ],
          [
            80.2576902,
            13.0103148
          ],
          [
            80.2577059,
            13.0103118
          ],
          [
            80.2578132,
            13.0103059
          ],
          [
            80.2578521,
            13.0102889
          ],
          [
            80.2579942,
            13.010153
          ],
          [
            80.2580868,
            13.0099439
          ]
        ]
      }
    },
    {
      "type": "Feature",
      "properties": {
        "osm_id": "1267610372",
        "layer": "road",
        "highway": "pedestrian"
      },
      "geometry": {
        "type": "LineString",
        "coordinates": [
          [
            80.2592535,
            13.0108847
          ],
          [
            80.2592508,
            13.0113499
          ],
          [
            80.2592334,
            13.0116433
          ]
        ]
      }
    },
    {
      "type": "Feature",
      "properties": {
        "osm_id": "1267610373",
        "layer": "1",
        "bridge": "yes",
        "highway": "pedestrian"
      },
      "geometry": {
        "type": "LineString",
        "coordinates": [
          [
            80.2592334,
            13.0116433
          ],
          [
            80.2593005,
            13.0135112
          ],
          [
            80.2593327,
            13.0147112
          ]
        ]
      }
    },
    {
      "type": "Feature",
      "properties": {
        "osm_id": "1267610376",
        "layer": "road",
        "highway": "pedestrian"
      },
      "geometry": {
        "type": "LineString",
        "coordinates": [
          [
            80.2589787,
            13.0116532
          ],
          [
            80.2589786,
            13.0113081
          ],
          [
            80.2589813,
            13.0112062
          ],
          [
            80.2589706,
            13.0111435
          ]
        ]
      }
    },
    {
      "type": "Feature",
      "properties": {
        "osm_id": "1267610377",
        "layer": "1",
        "bridge": "yes",
        "highway": "pedestrian"
      },
      "geometry": {
        "type": "LineString",
        "coordinates": [
          [
            80.2590839,
            13.0147205
          ],
          [
            80.2590564,
            13.0140521
          ],
          [
            80.2590027,
            13.0125416
          ],
          [
            80.2589787,
            13.0116532
          ]
        ]
      }
    },
    {
      "type": "Feature",
      "properties": {
        "osm_id": "1267610378",
        "layer": "road",
        "highway": "residential",
        "name": "Ramasamy Garden Street"
      },
      "geometry": {
        "type": "LineString",
        "coordinates": [
          [
            80.2604673,
            13.0093967
          ],
          [
            80.2611415,
            13.0093924
          ],
          [
            80.2612974,
            13.0093664
          ],
          [
            80.2614169,
            13.0093509
          ]
        ]
      }
    },
    {
      "type": "Feature",
      "properties": {
        "osm_id": "1287632904",
        "layer": "road",
        "highway": "residential",
        "oneway": "yes",
        "surface": "asphalt"
      },
      "geometry": {
        "type": "LineString",
        "coordinates": [
          [
            80.2590081,
            13.0097376
          ],
          [
            80.2590605,
            13.0098627
          ]
        ]
      }
    },
    {
      "type": "Feature",
      "properties": {
        "osm_id": "1306353288",
        "layer": "road",
        "highway": "residential"
      },
      "geometry": {
        "type": "LineString",
        "coordinates": [
          [
            80.2576308,
            13.0105411
          ],
          [
            80.2576274,
            13.0104496
          ],
          [
            80.2576315,
            13.0103451
          ],
          [
            80.2576402,
            13.0103327
          ],
          [
            80.2576576,
            13.0103209
          ]
        ]
      }
    },
    {
      "type": "Feature",
      "properties": {
        "osm_id": "1306516883",
        "layer": "road",
        "highway": "residential"
      },
      "geometry": {
        "type": "LineString",
        "coordinates": [
          [
            80.2534973,
            13.0102738
          ],
          [
            80.2536065,
            13.0103088
          ],
          [
            80.2539038,
            13.0104041
          ],
          [
            80.2539215,
            13.010426
          ],
          [
            80.253918,
            13.0104789
          ],
          [
            80.2538484,
            13.0106294
          ],
          [
            80.2538248,
            13.010634
          ],
          [
            80.2537882,
            13.010634
          ],
          [
            80.2535476,
            13.0105294
          ],
          [
            80.2535181,
            13.010511
          ],
          [
            80.2535122,
            13.0104789
          ],
          [
            80.2536065,
            13.0103088
          ]
        ]
      }
    },
    {
      "type": "Feature",
      "properties": {
        "osm_id": "1313401317",
        "layer": "road",
        "alt_name": "Sardar Vallabhai Patel Flyover",
        "highway": "primary",
        "name": "Adyar Flyover",
        "name:etymology:wikidata": "Q380144",
        "name:ta": "\u0b85\u0b9f\u0bc8\u0baf\u0bbe\u0bb1\u0bc1 \u0bae\u0bc7\u0bae\u0bcd\u0baa\u0bbe\u0bb2\u0bae\u0bcd"
      },
      "geometry": {
        "type": "LineString",
        "coordinates": [
          [
            80.255689,
            13.0065493
          ],
          [
            80.2551166,
            13.0065443
          ]
        ]
      }
    },
    {
      "type": "Feature",
      "properties": {
        "osm_id": "1313401318",
        "layer": "road",
        "alt_name": "Sardar Vallabhai Patel Flyover",
        "highway": "primary",
        "name": "Adyar Flyover",
        "name:etymology:wikidata": "Q380144",
        "name:ta": "\u0b85\u0b9f\u0bc8\u0baf\u0bbe\u0bb1\u0bc1 \u0bae\u0bc7\u0bae\u0bcd\u0baa\u0bbe\u0bb2\u0bae\u0bcd"
      },
      "geometry": {
        "type": "LineString",
        "coordinates": [
          [
            80.2591859,
            13.0107556
          ],
          [
            80.2591779,
            13.0105588
          ]
        ]
      }
    },
    {
      "type": "Feature",
      "properties": {
        "osm_id": "1313402849",
        "layer": "road",
        "highway": "secondary",
        "name": "Dr Muthulakshmi Salai",
        "name:etymology:wikidata": "Q4794148",
        "name:ta": "\u0bae\u0bb0\u0bc1\u0ba4\u0bcd\u0ba4\u0bc1\u0bb5\u0bb0\u0bcd \u0bae\u0bc1\u0ba4\u0bcd\u0ba4\u0bc1\u0bb2\u0b9f\u0bcd\u0b9a\u0bc1\u0bae\u0bbf \u0b9a\u0bbe\u0bb2\u0bc8",
        "oneway": "yes",
        "surface": "asphalt"
      },
      "geometry": {
        "type": "LineString",
        "coordinates": [
          [
            80.2570846,
            13.0044401
          ],
          [
            80.2570466,
            13.0042221
          ]
        ]
      }
    },
    {
      "type": "Feature",
      "properties": {
        "osm_id": "1313402850",
        "layer": "road",
        "alt_name": "Sardar Vallabhai Patel Flyover",
        "highway": "secondary",
        "name": "Adyar Flyover",
        "name:etymology:wikidata": "Q380144",
        "name:ta": "\u0b85\u0b9f\u0bc8\u0baf\u0bbe\u0bb1\u0bc1 \u0bae\u0bc7\u0bae\u0bcd\u0baa\u0bbe\u0bb2\u0bae\u0bcd",
        "oneway": "yes",
        "surface": "asphalt"
      },
      "geometry": {
        "type": "LineString",
        "coordinates": [
          [
            80.257101,
            13.0045246
          ],
          [
            80.2570846,
            13.0044401
          ]
        ]
      }
    },
    {
      "type": "Feature",
      "properties": {
        "osm_id": "1369921016",
        "layer": "road",
        "highway": "residential",
        "name": "1st Street"
      },
      "geometry": {
        "type": "LineString",
        "coordinates": [
          [
            80.2578045,
            13.0052212
          ],
          [
            80.2577823,
            13.0051601
          ],
          [
            80.2577609,
            13.0051262
          ],
          [
            80.2577313,
            13.0050961
          ],
          [
            80.2577019,
            13.0050804
          ],
          [
            80.2572522,
            13.0050826
          ]
        ]
      }
    },
    {
      "type": "Feature",
      "properties": {
        "osm_id": "1369921017",
        "layer": "road",
        "highway": "secondary_link"
      },
      "geometry": {
        "type": "LineString",
        "coordinates": [
          [
            80.2574518,
            13.0064135
          ],
          [
            80.2575913,
            13.0063909
          ]
        ]
      }
    },
    {
      "type": "Feature",
      "properties": {
        "osm_id": "1374003307",
        "layer": "road",
        "highway": "residential"
      },
      "geometry": {
        "type": "LineString",
        "coordinates": [
          [
            80.2553162,
            13.0025628
          ],
          [
            80.2553329,
            13.002961
          ]
        ]
      }
    },
    {
      "type": "Feature",
      "properties": {
        "osm_id": "1418624866",
        "layer": "road",
        "highway": "primary",
        "name": "Sardar Patel Road",
        "name:etymology:wikidata": "Q9455",
        "oneway": "yes"
      },
      "geometry": {
        "type": "LineString",
        "coordinates": [
          [
            80.2591946,
            13.0087027
          ],
          [
            80.2591851,
            13.0084203
          ],
          [
            80.2591798,
            13.008321
          ],
          [
            80.2592003,
            13.0081654
          ],
          [
            80.2592592,
            13.0079965
          ]
        ]
      }
    },
    {
      "type": "Feature",
      "properties": {
        "osm_id": "1418624867",
        "layer": "road",
        "bicycle": "no",
        "highway": "residential",
        "motor_vehicle": "no",
        "name": "Arunachalapuram Main Road"
      },
      "geometry": {
        "type": "LineString",
        "coordinates": [
          [
            80.2590294,
            13.0087091
          ],
          [
            80.2591946,
            13.0087027
          ]
        ]
      }
    },
    {
      "type": "Feature",
      "properties": {
        "osm_id": "1434299222",
        "layer": "road",
        "highway": "secondary",
        "oneway": "yes"
      },
      "geometry": {
        "type": "LineString",
        "coordinates": [
          [
            80.2591237,
            13.0073191
          ],
          [
            80.2588956,
            13.0073088
          ],
          [
            80.2588042,
            13.0073371
          ],
          [
            80.2587316,
            13.0074046
          ],
          [
            80.2586482,
            13.0074764
          ],
          [
            80.258616,
            13.0075262
          ]
        ]
      }
    },
    {
      "type": "Feature",
      "properties": {
        "osm_id": "1434299223",
        "layer": "road",
        "highway": "primary",
        "name": "Sardar Patel Road",
        "name:etymology:wikidata": "Q9455",
        "oneway": "yes"
      },
      "geometry": {
        "type": "LineString",
        "coordinates": [
          [
            80.2592592,
            13.0079965
          ],
          [
            80.2593488,
            13.0077821
          ],
          [
            80.2594277,
            13.007651
          ],
          [
            80.259397,
            13.0075292
          ],
          [
            80.2593064,
            13.0074195
          ],
          [
            80.2591237,
            13.0073191
          ]
        ]
      }
    },
    {
      "type": "Feature",
      "properties": {
        "osm_id": "1434510255",
        "layer": "building",
        "building": "yes"
      },
      "geometry": {
        "type": "Polygon",
        "coordinates": [
          [
            [
              80.2561489,
              13.0063094
            ],
            [
              80.2561505,
              13.0064438
            ],
            [
              80.256231,
              13.0064429
            ],
            [
              80.2562294,
              13.0063085
            ],
            [
              80.2561489,
              13.0063094
            ]
          ]
        ]
      }
    },
    {
      "type": "Feature",
      "properties": {
        "osm_id": "1434510256",
        "layer": "building",
        "building": "yes"
      },
      "geometry": {
        "type": "Polygon",
        "coordinates": [
          [
            [
              80.2564662,
              13.0063548
            ],
            [
              80.2564669,
              13.0064546
            ],
            [
              80.2562591,
              13.0064561
            ],
            [
              80.2562578,
              13.0062957
            ],
            [
              80.2562984,
              13.0062954
            ],
            [
              80.2562989,
              13.0063561
            ],
            [
              80.2564662,
              13.0063548
            ]
          ]
        ]
      }
    },
    {
      "type": "Feature",
      "properties": {
        "osm_id": "1453307105",
        "layer": "road",
        "highway": "primary_link"
      },
      "geometry": {
        "type": "LineString",
        "coordinates": [
          [
            80.2577211,
            13.0068228
          ],
          [
            80.2576776,
            13.0069162
          ]
        ]
      }
    },
    {
      "type": "Feature",
      "properties": {
        "osm_id": "1501772674",
        "layer": "road",
        "highway": "secondary",
        "oneway": "yes"
      },
      "geometry": {
        "type": "LineString",
        "coordinates": [
          [
            80.2596378,
            13.0074287
          ],
          [
            80.2597313,
            13.0073297
          ]
        ]
      }
    },
    {
      "type": "Feature",
      "properties": {
        "osm_id": "1501772675",
        "layer": "road",
        "highway": "secondary",
        "oneway": "yes"
      },
      "geometry": {
        "type": "LineString",
        "coordinates": [
          [
            80.2597313,
            13.0073297
          ],
          [
            80.2595638,
            13.0073368
          ]
        ]
      }
    },
    {
      "type": "Feature",
      "properties": {
        "osm_id": "1501772676",
        "layer": "road",
        "highway": "secondary",
        "oneway": "yes"
      },
      "geometry": {
        "type": "LineString",
        "coordinates": [
          [
            80.2594785,
            13.0073404
          ],
          [
            80.2591237,
            13.0073191
          ]
        ]
      }
    },
    {
      "type": "Feature",
      "properties": {
        "osm_id": "1501772677",
        "layer": "road",
        "highway": "secondary",
        "name": "Besant Avenue Road",
        "name:etymology:wikidata": "Q464318",
        "name:ta": "\u0baa\u0bc6\u0b9a\u0ba9\u0bcd\u0b9f\u0bcd \u0ba8\u0bbf\u0bb4\u0bb1\u0bcd\u0b9a\u0bbe\u0bb2\u0bc8",
        "surface": "asphalt"
      },
      "geometry": {
        "type": "LineString",
        "coordinates": [
          [
            80.2613293,
            13.0073837
          ],
          [
            80.2629871,
            13.0078034
          ],
          [
            80.2638866,
            13.00804
          ],
          [
            80.2641297,
            13.0080965
          ],
          [
            80.2641934,
            13.008109
          ],
          [
            80.2644335,
            13.0081026
          ],
          [
            80.2648699,
            13.0080652
          ],
          [
            80.2661926,
            13.0077093
          ],
          [
            80.2674137,
            13.0073808
          ],
          [
            80.2698144,
            13.0069389
          ],
          [
            80.2699406,
            13.0068997
          ],
          [
            80.2701478,
            13.0068053
          ]
        ]
      }
    },
    {
      "type": "Feature",
      "properties": {
        "osm_id": "1526280712",
        "layer": "road",
        "highway": "primary_link"
      },
      "geometry": {
        "type": "LineString",
        "coordinates": [
          [
            80.2580383,
            13.006796
          ],
          [
            80.2579796,
            13.0069422
          ],
          [
            80.2579295,
            13.007054
          ]
        ]
      }
    },
    {
      "type": "Feature",
      "properties": {
        "osm_id": "1530001431",
        "layer": "road",
        "highway": "residential",
        "name": "2nd Main Road"
      },
      "geometry": {
        "type": "LineString",
        "coordinates": [
          [
            80.2613293,
            13.0073837
          ],
          [
            80.2613306,
            13.0072761
          ]
        ]
      }
    },
    {
      "type": "Feature",
      "properties": {
        "osm_id": "1530001432",
        "layer": "road",
        "highway": "secondary",
        "name": "Besant Avenue Road",
        "name:etymology:wikidata": "Q464318",
        "name:ta": "\u0baa\u0bc6\u0b9a\u0ba9\u0bcd\u0b9f\u0bcd \u0ba8\u0bbf\u0bb4\u0bb1\u0bcd\u0b9a\u0bbe\u0bb2\u0bc8",
        "surface": "asphalt"
      },
      "geometry": {
        "type": "LineString",
        "coordinates": [
          [
            80.2598595,
            13.0072687
          ],
          [
            80.2599994,
            13.0072169
          ],
          [
            80.2602653,
            13.0071594
          ],
          [
            80.2606322,
            13.0072441
          ],
          [
            80.2611999,
            13.0073578
          ]
        ]
      }
    },
    {
      "type": "Feature",
      "properties": {
        "osm_id": "1530001433",
        "layer": "road",
        "highway": "secondary",
        "name": "Besant Avenue Road",
        "name:etymology:wikidata": "Q464318",
        "name:ta": "\u0baa\u0bc6\u0b9a\u0ba9\u0bcd\u0b9f\u0bcd \u0ba8\u0bbf\u0bb4\u0bb1\u0bcd\u0b9a\u0bbe\u0bb2\u0bc8",
        "surface": "asphalt"
      },
      "geometry": {
        "type": "LineString",
        "coordinates": [
          [
            80.2611999,
            13.0073578
          ],
          [
            80.2613293,
            13.0073837
          ]
        ]
      }
    }
  ]
}